CODIGO_ACCIDENTE,FECHA,HORA,GRAVEDAD,CLASE,CHOQUE,OBJETO_FIJO,DIRECCION,CODIGO_LOCALIDAD,DISENO_LUGAR
4401489,02/01/2015,13:10:00,3,1,4.0,10.0,KR 58D-CL 145 51,11,10
4401495,02/01/2015,17:15:00,2,1,4.0,10.0,CL 41-KR 11 SE 94,4,1
4401467,02/01/2015,17:30:00,3,1,4.0,6.0,CL 170-KR 55A 57,11,1
4401424,02/01/2015,19:00:00,2,1,4.0,1.0,KR 3-CL 87 89,2,1
4401486,02/01/2015,19:00:00,3,1,4.0,1.0,CL 139-KR 104 15,11,10
4401446,04/01/2015,09:15:00,2,1,4.0,1.0,AK 68-CL 17 02,16,1
4401559,04/01/2015,09:40:00,3,1,4.0,2.0,AV AVENIDA SUBA-CL 94D 60,11,1
4401561,05/01/2015,01:45:00,3,1,4.0,2.0,AV AVENIDA CIUDAD DE CALI-CL 7B S 25,8,1
4401627,05/01/2015,13:00:00,3,1,4.0,4.0,AK 68-CL 90 88,12,1
4404036,05/01/2015,16:30:00,3,1,4.0,2.0,CL 68-KR 18U S 02,19,1
4401715,06/01/2015,16:30:00,3,1,4.0,2.0,CL 1B-KR 50 16,16,1
4401792,08/01/2015,06:45:00,3,1,4.0,10.0,CL 19-KR 79 02,9,10
4401809,08/01/2015,10:30:00,3,1,4.0,3.0,CL 12D-KR 1 26,17,1
4401800,08/01/2015,16:20:00,3,1,4.0,10.0,CL 60A-KR 75I S 22,19,1
4401765,09/01/2015,01:10:00,3,1,4.0,6.0,KR 86-CL 162 57,1,1
4401768,09/01/2015,03:00:00,2,1,4.0,1.0,KR 80-CL 49A S 21,8,1
4401834,09/01/2015,09:00:00,3,1,4.0,2.0,KR 20B-CL 72A 33,12,1
4401913,09/01/2015,18:00:00,3,1,4.0,10.0,CL 13-KR 133 35,9,10
4401915,10/01/2015,10:30:00,1,1,4.0,2.0,CL 32B-KR 8F SE 07,4,1
4401876,10/01/2015,11:00:00,3,1,4.0,2.0,CL 73-KR 142 S 02,5,5
4401934,10/01/2015,11:00:00,3,1,4.0,6.0,CL 1-KR 8 02,3,1
4401931,10/01/2015,12:00:00,3,1,4.0,10.0,CL 42B-KR 52B S 16,16,1
4401878,10/01/2015,21:40:00,3,1,4.0,6.0,KR 29C-CL 14 S 52,15,1
4401887,10/01/2015,23:40:00,3,1,4.0,3.0,KR 4A-CL 26C 49,3,1
4401967,11/01/2015,16:30:00,3,1,4.0,10.0,KR 67A-CL 95 63,12,10
4401897,12/01/2015,12:40:00,3,1,4.0,6.0,CL 49BIS-KR 5D S 47,18,1
4402048,13/01/2015,09:00:00,3,1,4.0,10.0,KR 3-CL 49 02,2,10
4402058,13/01/2015,09:10:00,3,1,4.0,6.0,CL 90-KR 91 02,10,1
4402076,13/01/2015,13:30:00,3,1,4.0,10.0,KR 80J-CL 70F 19,7,1
4402075,13/01/2015,22:30:00,1,1,4.0,3.0,KR 19-CL 39B 34,13,1
4402174,14/01/2015,18:20:00,3,1,4.0,3.0,AV AVENIDA CIUDAD DE CALI-CL 22F 02,10,1
4402231,14/01/2015,19:30:00,3,1,4.0,6.0,KR 13-CL 44 ES 02,4,1
4402158,14/01/2015,20:30:00,3,1,4.0,6.0,CL 63-KR 1 69,2,1
4402151,14/01/2015,22:30:00,3,1,4.0,1.0,KR 4-CL 65 02,2,1
4402170,15/01/2015,13:05:00,3,1,4.0,2.0,CL 16-KR 29C S 02,16,1
4402420,16/01/2015,09:00:00,3,1,4.0,10.0,KR 3-CL 20 75,3,1
4402565,16/01/2015,12:30:00,2,1,4.0,10.0,KR 12D-CL 27 S 46,4,1
4402369,16/01/2015,13:30:00,3,1,4.0,2.0,CL 146F-KR 76 02,11,1
4402406,16/01/2015,16:20:00,2,1,4.0,1.0,CL 50-KR 5N S 02,18,1
4402462,17/01/2015,08:00:00,3,1,4.0,8.0,AK 68-CL 20 02,16,5
4402408,17/01/2015,15:20:00,2,1,4.0,2.0,DG 72C-TR 28 S 02,19,1
4402401,17/01/2015,15:30:00,3,1,4.0,6.0,KR 103B-CL 63B 06,10,1
4402568,17/01/2015,16:00:00,3,1,4.0,2.0,CL 73BIS-KR 4 S 02,5,1
4402532,17/01/2015,19:30:00,3,1,4.0,10.0,CL 67B-KR 62 S 34,19,1
4402388,18/01/2015,03:40:00,2,1,4.0,10.0,TR 50-CL 69D S 04,19,1
4402482,18/01/2015,07:30:00,3,1,4.0,2.0,CL 69-KR 175 10,19,1
4402432,18/01/2015,14:40:00,3,1,4.0,3.0,AC 13-KR 50 83,16,1
4402556,18/01/2015,22:30:00,2,1,4.0,1.0,CL 136A-KR 151A 02,11,1
4402515,19/01/2015,09:15:00,2,1,4.0,4.0,AV AVENIDA SUBA-KR 72 02,11,8
4402521,19/01/2015,10:10:00,3,1,4.0,6.0,AV AVENIDA BOYACA-CL 72 S 04,19,1
4402562,19/01/2015,10:40:00,3,1,4.0,2.0,DG 48-KR 61Q S 02,19,1
4402671,21/01/2015,01:00:00,3,1,4.0,10.0,KR 94A-CL 6C S 02,8,1
4402715,21/01/2015,10:50:00,3,1,4.0,2.0,KR 4-CL 60A 59,2,1
4402823,22/01/2015,16:45:00,3,1,4.0,10.0,KR 56-CL 93B 35,12,1
4402943,22/01/2015,19:00:00,3,1,4.0,6.0,CL 4A-KR 53B 84,16,1
4402911,23/01/2015,04:18:00,3,1,4.0,2.0,DG 16-KR 38 S 02,16,1
4402926,23/01/2015,11:00:00,3,1,4.0,2.0,CL 131BIS-KR 58 47,11,1
4402931,23/01/2015,19:50:00,3,1,4.0,2.0,KR 51B-CL 35 02,16,1
4402960,24/01/2015,02:50:00,3,1,4.0,6.0,CL 215-KR 51 02,11,1
4403125,24/01/2015,05:40:00,2,1,4.0,2.0,AV AVENIDA BOYACA-CL 67 01,10,1
4403007,24/01/2015,10:04:00,2,1,4.0,1.0,KR 27-CL 71IBIS S 02,19,1
4403150,24/01/2015,22:35:00,3,1,4.0,6.0,CL 53BBIS-KR 25 15,13,10
4403206,25/01/2015,05:45:00,3,1,4.0,4.0,CL 25-KR 86 S 50,8,10
4402980,25/01/2015,07:45:00,1,1,4.0,11.0,CL 36-KR 24B S 02,18,1
4403011,25/01/2015,13:00:00,2,1,4.0,2.0,KR 9A-CL 76A S 02,5,2
4403091,25/01/2015,16:30:00,3,1,4.0,10.0,KR 86B-CL 62B S 02,7,1
4403111,26/01/2015,05:00:00,3,1,4.0,6.0,TR 50-CL 48I S 24,6,1
4403212,26/01/2015,07:30:00,3,1,4.0,2.0,AC 3-KR 31D 35,16,3
4403214,26/01/2015,08:00:00,3,1,4.0,2.0,KR 32-CL 19A 69,16,1
4403188,26/01/2015,09:30:00,3,1,4.0,10.0,KR 94F-CL 87A 41,10,1
4403208,26/01/2015,09:30:00,3,1,4.0,2.0,CL 41H-KR 80F S 02,8,1
4403195,26/01/2015,10:20:00,3,1,4.0,2.0,CL 235-KR 52 77,11,1
4403152,26/01/2015,10:30:00,3,1,4.0,10.0,KR 34-CL 63 02,2,1
4403162,26/01/2015,21:30:00,3,1,4.0,4.0,TR 73-AC 11B 77,8,10
4403230,27/01/2015,05:45:00,2,1,4.0,10.0,CL 129-KR 86 02,11,1
4403324,27/01/2015,11:00:00,3,1,4.0,1.0,KR 10A-CL 134B 27,1,10
4403336,27/01/2015,12:01:00,3,1,4.0,1.0,KR 36-CL 11A 02,16,1
4403275,27/01/2015,14:00:00,3,1,4.0,2.0,KR 5D-CL 48J S 02,18,2
4403294,27/01/2015,15:00:00,3,1,4.0,6.0,CL 140C-KR 101C 01,11,1
4403665,27/01/2015,17:00:00,3,1,4.0,10.0,CL 15-KR 59 23,16,1
4403354,28/01/2015,07:30:00,3,1,4.0,10.0,KR 52-CL 141 33,11,1
4403343,28/01/2015,16:05:00,3,1,4.0,6.0,CL 2-KR 12A S 21,15,1
4403452,28/01/2015,22:00:00,3,1,4.0,1.0,CL 2BIS-KR 52B 48,16,1
4403454,28/01/2015,22:10:00,2,1,4.0,11.0,AK 68-CL 75A 02,12,1
4403709,30/01/2015,10:30:00,3,1,4.0,10.0,CL 78-KR 76 02,10,1
4403470,30/01/2015,19:45:00,2,1,4.0,2.0,KR 80L-CL 84B S 02,7,2
4403625,31/01/2015,06:00:00,3,1,4.0,1.0,CL 48R-KR 5B 36,18,1
4403566,31/01/2015,09:00:00,3,1,4.0,10.0,KR 9-CL 56 S 60,6,1
4403642,31/01/2015,10:10:00,3,1,4.0,6.0,CL 12-KR 35 50,16,10
4403600,31/01/2015,12:00:00,3,1,4.0,2.0,CL 112-KR 66 02,10,2
4403575,31/01/2015,14:17:00,3,1,4.0,10.0,CL 127-KR 54A 50,11,1
4407997,31/01/2015,14:40:00,3,1,4.0,10.0,KR 24A-CL 19 S 34,8,1
4403671,31/01/2015,20:00:00,3,1,4.0,2.0,KR 1-CL 12B 02,17,1
4403688,01/02/2015,01:00:00,2,1,4.0,10.0,KR 30-CL 50 06,13,1
4403502,01/02/2015,02:30:00,2,1,4.0,8.0,CL 94-KR 21 37,2,1
4403685,01/02/2015,09:30:00,2,1,4.0,2.0,KR 12-CL 4A 02,3,1
4403543,01/02/2015,09:40:00,2,1,4.0,8.0,AV AVENIDA DE LAS AMERICAS-CL 43 02,16,1
4403705,01/02/2015,11:25:00,2,1,4.0,10.0,KR 3-CL 31D ES 26,4,1
4403750,01/02/2015,21:25:00,2,1,4.0,1.0,AV AVENIDA CARACAS-CL 19 02,16,1
4403556,01/02/2015,22:00:00,2,1,4.0,11.0,AK 30-CL 40A 50,13,1
4404046,02/02/2015,01:40:00,2,1,4.0,1.0,AV AVENIDA DE LAS AMERICAS-KR 68A 02,8,1
4403793,02/02/2015,02:35:00,3,1,4.0,1.0,KR 9-CL 100 02,1,5
4403715,02/02/2015,11:40:00,3,1,4.0,2.0,CL 49BBIS-KR 2BIS SE 02,18,2
4403977,03/02/2015,09:40:00,3,1,4.0,6.0,CL 06-KR 06A E 54,3,1
4404438,03/02/2015,12:20:00,3,1,4.0,8.0,CL 19A-KR 88 02,9,1
4403955,03/02/2015,13:30:00,3,1,4.0,10.0,CL 19C-KR 34 51,16,1
4403982,03/02/2015,16:40:00,2,1,4.0,4.0,KR 59-CL 94 02,12,1
4403992,04/02/2015,00:05:00,3,1,4.0,10.0,KR 7-CL 106 43,1,1
4403948,04/02/2015,09:00:00,3,1,4.0,6.0,TR 1-CL 25 S 04,4,1
4404055,04/02/2015,16:00:00,3,1,4.0,10.0,CL 94-KR 9 52,2,1
4403959,05/02/2015,02:10:00,2,1,4.0,6.0,CL 24-KR 69A 57,9,1
4403993,05/02/2015,10:15:00,2,1,4.0,2.0,KR 58C-CL 131A 02,11,1
4404063,05/02/2015,13:00:00,3,1,4.0,2.0,TR 126D-CL 132D 02,11,1
4404026,05/02/2015,14:00:00,3,1,4.0,2.0,CL 5C-KR 53D 02,16,1
4403996,05/02/2015,14:30:00,2,1,4.0,1.0,AV AVENIDA CIUDAD DE VILLAVICENCIO-AV AVENIDA PRIMERO DE MAYO 02,8,1
4404035,05/02/2015,16:30:00,3,1,4.0,2.0,KR 52-CL 40 S 36,16,1
4403991,05/02/2015,17:15:00,2,1,4.0,11.0,CL 26-KR 38 05,13,1
4404011,05/02/2015,21:55:00,2,1,4.0,2.0,AV AVENIDA DEL SUR-KR 58A 02,6,1
4404022,06/02/2015,04:30:00,3,1,4.0,10.0,KR 88-CL 189 06,1,1
4404096,06/02/2015,09:30:00,3,1,4.0,10.0,KR 15-CL 127B 78,1,1
4404118,06/02/2015,11:00:00,3,1,4.0,10.0,KR 51-CL 76 14,12,1
4410229,06/02/2015,14:30:00,3,1,4.0,2.0,CL 92-KR 12 02,2,5
4404188,07/02/2015,08:40:00,2,1,4.0,10.0,CL 63-KR 81F S 02,7,1
4404187,07/02/2015,11:45:00,2,1,4.0,10.0,KR 23-CL 68 76,12,1
4404195,07/02/2015,12:20:00,2,1,4.0,6.0,CL 39-KR 4 SE 56,4,1
4404175,07/02/2015,13:00:00,2,1,4.0,10.0,CL 51-KR 89A S 28,7,1
4404311,07/02/2015,15:10:00,3,1,4.0,11.0,CL 53-KR 27A 02,13,1
4404140,07/02/2015,23:45:00,2,1,4.0,1.0,AV AVENIDA DE LAS AMERICAS-KR 69B 02,8,1
4404230,08/02/2015,05:30:00,3,1,4.0,10.0,KR 1B-CL 90A ES 35,5,1
4404384,09/02/2015,05:10:00,3,1,4.0,3.0,KR 7-CL 74 26,2,1
4404454,09/02/2015,12:00:00,3,1,4.0,6.0,CL 12B-KR 3 16,17,1
4404420,09/02/2015,12:30:00,3,1,4.0,2.0,CL 27-KR 19 02,18,1
4404407,09/02/2015,15:40:00,3,1,4.0,10.0,CL 31-KR 96A 54,9,10
4404199,09/02/2015,19:10:00,2,1,4.0,10.0,AC 71-KR 4 SE 02,5,1
4404424,10/02/2015,08:30:00,3,1,4.0,10.0,CL 95-KR 67 12,12,1
4404766,11/02/2015,06:05:00,3,1,4.0,10.0,CL 129-KR 104C 02,11,1
4404831,12/02/2015,08:50:00,3,1,4.0,2.0,CL 54A-KR 72A 42,7,1
4404743,12/02/2015,13:00:00,3,1,4.0,10.0,KR 110-CL 17C 02,9,1
4404789,12/02/2015,13:30:00,3,1,4.0,10.0,CL 94A-KR 11A 02,2,1
4404592,12/02/2015,14:00:00,2,1,4.0,10.0,KR 72A-CL 48 72,10,1
4404632,12/02/2015,16:00:00,2,1,4.0,10.0,KR 27-CL 39 S 51,5,1
4404803,13/02/2015,02:28:00,3,1,4.0,6.0,CL 12B-KR 71D 60,8,1
4404759,13/02/2015,11:20:00,3,1,4.0,10.0,CL 6A-KR 25A 02,14,1
4404984,13/02/2015,15:30:00,3,1,4.0,10.0,CL 31B-KR 29 S 60,18,1
4405080,13/02/2015,20:00:00,3,1,4.0,8.0,KR 112A-CL 72A 79,10,1
4404808,13/02/2015,22:30:00,3,1,4.0,10.0,KR 70H-CL 116 35,11,1
4404992,13/02/2015,22:30:00,3,1,4.0,10.0,TR 13-CL 42 S 73,18,1
4404778,13/02/2015,22:36:00,3,1,4.0,10.0,DG 5A-AK 73 02,8,1
4404837,14/02/2015,07:00:00,3,1,4.0,2.0,AC 26-KR 72 02,9,5
4405151,14/02/2015,07:00:00,3,1,4.0,2.0,CL 79-KR 69Q 56,10,1
4408644,14/02/2015,19:10:00,3,1,4.0,6.0,CL 167A-KR 67 02,11,1
4405052,14/02/2015,21:30:00,3,1,4.0,6.0,CL 50A-KR 5T S 48,18,1
4405175,15/02/2015,01:00:00,2,1,4.0,1.0,AK 30-CL 33 02,13,1
4404652,15/02/2015,05:40:00,2,1,4.0,2.0,KR 69B-CL 17 02,9,2
4405170,15/02/2015,13:30:00,3,1,4.0,11.0,AK 72-CL 152 59,11,10
4408885,15/02/2015,14:30:00,3,1,4.0,1.0,KR 7-CL 145 30,1,1
4404686,15/02/2015,23:00:00,2,1,4.0,1.0,AC 68-KR 58 02,12,2
4405193,16/02/2015,03:30:00,3,1,4.0,6.0,KR 68G-CL 38C S 45,8,1
4405026,16/02/2015,10:59:00,3,1,4.0,10.0,KR 37A-DG 16 S 02,16,1
4404998,16/02/2015,13:36:00,3,1,4.0,6.0,KR 28-CL 70 25,12,1
4405031,16/02/2015,14:30:00,3,1,4.0,6.0,KR 12-CL 20A ES 07,4,1
4405174,17/02/2015,14:30:00,3,1,4.0,2.0,KR 40-CL 17B 02,16,1
4404969,17/02/2015,22:10:00,2,1,4.0,10.0,TR 94-CL 25D 02,9,1
4404934,18/02/2015,00:30:00,1,1,4.0,3.0,AK 68-DG 55 65,10,1
4405222,18/02/2015,02:10:00,2,1,4.0,11.0,KR 7-CL 138 02,1,1
4405405,18/02/2015,05:00:00,3,1,4.0,1.0,AK 45-CL 22 02,1,1
4405267,18/02/2015,12:35:00,3,1,4.0,1.0,KR 51-CL 167 02,11,1
4405304,18/02/2015,15:00:00,3,1,4.0,10.0,AC 63-KR 74B 42,10,10
4405475,18/02/2015,16:30:00,3,1,4.0,10.0,KR 17-CL 53 S 40,6,1
4405422,18/02/2015,17:30:00,3,1,4.0,2.0,TR 13C-CL 46F S 25,4,1
4405507,19/02/2015,20:15:00,3,1,4.0,10.0,CL 94-KR 13 18,2,1
4405524,19/02/2015,21:00:00,3,1,4.0,10.0,CL 26-KR 13A 02,3,1
4405350,20/02/2015,12:30:00,2,1,4.0,4.0,CL 26-KR 124 02,9,1
4405611,20/02/2015,12:50:00,3,1,4.0,8.0,AV AVENIDA CIUDAD DE CALI-AV AVENIDA LUIS CARLOS GALAN 02,9,10
4405636,20/02/2015,14:40:00,3,1,4.0,2.0,AV AVENIDA CARACAS-CL 02 S 02,15,1
4405805,21/02/2015,03:00:00,3,1,4.0,10.0,KR 72I-CL 45 S 02,8,1
4405899,21/02/2015,10:00:00,3,1,4.0,9.0,CL 16-KR 18 SE 49,4,1
4405752,21/02/2015,20:10:00,2,1,4.0,1.0,CL 10-KR 90 02,8,1
4405415,22/02/2015,01:10:00,2,1,4.0,11.0,TR 33-CL 56C S 02,6,1
4405448,23/02/2015,07:10:00,2,1,4.0,1.0,AV AVENIDA CARACAS-CL 55 02,2,2
4405789,23/02/2015,08:30:00,3,1,4.0,2.0,KR 105C-CL 131A 02,11,1
4405473,23/02/2015,09:00:00,2,1,4.0,10.0,CL 42B-KR 84 S 03,8,1
4405874,23/02/2015,09:40:00,3,1,4.0,2.0,CL 63-KR 97 10,10,10
4405785,23/02/2015,16:00:00,3,1,4.0,10.0,CL 128B-KR 58C 37,11,10
4405817,23/02/2015,18:30:00,3,1,4.0,10.0,CL 13-KR 80BIS S 02,8,10
4405813,23/02/2015,21:30:00,3,1,4.0,11.0,DG 51A-KR 25 S 04,6,1
4406007,24/02/2015,10:00:00,3,1,4.0,2.0,KR 78-CL 51 45,10,1
4405508,24/02/2015,10:50:00,2,1,4.0,8.0,AK 68-CL 22 02,16,1
4406083,24/02/2015,11:30:00,3,1,4.0,10.0,CL 70C-KR 17D 02,19,1
4405994,24/02/2015,20:30:00,3,1,4.0,1.0,AK 68-CL 55 02,16,1
4406087,25/02/2015,10:10:00,3,1,4.0,10.0,AK 45-CL 118 79,11,10
4406150,25/02/2015,16:00:00,3,1,4.0,10.0,AK 9-CL 113 52,1,10
4405823,25/02/2015,18:30:00,2,1,4.0,11.0,AK 30-CL 39A 54,13,1
4406094,25/02/2015,22:40:00,3,1,4.0,6.0,CL 72-KR 66 47,12,1
4406259,26/02/2015,08:48:00,3,1,4.0,10.0,KR 20B-CL 11 ES 16,4,1
4406270,26/02/2015,14:30:00,3,1,4.0,10.0,CL 2B-KR 40B 02,16,1
4406232,27/02/2015,05:30:00,3,1,4.0,5.0,AV AVENIDA CIUDAD DE CALI-CL 66A 02,10,1
4406261,27/02/2015,11:10:00,3,1,4.0,2.0,CL 136-KR 159 02,11,1
4406165,27/02/2015,21:45:00,2,1,4.0,1.0,KR 78B-CL 35 S 02,8,1
4406390,28/02/2015,01:40:00,3,1,4.0,10.0,CL 67-KR 23 02,13,1
4406427,28/02/2015,13:00:00,3,1,4.0,2.0,KR 10-CL 48A S 02,18,1
4406405,28/02/2015,14:30:00,3,1,4.0,10.0,KR 66-CL 3 23,16,1
4406411,28/02/2015,20:00:00,3,1,4.0,10.0,CL 58L-KR 80B S 02,7,1
4406532,01/03/2015,13:00:00,3,1,4.0,1.0,AK 68-CL 9 02,16,1
4406552,01/03/2015,20:30:00,3,1,4.0,10.0,KR 12-CL 43A ES 18,4,1
4406492,02/03/2015,07:40:00,3,1,4.0,10.0,TR 112ABIS-CL 64C 02,10,1
4406299,02/03/2015,12:10:00,2,1,4.0,2.0,CL 57-KR 75I S 95,7,1
4406566,02/03/2015,14:30:00,3,1,4.0,2.0,TR 80C-CL 94A S 02,19,1
4406464,02/03/2015,17:00:00,3,1,4.0,2.0,CL 182C-KR 5B 40,1,1
4406454,03/03/2015,15:25:00,2,1,4.0,10.0,KR 29-CL 78 55,12,1
4406640,03/03/2015,16:51:00,3,1,4.0,10.0,AK 30-CL 52 77,12,10
4406614,03/03/2015,17:25:00,3,1,4.0,2.0,KR 42ABIS-CL 13 60,16,1
4406307,03/03/2015,19:30:00,1,1,4.0,6.0,CL 52B-KR 10 SE 17,4,1
4406589,03/03/2015,22:10:00,3,1,4.0,6.0,DG 77BBIS-TR 77GBISB S 02,7,1
4406757,04/03/2015,05:10:00,2,1,4.0,4.0,AC 10-KR 47 02,12,1
4406762,04/03/2015,10:00:00,3,1,4.0,10.0,AC 60G-KR 18 S 02,19,1
4406619,04/03/2015,10:30:00,3,1,4.0,10.0,KR 18-CL 10 05,14,1
4406672,04/03/2015,11:00:00,3,1,4.0,4.0,TR 113-CL 66 25,10,1
4406611,04/03/2015,11:10:00,2,1,4.0,6.0,KR 17A-CL 75B S 27,19,1
4406867,05/03/2015,01:00:00,3,1,4.0,1.0,AC 26-KR 33 30,13,1
4406871,05/03/2015,01:00:00,3,1,4.0,1.0,AV AVENIDA CARACAS-CL 20 02,14,1
4406861,05/03/2015,18:45:00,3,1,4.0,10.0,CL 86A-KR 70D 02,10,10
4406925,05/03/2015,19:15:00,3,1,4.0,10.0,KR 8A-CL 47A ES 02,4,1
4406864,06/03/2015,04:35:00,3,1,4.0,8.0,CL 26-KR 109 02,9,1
4406981,07/03/2015,03:00:00,3,1,4.0,10.0,AV AVENIDA BOYACA-CL 75 S 02,19,10
4407001,07/03/2015,10:30:00,3,1,4.0,6.0,KR 77T-CL 54 S 07,8,1
4407106,08/03/2015,03:30:00,3,1,4.0,2.0,KR 106A-CL 70C 02,10,1
4407491,08/03/2015,04:50:00,1,1,4.0,1.0,CL 52-KR 97 S 02,7,1
4407065,08/03/2015,20:00:00,3,1,4.0,2.0,AV AVENIDA PRIMERO DE MAYO-CL 27 49,16,1
4407099,08/03/2015,20:00:00,3,1,4.0,10.0,KR 63-CL 57B S 02,7,1
4407182,09/03/2015,22:30:00,3,1,4.0,1.0,CL 49-KR 89B S 31,7,10
4407181,10/03/2015,08:30:00,3,1,4.0,10.0,CL 26-KR 106 02,9,1
4407199,11/03/2015,01:00:00,3,1,4.0,6.0,KR 81J-CL 45 S 80,8,1
4407083,11/03/2015,02:00:00,2,1,4.0,1.0,CL 22-KR 28 S 63,15,1
4407253,11/03/2015,16:00:00,3,1,4.0,1.0,KR 17-CL 66 44,12,1
4407401,11/03/2015,20:00:00,3,1,4.0,3.0,CL 148-KR 13 36,1,1
4407335,12/03/2015,07:41:00,2,1,4.0,10.0,CL 97-KR 58 26,12,1
4407472,12/03/2015,17:00:00,3,1,4.0,10.0,KR 12-CL 119 76,1,1
4407415,12/03/2015,22:10:00,3,1,4.0,8.0,KR 47A-CL 116 02,11,1
4407509,14/03/2015,08:10:00,2,1,4.0,1.0,KR 9-CL 124 02,1,1
4407635,14/03/2015,17:45:00,3,1,4.0,2.0,KR 24DBIS-CL 16 S 42,15,1
4407600,14/03/2015,20:00:00,2,1,4.0,6.0,CL 42G-KR 86C S 55,8,1
4407639,14/03/2015,20:30:00,3,1,4.0,2.0,KR 1-CL 114 S 02,5,1
4407760,15/03/2015,05:40:00,3,1,4.0,6.0,CL 43-KR 9 SE 82,4,1
4407747,15/03/2015,10:45:00,3,1,4.0,6.0,CL 76-KR 55 02,12,1
4407784,16/03/2015,04:40:00,3,1,4.0,8.0,CL 68-KR 28B 12,12,1
4407786,16/03/2015,09:40:00,3,1,4.0,2.0,DG 68K-KR 24 S 10,19,1
4407745,16/03/2015,21:00:00,2,1,4.0,6.0,KR 77-CL 68A S 15,19,1
4407798,17/03/2015,00:10:00,3,1,4.0,1.0,AC 1-KR 24B 23,15,1
4407804,17/03/2015,10:15:00,2,1,4.0,10.0,KR 9BIS-CL 48I 02,18,1
4407870,17/03/2015,13:30:00,3,1,4.0,8.0,CL 26-KR 10 02,3,1
4407857,17/03/2015,14:20:00,3,1,4.0,10.0,TR 26-CL 92 32,10,1
4407830,18/03/2015,01:50:00,3,1,4.0,5.0,AV AVENIDA CIUDAD DE VILLAVICENCIO-KR 79 02,8,1
4407951,18/03/2015,07:30:00,3,1,4.0,6.0,CL 90D-KR 2 S 23,5,1
4407892,18/03/2015,10:00:00,3,1,4.0,10.0,TR 94L-CL 82B 38,10,1
4408057,19/03/2015,15:30:00,3,1,4.0,2.0,AK 30-CL 13 02,14,1
4408244,20/03/2015,07:45:00,3,1,4.0,2.0,CL 146F-KR 75B 15,11,1
4408249,20/03/2015,09:00:00,3,1,4.0,2.0,KR 5-CL 48G S 00,18,10
4408201,20/03/2015,16:30:00,3,1,4.0,10.0,CL 18A-KR 68D 34,9,10
4408041,20/03/2015,22:20:00,3,1,4.0,10.0,KR 99-CL 16I 41,9,10
4408114,21/03/2015,01:30:00,2,1,4.0,11.0,CL 58-KR 18C S 02,6,1
4408082,21/03/2015,03:10:00,2,1,4.0,10.0,CL 64-KR 37 S 02,19,1
4408297,21/03/2015,05:00:00,3,1,4.0,6.0,CL 163-KR 74 02,11,2
4408265,21/03/2015,06:30:00,2,1,4.0,5.0,KR 7-CL 92 02,2,1
4408148,21/03/2015,17:10:00,2,1,4.0,10.0,CL 163-KR 8D 17,1,1
4408163,21/03/2015,23:30:00,2,1,4.0,1.0,CL 150A-KR 101 20,11,1
4408124,22/03/2015,00:01:00,2,1,4.0,4.0,KR 10-CL 6 02,3,4
4408390,22/03/2015,17:30:00,3,1,4.0,6.0,KR 73B-CL 40F S 03,8,10
4408302,23/03/2015,17:30:00,3,1,4.0,6.0,CL 27B-TR 35BIS S 02,15,2
4408477,24/03/2015,18:00:00,2,1,4.0,11.0,KR 89B-CL 50 S 20,7,1
4408437,24/03/2015,20:30:00,3,1,4.0,6.0,KR 7-CL 126A 88,1,10
4408730,27/03/2015,01:00:00,2,1,4.0,1.0,AV AVENIDA BOYACA-KR 19 02,6,4
4408786,27/03/2015,13:10:00,2,1,4.0,6.0,KR 18L-CL 65B S 37,19,1
4408867,27/03/2015,16:40:00,3,1,4.0,10.0,CL 21-KR 44 02,16,1
4408766,28/03/2015,12:40:00,2,1,4.0,6.0,CL 24A-KR 10 SE 53,4,1
4408760,28/03/2015,18:50:00,1,1,4.0,1.0,CL 38A-KR 50 S 02,16,4
4408852,28/03/2015,22:00:00,3,1,4.0,2.0,AV AVENIDA BOYACA-CL 12 S 85,19,1
4408881,29/03/2015,09:30:00,3,1,4.0,10.0,AK 15-CL 135C 50,1,10
4408865,29/03/2015,16:39:00,3,1,4.0,10.0,KR 69-CL 98 74,11,2
4408905,29/03/2015,22:30:00,2,1,4.0,1.0,CL 53-KR 46 76,13,1
4408916,30/03/2015,00:30:00,3,1,4.0,1.0,KR 68-CL 64 02,12,1
4408896,30/03/2015,08:40:00,2,1,4.0,6.0,CL 62I-KR 74D S 24,19,2
4408959,30/03/2015,10:30:00,3,1,4.0,2.0,CL 51BIS-KR 78G 02,8,1
4408962,30/03/2015,20:00:00,3,1,4.0,10.0,CL 69M-KR 42 S 02,19,1
4408938,30/03/2015,21:00:00,3,1,4.0,2.0,DG 51-KR 61A S 10,6,1
4409056,31/03/2015,13:38:00,3,1,4.0,2.0,AC 16-KR 30 02,14,1
4409037,31/03/2015,15:00:00,3,1,4.0,6.0,DG 41-KR 34D S 52,18,10
4409065,31/03/2015,16:30:00,2,1,4.0,2.0,KR 18C-CL 69N 16,19,1
4409061,01/04/2015,04:20:00,3,1,4.0,2.0,CL 72-KR 111D 02,10,1
4409191,01/04/2015,14:55:00,3,1,4.0,2.0,AV AVENIDA CIRCUNVALAR-CL 84A 02,2,13
4409246,03/04/2015,00:05:00,3,1,4.0,10.0,CL 8A-KR 88 S 90,8,10
4409209,03/04/2015,02:25:00,2,1,4.0,10.0,AV AVENIDA BOYACA-KR 3J E 21,5,1
4409329,03/04/2015,06:10:00,3,1,4.0,4.0,AK 45-CL 142 02,1,1
4409126,03/04/2015,08:00:00,2,1,4.0,2.0,KR 28-CL 70 S 01,19,1
4409388,03/04/2015,08:40:00,3,1,4.0,9.0,CL 36-KR 3A SE 76,4,1
4409374,03/04/2015,11:15:00,3,1,4.0,10.0,KR 94C-CL 132 02,11,1
4409360,03/04/2015,18:00:00,3,1,4.0,10.0,CL 169B-KR 75 73,11,10
4409364,03/04/2015,19:10:00,3,1,4.0,10.0,KR 30-CL 29 S 35,15,1
4409079,04/04/2015,11:30:00,1,1,4.0,10.0,CL 72H-KR 35C S 18,19,1
4409282,04/04/2015,13:30:00,3,1,4.0,3.0,CL 71A-KR 96 02,10,2
4409286,04/04/2015,15:30:00,3,1,4.0,6.0,AV AVENIDA BOYACA-CL 68B S 22,19,1
4409279,04/04/2015,19:10:00,3,1,4.0,10.0,KR 100-CL 26 02,9,1
4409333,04/04/2015,23:10:00,3,1,4.0,2.0,CL 68-KR 68 02,10,1
4409254,05/04/2015,14:30:00,2,1,4.0,10.0,CL 24F-KR 100 02,9,2
4409401,05/04/2015,15:00:00,2,1,4.0,10.0,KR 13A-CL 40F S 71,18,1
4409399,05/04/2015,18:50:00,3,1,4.0,10.0,KR 11-CL 67D ES 65,5,10
4409486,06/04/2015,15:20:00,3,1,4.0,10.0,KR 7-CL 187C 15,1,11
4409598,08/04/2015,10:30:00,3,1,4.0,2.0,KR 8B-CL 32B ES 02,4,1
4409692,08/04/2015,10:40:00,3,1,4.0,2.0,CL 90-KR 6B SE 02,5,1
4409621,08/04/2015,16:20:00,2,1,4.0,10.0,CL 18-KR 106 45,9,1
4409544,08/04/2015,23:15:00,3,1,4.0,2.0,CL 34-KR 24 02,13,1
4409716,09/04/2015,10:40:00,3,1,4.0,6.0,KR 3-CL 30A ES 51,4,1
4409690,09/04/2015,13:00:00,1,1,4.0,4.0,AV AVENIDA SUBA-AV AVENIDA BOYACA 02,11,6
4409714,09/04/2015,19:30:00,3,1,4.0,10.0,KR 17H-CL 87C S 25,5,1
4409865,10/04/2015,10:00:00,3,1,4.0,10.0,KR 70-CL 71B 26,10,1
4409885,10/04/2015,12:00:00,3,1,4.0,2.0,CL 64-KR 112 02,10,2
4409855,10/04/2015,16:50:00,2,1,4.0,1.0,AV AVENIDA DE LAS AMERICAS-KR 32C 02,13,1
4409810,11/04/2015,06:15:00,2,1,4.0,10.0,AC 26-KR 73 22,10,1
4409917,11/04/2015,10:00:00,3,1,4.0,2.0,KR 19A-CL 13 ES 17,4,1
4409919,11/04/2015,13:20:00,3,1,4.0,10.0,DG 115A-KR 70C 08,11,1
4409930,11/04/2015,14:50:00,3,1,4.0,2.0,CL 63-KR 9A 23,2,1
4409922,11/04/2015,16:00:00,3,1,4.0,2.0,CL 27A-KR 5 SE 36,4,1
4409953,11/04/2015,17:20:00,2,1,4.0,10.0,KR 13-CL 31A S 02,18,1
4409817,11/04/2015,20:50:00,2,1,4.0,2.0,AV AVENIDA BOYACA-CL 79A 14,10,1
4410019,12/04/2015,03:10:00,3,1,4.0,6.0,AK 68-CL 28 S 33,8,1
4409824,12/04/2015,04:55:00,2,1,4.0,10.0,AV AVENIDA BOYACA-CL 2B S 12,8,1
4409969,12/04/2015,05:50:00,3,1,4.0,1.0,AV AVENIDA BOYACA-KR 18KBIS 02,19,1
4410026,12/04/2015,07:05:00,3,1,4.0,10.0,KR 79B-CL 41F S 62,8,1
4410000,12/04/2015,15:20:00,3,1,4.0,10.0,KR 70B-CL 2B S 36,8,1
4409904,12/04/2015,15:40:00,1,1,4.0,1.0,KR 12-CL 46 ES 31,4,1
4409909,12/04/2015,16:20:00,1,1,4.0,2.0,KR 33-CL 39 S 06,18,1
4410040,13/04/2015,14:40:00,3,1,4.0,10.0,CL 76-KR 14 02,2,2
4410080,13/04/2015,15:30:00,3,1,4.0,10.0,CL 18-KR 24G S 10,15,1
4409996,13/04/2015,21:10:00,2,1,4.0,11.0,CL 63-KR 50 02,12,1
4410191,14/04/2015,14:00:00,3,1,4.0,10.0,CL 8A-KR 182B 70,8,1
4410300,15/04/2015,07:49:00,2,1,4.0,10.0,TR 68-CL 30 S 11,8,1
4410274,15/04/2015,14:50:00,3,1,4.0,6.0,DG 68B-KR 14V SE 02,5,1
4410266,15/04/2015,18:07:00,3,1,4.0,10.0,KR 13-CL 72 02,2,1
4410538,16/04/2015,02:00:00,3,1,4.0,2.0,KR 88A-CL 26 S 05,8,1
4410316,16/04/2015,06:40:00,3,1,4.0,6.0,CL 23-KR 66 02,13,1
4410537,16/04/2015,13:30:00,3,1,4.0,10.0,KR 9-CL 34 ES 09,4,5
4410354,16/04/2015,14:28:00,2,1,4.0,1.0,AK 68-CL 9A S 23,16,1
4410526,16/04/2015,19:30:00,3,1,4.0,10.0,KR 8B-CL 192 02,1,1
4410521,17/04/2015,20:30:00,2,1,4.0,4.0,AV AVENIDA BOYACA-CL 4 02,8,1
4410434,18/04/2015,02:00:00,1,1,4.0,2.0,AV AVENIDA DE LAS AMERICAS-KR 69C 21,8,1
4410695,18/04/2015,06:00:00,3,1,4.0,2.0,CL 49-KR 7 SE 02,4,1
4410459,18/04/2015,07:05:00,2,1,4.0,2.0,KR 61G-DG 49 S 02,6,1
4410616,18/04/2015,10:00:00,3,1,4.0,10.0,CL 128C-KR 53A 34,11,1
4410681,18/04/2015,10:55:00,3,1,4.0,10.0,CL 116-KR 70C 57,11,1
4410646,18/04/2015,19:30:00,3,1,4.0,10.0,KR 6-CL 46D ES 62,4,1
4410485,19/04/2015,03:40:00,2,1,4.0,2.0,KR 8-CL 32 ES 25,4,1
4410720,19/04/2015,15:00:00,3,1,4.0,6.0,KR 132-CL 129A 10,11,1
4410490,20/04/2015,02:25:00,2,1,4.0,11.0,CL 1-KR 26 02,14,1
4410797,20/04/2015,10:15:00,3,1,4.0,10.0,CL 50-KR 93D S 02,7,1
4410775,20/04/2015,12:10:00,2,1,4.0,2.0,AV AVENIDA CIRCUNVALAR-DG 73 02,2,1
4410855,20/04/2015,23:00:00,3,1,4.0,5.0,AC 6-KR 7 02,17,1
4410674,21/04/2015,00:10:00,2,1,4.0,11.0,AV AVENIDA DEL SUR-CL 38A S 02,15,1
4410853,21/04/2015,04:30:00,3,1,4.0,10.0,CL 31B-KR 26A S 20,18,1
4410998,23/04/2015,23:50:00,3,1,4.0,10.0,AV AVENIDA SUBA-KR 92 02,11,1
4411120,24/04/2015,12:00:00,3,1,4.0,10.0,KR 17-CL 10 02,14,1
4411056,25/04/2015,01:30:00,2,1,4.0,1.0,CL 1-KR 11A 90,3,1
4411257,25/04/2015,02:50:00,3,1,4.0,10.0,KR 2-CL 43B ES 35,4,1
4411090,25/04/2015,07:50:00,2,1,4.0,2.0,CL 69H-KR 18L S 02,19,1
4411271,25/04/2015,10:00:00,3,1,4.0,10.0,AV AVENIDA BOYACA-CL 80 S 10,5,6
4411228,25/04/2015,10:45:00,3,1,4.0,2.0,CL 26-TR 96 02,10,1
4411336,26/04/2015,04:27:00,3,1,4.0,1.0,CL 136-KR 17A 85,1,1
4411361,26/04/2015,15:40:00,3,1,4.0,1.0,AC 26-KR 78 20,10,1
4411337,26/04/2015,22:30:00,3,1,4.0,6.0,KR 118-CL 86 02,10,1
4411154,26/04/2015,22:50:00,2,1,4.0,1.0,AC 26-KR 25G 02,9,2
4411327,27/04/2015,16:00:00,3,1,4.0,5.0,KR 86-CL 75 02,10,1
4411325,27/04/2015,22:15:00,3,1,4.0,1.0,KR 1-CL 55 S 02,18,1
4411472,28/04/2015,22:30:00,3,1,4.0,3.0,AK 45-CL 222 02,1,1
4411583,29/04/2015,06:00:00,3,1,4.0,4.0,CL 19-KR 19 02,14,1
4411548,29/04/2015,12:30:00,3,1,4.0,10.0,TR 84-CL 136 94,11,10
4411561,29/04/2015,14:00:00,3,1,4.0,10.0,CL 25-KR 32 22,13,10
4411825,30/04/2015,19:00:00,3,1,4.0,2.0,CL 68A-KR 19 S 23,19,1
4411748,30/04/2015,23:45:00,3,1,4.0,6.0,AC 6-KR 40 02,16,1
4411824,01/05/2015,07:00:00,3,1,4.0,1.0,AV AVENIDA BOYACA-CL 52 02,10,1
4411802,01/05/2015,10:28:00,3,1,4.0,2.0,CL 22C-KR 9BIS SE 02,4,2
4411794,01/05/2015,10:40:00,3,1,4.0,6.0,CL 29BIS-KR 26C S 51,6,2
4411761,01/05/2015,12:00:00,3,1,4.0,10.0,CL 116-KR 22 15,1,1
4411811,01/05/2015,19:30:00,3,1,4.0,6.0,KR 17-CL 56A S 02,6,1
4411684,02/05/2015,17:30:00,2,1,4.0,10.0,AV AVENIDA CARACAS-CL 66 02,2,1
4411727,03/05/2015,10:05:00,2,1,4.0,1.0,KR 113-CL 106A 75,11,1
4411935,04/05/2015,17:40:00,3,1,4.0,2.0,CL 64C-KR 32 S 02,19,2
4411933,05/05/2015,03:50:00,3,1,4.0,4.0,AV AVENIDA BOYACA-CL 53A 02,10,1
4412063,05/05/2015,13:30:00,3,1,4.0,2.0,CL 67A-KR 110B 02,10,1
4412086,05/05/2015,16:00:00,2,1,4.0,10.0,CL 13-KR 24H S 16,15,1
4412066,06/05/2015,00:10:00,3,1,4.0,1.0,CL 22D-KR 90 65,9,1
4412148,06/05/2015,05:40:00,3,1,4.0,4.0,AV AVENIDA CIRCUNVALAR-KR 92A 04,2,1
4412145,06/05/2015,10:15:00,3,1,4.0,2.0,KR 35-CL 19C 02,16,2
4412159,06/05/2015,13:30:00,3,1,4.0,10.0,CL 135-KR 9 02,1,1
4412151,06/05/2015,21:20:00,3,1,4.0,10.0,CL 42BIS-KR 14A 02,13,1
4412287,07/05/2015,06:20:00,2,1,4.0,1.0,CL 76-KR 7 02,2,1
4412231,07/05/2015,12:10:00,2,1,4.0,3.0,AC 170-KR 51 02,11,1
4412221,07/05/2015,19:20:00,3,1,4.0,1.0,AC 26-KR 78 92,10,1
4412173,08/05/2015,00:10:00,1,1,4.0,2.0,CL 63-KR 110D 10,10,1
4412474,08/05/2015,06:40:00,3,1,4.0,10.0,KR 71C-CL 3 26,8,1
4412412,08/05/2015,15:35:00,3,1,4.0,10.0,KR 52-CL 71C 02,12,1
4412470,08/05/2015,16:40:00,3,1,4.0,10.0,CL 128A-KR 52 18,11,1
4412321,08/05/2015,20:40:00,2,1,4.0,2.0,CL 40-KR 24C 02,13,1
4412407,09/05/2015,06:00:00,2,1,4.0,8.0,AC 26-KR 15 02,13,1
4412598,09/05/2015,07:30:00,3,1,4.0,2.0,CL 153-KR 100 12,11,1
4412551,09/05/2015,09:50:00,3,1,4.0,10.0,CL 51-KR 87J S 58,1,1
4412404,09/05/2015,16:00:00,2,1,4.0,2.0,AC 13-KR 43 02,16,2
4412375,10/05/2015,02:40:00,2,1,4.0,2.0,AV AVENIDA BOYACA-CL 70 S 02,19,1
4412453,10/05/2015,05:40:00,3,1,4.0,5.0,CL 34-KR 7A S 02,4,2
4412488,10/05/2015,10:15:00,3,1,4.0,6.0,CL 50ABIS-KR 13B S 02,18,1
4412745,10/05/2015,20:00:00,2,1,4.0,2.0,CL 78-KR 81 02,10,1
4412460,10/05/2015,23:10:00,3,1,4.0,6.0,CL 38C-KR 87C S 41,8,1
4412588,11/05/2015,12:20:00,3,1,4.0,3.0,CL 63-KR 60 02,12,1
4412659,11/05/2015,12:30:00,3,1,4.0,10.0,CL 28-KR 3 SE 34,4,1
4412611,11/05/2015,13:45:00,3,1,4.0,10.0,KR 109A-CL 76C 02,10,1
4412634,11/05/2015,15:00:00,3,1,4.0,10.0,CL 122-KR 21 56,1,1
4412569,11/05/2015,15:20:00,3,1,4.0,10.0,KR 24-CL 73 62,12,10
4412623,11/05/2015,22:10:00,3,1,4.0,10.0,KR 15-CL 33 20,13,1
4412805,12/05/2015,00:00:00,3,1,4.0,8.0,AV AVENIDA CIRCUNVALAR-CL 70A 91,2,1
4412648,12/05/2015,02:30:00,3,1,4.0,10.0,CL 12A-KR 39 24,16,1
4412739,12/05/2015,05:20:00,3,1,4.0,10.0,KR 22A-CL 62 S 32,19,1
4412717,12/05/2015,07:40:00,3,1,4.0,10.0,KR 78-CL 59A S 35,7,10
4412821,13/05/2015,10:30:00,3,1,4.0,1.0,KR 64D-CL 110ABIS 24,10,2
4412825,13/05/2015,10:30:00,3,1,4.0,2.0,CL 64F-KR 74B 02,10,1
4412751,13/05/2015,17:45:00,1,1,4.0,1.0,AV AVENIDA DE LAS AMERICAS-AK 68 02,8,4
4412919,13/05/2015,19:50:00,3,1,4.0,2.0,KR 8-CL 18 ES 53,4,1
4412794,13/05/2015,21:06:00,3,1,4.0,1.0,AV AVENIDA DEL SUR-KR 59A S 50,7,1
4412905,14/05/2015,05:30:00,3,1,4.0,1.0,CL 26-KR 81B 29,10,1
4413131,15/05/2015,15:15:00,3,1,4.0,2.0,CL 25-KR 43 70,13,1
4412935,15/05/2015,22:15:00,2,1,4.0,10.0,KR 4-CL 58 23,2,1
4413063,16/05/2015,05:40:00,2,1,4.0,1.0,AV AVENIDA DEL SUR-KR 12 S 30,15,1
4413268,16/05/2015,08:15:00,3,1,4.0,5.0,AV AVENIDA BOYACA-CL 169B 02,11,1
4413009,16/05/2015,22:20:00,2,1,4.0,4.0,AC 80-KR 72 02,10,1
4416427,17/05/2015,06:40:00,3,1,4.0,2.0,KR 9-CL 124 30,1,1
4413222,19/05/2015,11:50:00,3,1,4.0,10.0,KR 6-CL 33 02,14,1
4413394,19/05/2015,19:40:00,3,1,4.0,6.0,KR 4A-CL 191A 22,1,1
4413397,19/05/2015,20:00:00,3,1,4.0,10.0,CL 68B-KR 14A S 02,5,10
4413176,19/05/2015,21:30:00,2,1,4.0,11.0,KR 36-CL 23A 55,13,1
4413386,20/05/2015,14:20:00,3,1,4.0,1.0,CL 37BISB-KR 3 SE 08,4,1
4413425,20/05/2015,15:20:00,3,1,4.0,2.0,KR 15A-CL 7 02,14,1
4413453,20/05/2015,17:00:00,3,1,4.0,6.0,DG 49-KR 86C S 41,7,1
4413404,20/05/2015,20:50:00,3,1,4.0,2.0,KR 93-CL 127D 01,11,1
4413514,21/05/2015,17:40:00,3,1,4.0,10.0,AC 26-KR 114 02,9,10
4413465,22/05/2015,02:40:00,2,1,4.0,6.0,AK 50-CL 36A S 02,16,1
4413430,22/05/2015,03:20:00,2,1,4.0,2.0,KR 93-CL 130 64,11,1
4413595,23/05/2015,03:18:00,1,1,4.0,11.0,AV AVENIDA DE LAS AMERICAS-TR 78C 02,8,1
4413650,23/05/2015,17:40:00,2,1,4.0,2.0,CL 138-KR 49 02,11,1
4413680,23/05/2015,19:05:00,3,1,4.0,10.0,CL 95-KR 98F 02,11,1
4413742,24/05/2015,04:30:00,3,1,4.0,1.0,KR 17-CL 145A 23,1,1
4413683,24/05/2015,07:30:00,3,1,4.0,2.0,CL 3-KR 27A 13,14,1
4413719,24/05/2015,08:30:00,3,1,4.0,10.0,CL 40C-KR 72R S 02,8,1
4413715,24/05/2015,21:30:00,3,1,4.0,10.0,CL 77-KR 14L S 02,5,1
4413679,24/05/2015,23:00:00,3,1,4.0,6.0,KR 13F-CL 52 S 28,6,1
4413738,25/05/2015,02:50:00,3,1,4.0,5.0,CL 17-KR 128 02,9,2
4413792,26/05/2015,01:00:00,3,1,4.0,1.0,KR 4-CL 58 23,2,1
4413930,26/05/2015,06:10:00,3,1,4.0,10.0,AK 70-CL 64C 02,10,1
4413935,26/05/2015,06:35:00,3,1,4.0,10.0,CL 129C-KR 57A 02,11,1
4414003,27/05/2015,08:12:00,3,1,4.0,6.0,DG 67B-KR 28 S 21,19,1
4414007,27/05/2015,10:30:00,3,1,4.0,10.0,KR 13-CL 135 ES 20,5,10
4414149,28/05/2015,12:50:00,3,1,4.0,10.0,CL 71B-KR 27B 02,12,1
4414275,29/05/2015,06:50:00,3,1,4.0,1.0,TR 44-CL 51 S 02,6,1
4414176,29/05/2015,10:50:00,2,1,4.0,11.0,AV AVENIDA PRIMERO DE MAYO-CL 35C S 29,8,1
4414193,29/05/2015,15:30:00,3,1,4.0,10.0,AC 162-KR 7 33,1,1
4414319,31/05/2015,02:05:00,3,1,4.0,4.0,CL 137-KR 58 02,11,1
4414502,31/05/2015,14:45:00,3,1,4.0,6.0,CL 132C-KR 107B 90,11,2
4414204,31/05/2015,15:40:00,1,1,4.0,4.0,AV AVENIDA CIRCUNVALAR-DG 60BIS 02,2,4
4414466,31/05/2015,16:25:00,3,1,4.0,10.0,CL 73A-KR 80I S 28,7,1
4414330,31/05/2015,16:44:00,3,1,4.0,10.0,CL 31A-KR 1A S 20,4,1
4414373,01/06/2015,06:20:00,2,1,4.0,10.0,AV AVENIDA BOYACA-CL 65A S 02,19,1
4414518,01/06/2015,06:40:00,3,1,4.0,6.0,CL 108-KR 8A SE 11,5,10
4414498,01/06/2015,08:00:00,3,1,4.0,2.0,KR 7-CL 7 02,17,1
4414489,01/06/2015,10:00:00,3,1,4.0,10.0,CL 12D-KR 54 S 02,18,1
4414477,01/06/2015,13:00:00,2,1,4.0,1.0,KR 3-CL 7 ES 54,4,1
4414482,01/06/2015,16:40:00,3,1,4.0,10.0,KR 3B-CL 48R S 28,18,1
4414581,01/06/2015,21:15:00,3,1,4.0,10.0,CL 81-KR 8C S 43,5,1
4415016,02/06/2015,07:30:00,3,1,4.0,1.0,AV AVENIDA CARACAS-CL 11 02,3,1
4414593,02/06/2015,11:10:00,3,1,4.0,5.0,AV AVENIDA CIUDAD DE CALI-CL 72 02,10,2
4414621,02/06/2015,13:00:00,3,1,4.0,10.0,KR 56-CL 19 02,16,1
4414533,02/06/2015,21:15:00,1,1,4.0,1.0,AK 30-CL 39A 80,13,1
4414710,03/06/2015,05:40:00,3,1,4.0,1.0,CL 93-KR 11 19,2,1
4414711,03/06/2015,14:30:00,3,1,4.0,10.0,DG 5A-KR 73A S 66,8,1
4414808,03/06/2015,19:50:00,3,1,4.0,10.0,KR 106-CL 13 02,9,1
4414713,03/06/2015,22:20:00,1,1,4.0,10.0,AV AVENIDA CIUDAD DE CALI-CL 11 02,8,1
4414715,04/06/2015,01:20:00,3,1,4.0,6.0,KR 35A-CL 53A S 02,6,1
4414819,04/06/2015,05:45:00,3,1,4.0,2.0,KR 38-CL 34A S 02,4,1
4414807,04/06/2015,09:40:00,3,1,4.0,2.0,CL 78ABIS-KR 18M S 03,19,1
4414838,04/06/2015,13:10:00,3,1,4.0,7.0,AK 30-CL 53 82,13,10
4414825,04/06/2015,13:15:00,3,1,4.0,6.0,CL 36H-KR 7 SE 20,4,1
4414862,04/06/2015,19:30:00,3,1,4.0,10.0,AV AVENIDA DEL SUR-AV AVENIDA CIUDAD DE VILLAVICENCIO 02,7,4
4414757,05/06/2015,01:20:00,2,1,4.0,5.0,AV AVENIDA CIUDAD DE CALI-CL 75 02,10,1
4414909,05/06/2015,03:50:00,3,1,4.0,6.0,CL 96-KR 9 35,2,1
4415020,05/06/2015,13:30:00,3,1,4.0,10.0,KR 59-CL 43 05,13,1
4414860,06/06/2015,01:20:00,1,1,4.0,1.0,KR 13D-CL 78 ES 21,5,12
4414894,06/06/2015,01:30:00,2,1,4.0,1.0,TR 4-CL 43 95,2,5
4415128,06/06/2015,08:00:00,3,1,4.0,1.0,AC 63-KR 20 02,12,2
4415135,06/06/2015,21:20:00,3,1,4.0,2.0,KR 4I-CL 56 S 41,5,1
4415084,07/06/2015,19:45:00,3,1,4.0,2.0,AK 30-CL 92 02,13,1
4415029,08/06/2015,00:10:00,3,1,4.0,3.0,CL 83A-KR 114 87,10,1
4414916,08/06/2015,02:50:00,1,1,4.0,1.0,CL 26-KR 19B 95,14,1
4415045,08/06/2015,06:15:00,3,1,4.0,1.0,KR 58-CL 138 36,11,1
4415054,08/06/2015,16:30:00,3,1,4.0,2.0,KR 10-CL 4 02,3,2
4415038,08/06/2015,16:50:00,3,1,4.0,5.0,AV AVENIDA CIUDAD DE VILLAVICENCIO-TR 33 02,19,1
4415192,08/06/2015,19:10:00,3,1,4.0,10.0,CL 26-KR 51D S 65,16,10
4415033,08/06/2015,19:50:00,3,1,4.0,10.0,CL 163-KR 95 19,11,1
4415036,09/06/2015,01:36:00,2,1,4.0,1.0,AK 68-CL 23 55,9,1
4415213,09/06/2015,15:00:00,3,1,4.0,2.0,KR 25-CL 24A 02,14,2
4421784,10/06/2015,04:50:00,3,1,4.0,10.0,KR 92-CL 74 S 02,7,2
4415278,10/06/2015,10:30:00,3,1,4.0,2.0,KR 68C-CL 22B 02,9,1
4415287,10/06/2015,15:30:00,3,1,4.0,2.0,KR 7-CL 1 E 18,3,1
4415327,11/06/2015,01:00:00,3,1,4.0,6.0,CL 146-KR 92 02,11,2
4415351,11/06/2015,05:30:00,2,1,4.0,9.0,AK 9-CL 170 02,1,2
4415450,11/06/2015,11:50:00,2,1,4.0,10.0,KR 72I-CL 42F S 02,8,2
4415437,12/06/2015,03:50:00,3,1,4.0,5.0,KR 24-CL 25 S 02,18,10
4415656,12/06/2015,07:50:00,3,1,4.0,10.0,KR 13C-CL 54 S 02,18,1
4415448,12/06/2015,08:19:00,2,1,4.0,6.0,KR 21-CL 42 S 67,18,1
4415671,12/06/2015,11:00:00,3,1,4.0,10.0,KR 9-CL 20 12,3,1
4415689,12/06/2015,13:00:00,3,1,4.0,10.0,TR 28-DG 71 S 02,19,10
4415785,13/06/2015,03:15:00,3,1,4.0,6.0,CL 3A-KR 71D S 02,8,1
4415617,14/06/2015,10:20:00,3,1,4.0,10.0,CL 22C-KR 68F 89,9,1
4415600,14/06/2015,17:39:00,2,1,4.0,10.0,TR 87-AC 58D S 02,7,1
4415694,15/06/2015,02:57:00,2,1,4.0,2.0,AV AVENIDA PRIMERO DE MAYO-CL 52 S 18,16,1
4415675,15/06/2015,15:30:00,3,1,4.0,6.0,CL 9-KR 9 95,17,1
4415548,15/06/2015,20:15:00,2,1,4.0,1.0,AV AVENIDA BOYACA-CL 74 02,10,1
4415848,16/06/2015,11:30:00,3,1,4.0,10.0,AC 26-KR 86 02,10,10
4415737,16/06/2015,13:30:00,3,1,4.0,10.0,KR 47A-CL 12A 61,16,1
4415796,16/06/2015,16:30:00,3,1,4.0,6.0,KR 48C-CL 68D S 02,19,1
4416343,16/06/2015,22:00:00,2,1,4.0,1.0,KR 54D-CL 187 02,11,2
4415835,17/06/2015,08:00:00,1,1,4.0,10.0,CL 73-KR 94A S 95,7,1
4415844,17/06/2015,09:50:00,3,1,4.0,10.0,TR 5BIS-CL 2 E 53,3,1
4415889,17/06/2015,10:00:00,3,1,4.0,6.0,CL 128-KR 86B 02,11,1
4415896,17/06/2015,10:30:00,3,1,4.0,1.0,AV AVENIDA BOYACA-KR 61 S 32,19,1
4416287,17/06/2015,19:10:00,3,1,4.0,6.0,KR 5-CL 122 71,1,1
4415875,17/06/2015,23:20:00,3,1,4.0,6.0,KR 3-CL 48R S 70,18,1
4416003,18/06/2015,09:20:00,3,1,4.0,6.0,CL 131B-KR 153 35,11,1
4416025,19/06/2015,23:00:00,2,1,4.0,7.0,CL 13-KR 60 07,16,1
4416047,19/06/2015,23:10:00,3,1,4.0,10.0,KR 87C-CL 34A S 11,8,1
4416161,20/06/2015,09:30:00,3,1,4.0,2.0,KR 100BIS-CL 128C 17,11,1
4416617,20/06/2015,16:30:00,3,1,4.0,10.0,CL 127-KR 70 02,11,1
4416121,21/06/2015,08:33:00,2,1,4.0,2.0,AV AVENIDA PRIMERO DE MAYO-CL 52 S 46,8,1
4416304,21/06/2015,11:00:00,3,1,4.0,8.0,KR 68B-CL 24 39,9,10
4416131,21/06/2015,14:50:00,2,1,4.0,1.0,AV AVENIDA BOYACA-CL 36A S 02,6,1
4416138,21/06/2015,23:15:00,2,1,4.0,10.0,AC 26-KR 86 02,9,1
4416356,22/06/2015,06:30:00,3,1,4.0,10.0,KR 18L-CL 68A S 42,19,1
4416354,22/06/2015,19:40:00,3,1,4.0,2.0,TR 80H-CL 68A S 02,7,1
4416265,22/06/2015,22:35:00,1,1,4.0,10.0,KR 1-CL 67ABIS S 02,5,1
4416336,23/06/2015,02:10:00,2,1,4.0,1.0,AC 26-KR 71 02,10,1
4416421,23/06/2015,02:20:00,2,1,4.0,1.0,AV AVENIDA BOYACA-DG 69B S 02,5,1
4416401,23/06/2015,09:14:00,3,1,4.0,2.0,KR 34-CL 63 S 14,19,1
4416490,24/06/2015,05:25:00,3,1,4.0,10.0,KR 68A-CL 37 S 43,8,1
4417634,24/06/2015,07:10:00,2,1,4.0,10.0,TR 33-DG 30 S 02,15,1
4416509,24/06/2015,09:50:00,3,1,4.0,10.0,CL 23-KR 5 95,3,1
4416478,24/06/2015,13:20:00,3,1,4.0,10.0,CL 22C-KR 69F 02,9,10
4416507,25/06/2015,01:25:00,3,1,4.0,6.0,AV AVENIDA DE LAS AMERICAS-CL 78C 59,8,1
4416555,25/06/2015,06:10:00,2,1,4.0,2.0,KR 2C-CL 65 ES 02,5,1
4416652,25/06/2015,18:15:00,3,1,4.0,2.0,CL 43-KR 11D S 24,18,1
4416618,25/06/2015,22:00:00,3,1,4.0,6.0,KR 2-CL 77 S 11,5,1
4416688,26/06/2015,15:00:00,3,1,4.0,10.0,KR 6-CL 17 S 63,4,10
4416740,27/06/2015,05:20:00,2,1,4.0,1.0,AK 68-CL 53 02,13,2
4416780,27/06/2015,10:15:00,3,1,4.0,2.0,KR 17-CL 48 02,13,1
4416709,27/06/2015,11:20:00,2,1,4.0,1.0,CL 130A-KR 159 02,10,1
4416825,27/06/2015,15:30:00,3,1,4.0,4.0,KR 5A-CL 87 19,2,1
4416772,27/06/2015,19:00:00,3,1,4.0,1.0,CL 45A-KR 50A S 91,15,11
4416870,27/06/2015,20:10:00,3,1,4.0,10.0,AV AVENIDA BOYACA-CL 70 S 02,19,1
4416697,27/06/2015,23:40:00,2,1,4.0,1.0,AK 68-CL 23A 02,9,1
4416878,28/06/2015,16:30:00,3,1,4.0,2.0,CL 97C-KR 2B SE 02,5,1
4416700,28/06/2015,17:30:00,2,1,4.0,3.0,AC 235-KR 45 52,11,1
4416930,28/06/2015,20:30:00,3,1,4.0,10.0,KR 149B-CL 134A 58,11,1
4416699,29/06/2015,03:00:00,2,1,4.0,1.0,CL 143A-KR 118 02,11,2
4419922,29/06/2015,15:15:00,3,1,4.0,1.0,CL 13B-KR 100 65,9,10
4416943,29/06/2015,17:00:00,3,1,4.0,1.0,AK 45-CL 152 02,1,1
4416916,29/06/2015,17:15:00,3,1,4.0,10.0,KR 45C-CL 91 S 40,8,2
4416957,30/06/2015,07:00:00,3,1,4.0,8.0,AK 30-CL 19 02,14,1
4416931,30/06/2015,16:00:00,3,1,4.0,2.0,DG 3C-KR 8 85,3,1
4416973,30/06/2015,22:50:00,2,1,4.0,11.0,AK 30-CL 59 71,13,1
4417054,01/07/2015,15:30:00,3,1,4.0,2.0,TR 80G-CL 65I S 42,7,1
4417055,02/07/2015,02:25:00,3,1,4.0,6.0,KR 26-CL 61D 19,13,1
4417129,02/07/2015,14:10:00,3,1,4.0,10.0,DG 23-KR 68F 02,9,10
4417280,03/07/2015,06:00:00,3,1,4.0,10.0,CL 5-KR 12A 22,14,10
4417279,03/07/2015,18:13:00,3,1,4.0,6.0,CL 12DBIS-KR 1A 34,17,1
4417361,03/07/2015,20:00:00,3,1,4.0,1.0,CL 63C-KR 26 02,12,1
4417324,04/07/2015,02:15:00,3,1,4.0,10.0,CL 32C-KR 7A SE 22,4,1
4417355,04/07/2015,03:00:00,3,1,4.0,11.0,AK 13-CL 45 80,2,1
4417222,04/07/2015,08:50:00,3,1,4.0,10.0,KR 68-CL 37B S 05,8,10
4417207,04/07/2015,19:12:00,3,1,4.0,2.0,AC 34-KR 19 31,13,1
4417463,05/07/2015,02:20:00,3,1,4.0,11.0,CL 139-KR 111B 21,11,1
4417439,05/07/2015,10:05:00,3,1,4.0,1.0,CL 95-KR 69B 41,11,1
4417198,05/07/2015,16:30:00,2,1,4.0,1.0,AV AVENIDA CIRCUNVALAR-CL 73 02,2,1
4417456,05/07/2015,17:00:00,3,1,4.0,1.0,CL 67-KR 80A 02,10,1
4417556,06/07/2015,10:30:00,3,1,4.0,2.0,CL 161B-KR 8G 69,1,1
4417572,06/07/2015,13:00:00,3,1,4.0,2.0,KR 87-CL 3 S 40,8,1
4417416,06/07/2015,22:20:00,2,1,4.0,1.0,AV AVENIDA SUBA-AV AVENIDA BOYACA 02,11,1
4417525,07/07/2015,08:30:00,3,1,4.0,6.0,CL 143B-KR 149 02,11,1
4417576,07/07/2015,16:50:00,3,1,4.0,2.0,CL 62B-KR 67 S 02,19,1
4417547,07/07/2015,21:30:00,3,1,4.0,4.0,AC 13-KR 39 02,16,1
4417661,08/07/2015,12:43:00,3,1,4.0,6.0,KR 95B-CL 128D 12,11,1
4417600,08/07/2015,18:30:00,3,1,4.0,2.0,CL 78B-KR 17J S 02,19,2
4417722,08/07/2015,18:40:00,3,1,4.0,2.0,AC 19-KR 27 02,14,1
4417615,09/07/2015,04:00:00,3,1,4.0,2.0,AV AVENIDA CENTENARIO-KR 97 02,9,1
4417755,09/07/2015,12:30:00,3,1,4.0,1.0,CL 51-KR 3 65,2,1
4417777,10/07/2015,08:15:00,2,1,4.0,2.0,CL 26-KR 87G S 30,8,1
4417781,10/07/2015,09:45:00,2,1,4.0,10.0,CL 166-KR 16B 14,1,1
4417876,10/07/2015,10:00:00,3,1,4.0,10.0,KR 57-CL 94B 04,12,1
4417843,10/07/2015,14:00:00,3,1,4.0,2.0,KR 66A-CL 11 83,16,1
4420607,10/07/2015,19:00:00,3,1,4.0,10.0,AK 72-CL 80A 02,10,1
4417921,11/07/2015,12:00:00,2,1,4.0,3.0,AV AVENIDA CIRCUNVALAR-CL 17 02,3,1
4417819,11/07/2015,16:55:00,2,1,4.0,1.0,CL 56-KR 81J S 11,8,1
4417942,11/07/2015,22:00:00,3,1,4.0,10.0,CL 42-KR 94C S 02,8,1
4417999,12/07/2015,21:40:00,3,1,4.0,1.0,AK 30-CL 39A 02,12,1
4418052,13/07/2015,04:00:00,3,1,4.0,5.0,KR 10-CL 23 02,3,1
4418211,14/07/2015,23:30:00,2,1,4.0,2.0,CL 70BIS-KR 79 S 36,7,1
4418382,15/07/2015,05:55:00,3,1,4.0,1.0,AV AVENIDA CIRCUNVALAR-KR 17 02,3,1
4418252,15/07/2015,13:15:00,3,1,4.0,10.0,CL 134-KR 57 20,11,10
4418217,15/07/2015,22:00:00,2,1,4.0,10.0,AK 68-CL 26 02,13,1
4418315,16/07/2015,03:20:00,2,1,4.0,1.0,AV AVENIDA PRIMERO DE MAYO-KR 52C 04,16,1
4418634,16/07/2015,13:00:00,3,1,4.0,2.0,KR 5-CL 94 S 02,5,1
4418608,17/07/2015,06:00:00,3,1,4.0,2.0,CL 18-KR 113 02,9,1
4419733,17/07/2015,07:00:00,3,1,4.0,2.0,KR 1-CL 22 02,3,1
4418631,17/07/2015,19:00:00,3,1,4.0,10.0,KR 70-CL 108 10,11,1
4418601,17/07/2015,22:30:00,3,1,4.0,10.0,AC 26-KR 72 02,9,1
4418483,18/07/2015,01:20:00,3,1,4.0,10.0,AV AVENIDA BOYACA-CL 10 S 02,8,1
4418732,18/07/2015,07:00:00,3,1,4.0,2.0,CL 1C-KR 32A 02,16,1
4418733,18/07/2015,13:00:00,3,1,4.0,5.0,DG 16-KR 106 02,9,2
4418753,18/07/2015,13:10:00,3,1,4.0,2.0,KR 18C-CL 77B S 84,19,1
4418737,18/07/2015,18:10:00,3,1,4.0,10.0,AV AVENIDA BOYACA-CL 29 S 02,6,1
4418515,19/07/2015,08:00:00,2,1,4.0,6.0,KR 149C-CL 138F 02,11,1
4418609,19/07/2015,09:30:00,2,1,4.0,6.0,CL 46-KR 81H S 12,8,1
4418670,19/07/2015,09:50:00,3,1,4.0,1.0,KR 1-CL 76A E 51,2,10
4418677,19/07/2015,11:00:00,3,1,4.0,10.0,KR 58-CL 153 08,11,1
4418699,19/07/2015,11:40:00,3,1,4.0,2.0,CL 63-KR 50 02,13,1
4418692,19/07/2015,12:30:00,3,1,4.0,10.0,KR 24B-CL 1 50,14,1
4418780,19/07/2015,23:20:00,3,1,4.0,6.0,TR 87B-CL 79C S 42,7,1
4418823,20/07/2015,00:20:00,3,1,4.0,10.0,CL 55-KR 77P S 02,8,1
4418696,20/07/2015,10:30:00,3,1,4.0,2.0,CL 78-KR 78D S 06,7,1
4418682,20/07/2015,22:43:00,3,1,4.0,10.0,KR 53-CL 134 31,11,1
4418958,21/07/2015,10:40:00,3,1,4.0,1.0,KR 50-CL 145 02,11,1
4418863,21/07/2015,20:00:00,2,1,4.0,1.0,AK 45-CL 189 02,1,1
4418909,21/07/2015,23:00:00,3,1,4.0,1.0,KR 79A-CL 36 S 02,8,1
4418930,22/07/2015,01:00:00,3,1,4.0,2.0,AK 50-CL 44CBIS 02,13,1
4419046,22/07/2015,16:05:00,3,1,4.0,6.0,KR 47A-CL 72 S 42,19,1
4419065,23/07/2015,10:40:00,3,1,4.0,10.0,KR 77-CL 128A 40,11,10
4419083,23/07/2015,12:30:00,3,1,4.0,1.0,AV AVENIDA DEL SUR-AV AVENIDA CIUDAD DE VILLAVICENCIO 02,7,4
4419079,23/07/2015,15:30:00,3,1,4.0,11.0,AK 45-CL 134 02,1,1
4419073,23/07/2015,15:40:00,3,1,4.0,10.0,KR 19-CL 166 76,1,1
4419123,24/07/2015,10:30:00,3,1,4.0,6.0,AV AVENIDA BOYACA-CL 72 S 04,19,10
4419139,24/07/2015,10:50:00,3,1,4.0,10.0,TR 95A-CL 25D 02,9,1
4419154,24/07/2015,15:20:00,3,1,4.0,2.0,CL 45-KR 6 02,2,2
4419157,24/07/2015,16:00:00,3,1,4.0,2.0,CL 39-KR 4 SE 02,4,1
4419210,24/07/2015,16:40:00,2,1,4.0,1.0,AV AVENIDA DE LAS AMERICAS-KR 34 02,13,1
4419319,24/07/2015,18:25:00,3,1,4.0,10.0,CL 154-KR 91 51,11,1
4419131,24/07/2015,18:30:00,3,1,4.0,10.0,DG 40-KR 34A S 38,18,10
4419127,24/07/2015,22:50:00,3,1,4.0,6.0,KR 119A-CL 63D 60,10,1
4419164,25/07/2015,00:00:00,3,1,4.0,1.0,AV AVENIDA BOYACA-CL 77A 51,10,10
4419299,25/07/2015,09:50:00,3,1,4.0,2.0,CL 57I-KR 76A S 02,19,1
4419301,25/07/2015,16:40:00,3,1,4.0,2.0,KR 4BISA-CL 32 02,3,1
4419304,25/07/2015,20:20:00,3,1,4.0,8.0,KR 8-CL 52 S 02,6,1
4419196,26/07/2015,04:05:00,1,1,4.0,1.0,CL 187-KR 18A 16,1,1
4419359,27/07/2015,06:42:00,2,1,4.0,2.0,CL 132-KR 124A 32,11,1
4419364,27/07/2015,22:20:00,2,1,4.0,11.0,AC 26-KR 34 02,13,1
4419454,28/07/2015,09:05:00,3,1,4.0,2.0,AK 26-CL 76 S 18,19,1
4419486,28/07/2015,13:30:00,3,1,4.0,2.0,KR 81-CL 65G S 43,7,1
4419559,28/07/2015,19:30:00,3,1,4.0,10.0,KR 72G-CL 72 21,10,1
4419455,29/07/2015,04:20:00,3,1,4.0,2.0,CL 85-KR 10 02,2,2
4419567,29/07/2015,14:40:00,3,1,4.0,2.0,CL 79D-KR 66 02,12,8
4419718,29/07/2015,19:30:00,3,1,4.0,4.0,KR 3-CL 24 E 02,3,1
4419626,30/07/2015,10:30:00,3,1,4.0,6.0,KR 15-CL 122 02,1,10
4419679,31/07/2015,00:05:00,1,1,4.0,1.0,AK 45-CL 108 27,13,1
4419687,31/07/2015,00:05:00,3,1,4.0,5.0,KR 30-CL 41 02,13,1
4419704,31/07/2015,05:50:00,2,1,4.0,2.0,KR 30-CL 32 S 02,15,1
4419819,31/07/2015,11:30:00,3,1,4.0,5.0,AV AVENIDA CIUDAD DE VILLAVICENCIO-AV AVENIDA PRIMERO DE MAYO 02,8,1
4419719,01/08/2015,00:50:00,3,1,4.0,10.0,AV AVENIDA BOYACA-CL 38 S 02,8,1
4420900,01/08/2015,03:00:00,2,1,4.0,8.0,AV AVENIDA DEL SUR-CL 84 S 02,5,1
4419864,01/08/2015,12:00:00,3,1,4.0,10.0,AK 68-CL 37 S 37,8,10
4419759,01/08/2015,18:55:00,1,1,4.0,1.0,KR 18H-CL 80B S 02,19,1
4419930,01/08/2015,21:20:00,3,1,4.0,8.0,CL 1-KR 55 S 19,16,1
4419802,02/08/2015,00:40:00,2,1,4.0,11.0,AC 26-KR 51 02,13,1
4419846,02/08/2015,06:30:00,3,1,4.0,6.0,KR 11C-CL 1C E 05,3,1
4419787,02/08/2015,07:15:00,2,1,4.0,10.0,TR 94-CL 80 02,10,1
4419796,02/08/2015,15:10:00,2,1,4.0,10.0,KR 4-CL 48A E 04,2,1
4419999,03/08/2015,08:32:00,3,1,4.0,4.0,AC 26-KR 106 39,9,10
4419992,03/08/2015,11:00:00,3,1,4.0,2.0,KR 7-CL 145 30,1,1
4419975,03/08/2015,13:20:00,3,1,4.0,10.0,KR 113-CL 81 19,10,1
4419959,03/08/2015,16:00:00,3,1,4.0,2.0,KR 71D-CL 58B S 02,7,1
4420189,03/08/2015,18:10:00,3,1,4.0,1.0,AV AVENIDA DEL SUR-KR 51 02,18,1
4420052,04/08/2015,11:00:00,3,1,4.0,3.0,CL 83-KR 114 84,10,1
4420040,04/08/2015,20:45:00,2,1,4.0,1.0,CL 73-KR 18 S 40,19,10
4420140,05/08/2015,05:30:00,2,1,4.0,2.0,AC 26-KR 40B S 02,16,1
4420312,06/08/2015,10:00:00,3,1,4.0,2.0,CL 78-KR 88C S 75,7,1
4420418,06/08/2015,10:00:00,3,1,4.0,10.0,KR 97-CL 23J 02,9,1
4420329,06/08/2015,11:00:00,3,1,4.0,10.0,KR 80-DG 2 S 02,8,10
4420386,06/08/2015,11:40:00,3,1,4.0,10.0,CL 82-KR 11 02,2,1
4420381,06/08/2015,15:40:00,3,1,4.0,1.0,CL 145-KR 143 12,11,2
4420217,06/08/2015,16:10:00,2,1,4.0,1.0,CL 152-KR 54 2,11,1
4420306,07/08/2015,08:30:00,2,1,4.0,6.0,TR 53A-CL 2D 20,16,1
4420392,07/08/2015,10:00:00,3,1,4.0,4.0,KR 10-CL 36A S 02,4,1
4420413,07/08/2015,12:15:00,3,1,4.0,8.0,AK 45-CL 153 02,11,1
4420419,07/08/2015,16:00:00,3,1,4.0,1.0,CL 56-KR 89A S 31,7,1
4420442,07/08/2015,17:03:00,3,1,4.0,10.0,KR 111A-CL 18B 02,9,1
4420416,07/08/2015,21:00:00,3,1,4.0,10.0,CL 58C-KR 48A S 02,19,2
4420674,08/08/2015,13:30:00,3,1,4.0,10.0,KR 85C-CL 25D 02,9,1
4420417,08/08/2015,23:00:00,3,1,4.0,10.0,KR 4-CL 91 02,2,10
4420250,09/08/2015,01:10:00,1,1,4.0,2.0,AV AVENIDA BOYACA-CL 39F S 02,8,1
4420475,10/08/2015,01:30:00,2,1,4.0,11.0,AK 30-CL 60 49,13,1
4420453,10/08/2015,05:00:00,2,1,4.0,1.0,KR 7-CL 120 02,1,1
4420512,10/08/2015,15:37:00,3,1,4.0,10.0,CL 183-KR 76 75,11,1
4420553,11/08/2015,06:30:00,3,1,4.0,1.0,CL 33-KR 4C 02,3,1
4420578,11/08/2015,13:00:00,3,1,4.0,8.0,CL 124-KR 9 02,1,1
4420571,12/08/2015,01:52:00,3,1,4.0,1.0,AK 30-CL 93BIS 02,2,1
4421853,12/08/2015,09:00:00,3,1,4.0,10.0,CL 64C-KR 113 04,10,1
4420622,12/08/2015,09:30:00,2,1,4.0,1.0,CL 9CBIS-KR 68G S 29,8,10
4420747,13/08/2015,10:00:00,3,1,4.0,2.0,CL 69IBIS-KR 18R S 03,19,1
4420755,13/08/2015,12:30:00,3,1,4.0,2.0,CL 183-KR 7 71,1,1
4420797,13/08/2015,17:00:00,2,1,4.0,10.0,KR 18L-CL 69T S 42,19,1
4420763,13/08/2015,18:40:00,3,1,4.0,2.0,KR 72-CL 63 S 28,19,1
4420829,14/08/2015,19:30:00,3,1,4.0,6.0,KR 18DBIS-CL 73A S 34,19,1
4421157,15/08/2015,13:00:00,3,1,4.0,10.0,KR 16-CL 10 26,14,1
4421022,15/08/2015,19:45:00,3,1,4.0,2.0,CL 92-KR 9 02,2,1
4421142,16/08/2015,00:45:00,3,1,4.0,2.0,CL 46ABIS-KR 12B SE 02,4,2
4421005,16/08/2015,02:00:00,3,1,4.0,2.0,DG 22A-KR 68D 90,9,1
4420849,16/08/2015,06:05:00,2,1,4.0,1.0,CL 17-KR 25 SE 02,4,1
4421134,16/08/2015,12:00:00,3,1,4.0,2.0,KR 68A-CL 8B S 02,8,1
4421129,16/08/2015,17:30:00,3,1,4.0,4.0,KR 69A-CL 57B S 29,7,1
4420859,16/08/2015,23:40:00,2,1,4.0,3.0,KR 9-CL 116 02,1,1
4421275,17/08/2015,03:40:00,3,1,4.0,10.0,CL 56F-KR 90B S 26,7,10
4421039,17/08/2015,13:30:00,3,1,4.0,6.0,KR 26-CL 23A 02,14,1
4421095,17/08/2015,17:00:00,3,1,4.0,5.0,AV AVENIDA CARACAS-CL 44C S 02,6,2
4421034,17/08/2015,18:30:00,3,1,4.0,1.0,KR 13-CL 12 S 36,15,1
4421186,17/08/2015,18:40:00,3,1,4.0,3.0,KR 9-CL 70 20,2,1
4421223,19/08/2015,04:40:00,2,1,4.0,1.0,AV AVENIDA CIRCUNVALAR-CL 17 02,3,1
4421276,19/08/2015,12:10:00,3,1,4.0,1.0,KR 5-CL 26 02,3,1
4421370,20/08/2015,00:10:00,3,1,4.0,1.0,CL 26-KR 30 02,13,1
4421339,20/08/2015,11:45:00,3,1,4.0,10.0,CL 63A-KR 73 S 68,19,1
4421393,20/08/2015,13:40:00,3,1,4.0,2.0,CL 17A-KR 35 02,16,1
4421420,20/08/2015,18:00:00,3,1,4.0,1.0,KR 128-CL 17 92,9,1
4421317,20/08/2015,22:40:00,2,1,4.0,6.0,KR 3-CL 49 S 98,18,2
4421379,20/08/2015,23:40:00,3,1,4.0,2.0,AK 45-CL 103 02,1,1
4421624,24/08/2015,04:50:00,2,1,4.0,2.0,TR 63-DG 68F S 02,19,1
4421684,24/08/2015,11:00:00,3,1,4.0,1.0,KR 93A-CL 54G S 06,7,1
4421746,25/08/2015,15:20:00,2,1,4.0,6.0,KR 9C-CL 28C ES 97,4,1
4421752,25/08/2015,19:40:00,3,1,4.0,2.0,CL 23-KR 72A 91,9,1
4422014,27/08/2015,07:45:00,3,1,4.0,10.0,CL 63-KR 77 73,10,10
4421924,27/08/2015,07:50:00,2,1,4.0,10.0,CL 35-KR 17 02,13,1
4421980,27/08/2015,16:10:00,2,1,4.0,3.0,CL 159-KR 111 02,11,1
4422017,27/08/2015,17:10:00,2,1,4.0,10.0,AV AVENIDA BOYACA-KR 3I E 02,5,1
4421926,27/08/2015,17:15:00,3,1,4.0,10.0,KR 12C-CL 21 S 32,4,1
4422212,28/08/2015,13:00:00,3,1,4.0,10.0,AK 68-CL 4B 36,16,1
4422085,28/08/2015,16:30:00,2,1,4.0,6.0,KR 11-CL 1C E 35,3,1
4422147,29/08/2015,05:45:00,3,1,4.0,4.0,CL 17-KR 25 S 35,15,1
4422368,29/08/2015,06:45:00,2,1,4.0,2.0,KR 97-CL 66A 36,10,1
4422080,29/08/2015,08:30:00,2,1,4.0,7.0,DG 32F-KR 12C S 02,18,1
4422251,29/08/2015,11:50:00,3,1,4.0,1.0,KR 10-CL 49F S 67,18,1
4422205,29/08/2015,13:15:00,3,1,4.0,6.0,CL 161-KR 76 19,1,1
4422087,29/08/2015,16:40:00,2,1,4.0,8.0,KR 12-CL 13 ES 02,4,1
4422207,29/08/2015,20:00:00,3,1,4.0,2.0,DG 47-TR 77C 02,10,2
4422099,29/08/2015,22:00:00,2,1,4.0,1.0,AC 26-KR 44 02,13,1
4422296,29/08/2015,22:00:00,3,1,4.0,6.0,KR 108BIS-CL 135A 15,11,1
4422155,30/08/2015,02:40:00,3,1,4.0,4.0,KR 19-CL 127 02,1,2
4422329,30/08/2015,05:00:00,3,1,4.0,7.0,DG 60-TR 3B SE 02,5,1
4422378,30/08/2015,06:00:00,2,1,4.0,10.0,KR 63-CL 57B S 49,7,1
4422320,30/08/2015,07:00:00,3,1,4.0,1.0,AK 45-CL 89A 02,2,1
4422234,30/08/2015,17:50:00,3,1,4.0,6.0,CL 48-KR 1 SE 47,4,1
4422116,31/08/2015,02:45:00,1,1,4.0,1.0,AV AVENIDA CIUDAD DE CALI-CL 8C S 50,8,1
4422305,31/08/2015,07:50:00,2,1,4.0,4.0,CL 13-KR 72 02,9,4
4422331,31/08/2015,15:40:00,3,1,4.0,10.0,KR 9-CL 52 02,2,1
4422410,01/09/2015,05:25:00,3,1,4.0,10.0,CL 22C-KR 68F 89,9,1
4422403,01/09/2015,12:30:00,3,1,4.0,10.0,CL 6A-KR 18B 02,14,1
4422505,01/09/2015,16:20:00,2,1,4.0,10.0,KR 30-CL 3 02,14,1
4422512,01/09/2015,18:30:00,2,1,4.0,10.0,KR 6-CL 190 09,1,1
4422441,01/09/2015,20:00:00,2,1,4.0,9.0,KR 100-CL 50B S 45,7,1
4422461,02/09/2015,01:00:00,3,1,4.0,10.0,AV AVENIDA BOYACA-CL 71 S 02,5,1
4422573,02/09/2015,10:50:00,3,1,4.0,10.0,KR 84-CL 56 S 70,8,1
4422499,02/09/2015,20:40:00,3,1,4.0,6.0,CL 47B-KR 3A SE 42,4,1
4422676,03/09/2015,02:30:00,3,1,4.0,10.0,AV AVENIDA DE LAS AMERICAS-KR 55 02,16,1
4422702,03/09/2015,08:00:00,3,1,4.0,2.0,CL 138-KR 151C 03,11,2
4422596,03/09/2015,13:56:00,3,1,4.0,10.0,DG 68A-KR 14U S 02,5,1
4422718,04/09/2015,07:00:00,2,1,4.0,2.0,KR 24-CL 71A 78,12,1
4422832,04/09/2015,12:45:00,3,1,4.0,1.0,KR 13-CL 26 85,3,10
4422871,04/09/2015,13:00:00,3,1,4.0,2.0,KR 17M-CL 67ABIS S 02,19,1
4422914,05/09/2015,03:00:00,3,1,4.0,7.0,CL 63-KR 71F S 02,19,2
4422884,05/09/2015,03:30:00,3,1,4.0,1.0,CL 51-KR 15A S 02,6,1
4424281,05/09/2015,04:50:00,2,1,4.0,10.0,AV AVENIDA BOYACA-CL 49 48,10,1
4422912,05/09/2015,07:00:00,3,1,4.0,2.0,AC 26-KR 69 96,10,1
4422904,05/09/2015,13:10:00,3,1,4.0,10.0,KR 52A-CL 134 67,11,1
4422913,05/09/2015,14:00:00,3,1,4.0,10.0,CL 75-KR 69B 31,10,1
4422885,05/09/2015,20:00:00,3,1,4.0,10.0,CL 22C-KR 68F 39,9,10
4422877,06/09/2015,00:15:00,2,1,4.0,10.0,KR 47B-CL 72C S 02,19,1
4422847,06/09/2015,06:00:00,3,1,4.0,5.0,CL 24-KR 17 02,14,2
4422923,06/09/2015,12:00:00,3,1,4.0,10.0,CL 56-KR 85 25,10,1
4423055,07/09/2015,05:00:00,3,1,4.0,6.0,KR 32A-CL 25 02,13,1
4423049,07/09/2015,11:00:00,3,1,4.0,6.0,CL 9A-KR 1A SE 55,4,1
4422996,07/09/2015,12:50:00,3,1,4.0,10.0,CL 147-KR 15 36,1,10
4423125,08/09/2015,08:00:00,3,1,4.0,11.0,KR 7-CL 70A 02,2,1
4423122,08/09/2015,15:30:00,3,1,4.0,1.0,KR 5-CL 33 37,3,1
4423126,08/09/2015,23:20:00,3,1,4.0,10.0,AC 26-KR 93 02,10,1
4423299,09/09/2015,01:50:00,3,1,4.0,10.0,CL 59-KR 65 S 31,19,1
4423340,09/09/2015,02:40:00,3,1,4.0,10.0,AV AVENIDA CIUDAD DE QUITO-CL 10 S 02,15,1
4423258,09/09/2015,11:00:00,3,1,4.0,10.0,KR 83A-CL 75 50,10,10
4423244,10/09/2015,00:50:00,3,1,4.0,2.0,CL 36-KR 69B S 56,8,2
4423346,10/09/2015,07:00:00,3,1,4.0,2.0,KR 65-CL 75 02,12,1
4423305,10/09/2015,09:00:00,3,1,4.0,2.0,CL 12A-KR 47 40,16,1
4423427,10/09/2015,19:10:00,3,1,4.0,2.0,KR 78C-CL 68 S 02,7,1
4423325,11/09/2015,01:15:00,3,1,4.0,5.0,AV AVENIDA CIUDAD DE CALI-CL 33B S 02,8,1
4423444,12/09/2015,14:15:00,2,1,4.0,10.0,CL 42-KR 80G S 32,8,1
4423582,12/09/2015,14:40:00,3,1,4.0,10.0,KR 20-CL 64 S 09,19,1
4423521,12/09/2015,15:20:00,3,1,4.0,10.0,CL 17-KR 96C 01,9,10
4423699,13/09/2015,00:50:00,3,1,4.0,10.0,KR 57B-CL 127C 58,11,1
4423436,13/09/2015,06:30:00,1,1,4.0,1.0,AV AVENIDA BOYACA-CL 12 02,8,2
4423687,14/09/2015,14:30:00,2,1,4.0,10.0,CL 20-KR 68B 27,9,1
4423756,14/09/2015,18:50:00,3,1,4.0,10.0,KR 23-CL 166 59,1,1
4423781,15/09/2015,04:00:00,3,1,4.0,2.0,KR 100-CL 19 02,9,1
4423802,15/09/2015,21:30:00,3,1,4.0,4.0,CL 75A-KR 58 12,19,1
4423900,16/09/2015,18:00:00,3,1,4.0,2.0,KR 31-CL 70 S 02,19,1
4423831,16/09/2015,21:43:00,1,1,4.0,1.0,KR 11-CL 75 71,2,1
4423872,16/09/2015,22:00:00,2,1,4.0,4.0,KR 30-CL 41 02,13,1
4423904,17/09/2015,01:50:00,3,1,4.0,5.0,CL 85-KR 8 02,2,1
4424032,17/09/2015,02:30:00,3,1,4.0,3.0,CL 128B-KR 58B 38,11,1
4423940,17/09/2015,10:10:00,2,1,4.0,6.0,KR 2B-CL 163A 15,1,1
4424099,18/09/2015,06:00:00,3,1,4.0,2.0,KR 78L-CL 69C S 02,7,1
4424200,18/09/2015,07:30:00,3,1,4.0,10.0,AV AVENIDA BOYACA-DG 51A S 02,19,1
4424126,18/09/2015,12:20:00,3,1,4.0,2.0,TR 78L-DG 69C S 02,7,1
4424144,19/09/2015,13:40:00,2,1,4.0,1.0,AV AVENIDA BOYACA-CL 77A 02,10,1
4424230,19/09/2015,16:00:00,3,1,4.0,2.0,AV AVENIDA BOYACA-CL 37 S 02,8,1
4424139,19/09/2015,16:15:00,2,1,4.0,9.0,KR 81H-CL 46 S 09,8,2
4424171,19/09/2015,18:30:00,2,1,4.0,1.0,KR 123-CL 129F 02,11,1
4424300,19/09/2015,22:00:00,3,1,4.0,2.0,KR 8-CL 159 50,1,1
4424253,20/09/2015,01:30:00,3,1,4.0,8.0,KR 68-CL 62 02,10,10
4424349,20/09/2015,03:30:00,3,1,4.0,1.0,CL 32F-KR 13F S 70,18,1
4424375,20/09/2015,22:00:00,3,1,4.0,10.0,KR 78-CL 51 S 12,8,1
4424174,21/09/2015,00:01:00,2,1,4.0,1.0,AV AVENIDA CIUDAD DE VILLAVICENCIO-CL 80J S 04,8,1
4424172,21/09/2015,00:30:00,2,1,4.0,1.0,CL 142-KR 6 69,1,1
4424386,21/09/2015,08:10:00,2,1,4.0,10.0,CL 71-KR 3A S 71,5,1
4424318,22/09/2015,02:05:00,2,1,4.0,2.0,KR 68-CL 78 02,12,1
4424431,22/09/2015,02:20:00,2,1,4.0,2.0,KR 53D-CL 4B 02,16,1
4424416,22/09/2015,02:30:00,3,1,4.0,6.0,CL 26-KR 93 S 33,8,1
4424501,22/09/2015,10:30:00,3,1,4.0,5.0,CL 13-KR 128 02,9,2
4424430,22/09/2015,21:15:00,3,1,4.0,10.0,AV AVENIDA DEL SUR-KR 50 02,16,4
4424563,23/09/2015,21:30:00,3,1,4.0,1.0,AK 30-CL 80 02,12,1
4424644,24/09/2015,09:00:00,3,1,4.0,2.0,CL 138-KR 149B 02,11,2
4424624,24/09/2015,09:58:00,3,1,4.0,2.0,CL 16H-KR 98 50,9,2
4424618,24/09/2015,10:00:00,3,1,4.0,10.0,CL 193-KR 8B 02,1,1
4424912,25/09/2015,09:30:00,3,1,4.0,10.0,CL 37-KR 72L S 41,8,1
4424850,25/09/2015,09:40:00,3,1,4.0,8.0,KR 54-CL 153 02,11,1
4424869,25/09/2015,16:00:00,3,1,4.0,1.0,CL 127-KR 60 42,11,1
4424823,26/09/2015,02:46:00,3,1,4.0,6.0,CL 134-KR 12A 02,1,1
4424931,26/09/2015,10:30:00,3,1,4.0,10.0,KR 80H-CL 56 S 23,8,1
4424760,26/09/2015,13:23:00,2,1,4.0,1.0,KR 77C-CL 59A S 02,19,1
4424883,26/09/2015,18:00:00,3,1,4.0,1.0,KR 52A-CL 137A 35,11,10
4424806,27/09/2015,05:50:00,3,1,4.0,10.0,CL 51-KR 9A S 02,6,1
4424809,27/09/2015,06:10:00,3,1,4.0,1.0,CL 153-KR 54 02,11,1
4424957,28/09/2015,07:30:00,2,1,4.0,4.0,AV AVENIDA CIRCUNVALAR-KR 18 02,14,1
4424951,28/09/2015,08:00:00,2,1,4.0,1.0,AV AVENIDA LUIS CARLOS GALAN-KR 66 02,13,1
4425204,28/09/2015,10:50:00,3,1,4.0,2.0,KR 6-CL 47B ES 15,4,1
4425277,28/09/2015,18:30:00,3,1,4.0,10.0,KR 5-CL 24A ES 95,4,10
4424974,28/09/2015,22:40:00,3,1,4.0,2.0,KR 7-CL 92 04,2,1
4425259,29/09/2015,07:10:00,3,1,4.0,1.0,CL 59A-KR 76A S 02,19,1
4425381,30/09/2015,12:30:00,3,1,4.0,10.0,KR 53-CL 131A 02,11,1
4425935,01/10/2015,01:30:00,3,1,4.0,10.0,KR 80-CL 2 51,8,1
4425426,01/10/2015,07:25:00,2,1,4.0,11.0,AK 30-CL 32 S 02,15,1
4425481,01/10/2015,09:20:00,3,1,4.0,10.0,DG 23K-KR 96G 50,9,10
4425509,01/10/2015,10:40:00,3,1,4.0,2.0,CL 27A-KR 8 SE 02,4,2
4425520,01/10/2015,19:45:00,3,1,4.0,1.0,KR 2-CL 10 02,17,1
4425451,02/10/2015,00:44:00,2,1,4.0,1.0,AV AVENIDA BOYACA-CL 128 02,11,1
4425461,02/10/2015,02:30:00,3,1,4.0,10.0,CL 49B-KR 9 S 94,18,1
4425671,02/10/2015,06:10:00,3,1,4.0,10.0,KR 80-CL 2 51,8,1
4425555,02/10/2015,10:15:00,3,1,4.0,2.0,CL 19A-KR 80A 51,9,1
4425755,03/10/2015,14:20:00,3,1,4.0,10.0,CL 19-KR 3 30,3,1
4425748,03/10/2015,19:57:00,3,1,4.0,6.0,CL 80A-KR 23 S 02,19,10
4425657,04/10/2015,02:30:00,2,1,4.0,1.0,AV AVENIDA BOYACA-CL 39B S 01,8,1
4425827,04/10/2015,14:45:00,3,1,4.0,10.0,CL 132A-KR 123B 02,11,1
4425728,04/10/2015,16:15:00,3,1,4.0,10.0,KR 86-CL 147B 02,11,10
4426861,04/10/2015,16:50:00,2,1,4.0,1.0,AK 30-CL 23 02,16,1
4425822,04/10/2015,17:00:00,3,1,4.0,6.0,KR 17N-CL 69D S 02,19,2
4425684,04/10/2015,23:00:00,3,1,4.0,2.0,KR 13-CL 58 02,2,2
4425616,04/10/2015,23:15:00,2,1,4.0,1.0,KR 1-CL 70 S 02,5,1
4425855,06/10/2015,05:45:00,2,1,4.0,2.0,CL 70C-KR 18D S 02,19,2
4426012,06/10/2015,22:10:00,2,1,4.0,1.0,AV AVENIDA BOYACA-CL 80 02,10,1
4425963,07/10/2015,11:40:00,2,1,4.0,1.0,AV AVENIDA DEL SUR-KR 53 02,16,1
4425972,07/10/2015,12:30:00,3,1,4.0,1.0,AV AVENIDA CIRCUNVALAR-CL 12 02,17,1
4426042,08/10/2015,14:30:00,2,1,4.0,1.0,AK 9-CL 110 02,1,1
4426625,09/10/2015,00:30:00,1,1,4.0,1.0,CL 58-KR 18B S 02,6,2
4426037,09/10/2015,00:30:00,1,1,4.0,3.0,KR 18F-CL 90 S 60,19,1
4426211,09/10/2015,07:20:00,3,1,4.0,10.0,KR 42A-CL 17 02,16,2
4426230,09/10/2015,12:30:00,3,1,4.0,10.0,KR 129A-CL 142CBIS 02,11,1
4426205,09/10/2015,16:00:00,3,1,4.0,10.0,DG 47A-KR 53A S 28,6,1
4426296,09/10/2015,21:50:00,3,1,4.0,2.0,CL 22-KR 103A 27,10,1
4426307,10/10/2015,03:45:00,3,1,4.0,10.0,KR 81-CL 127A 66,11,1
4426291,10/10/2015,15:00:00,3,1,4.0,6.0,KR 18R-CL 72 S 69,19,2
4426220,10/10/2015,21:10:00,2,1,4.0,10.0,CL 8-KR 29B S 34,14,1
4426310,11/10/2015,00:50:00,3,1,4.0,6.0,KR 60-CL 97 85,12,1
4426282,12/10/2015,10:00:00,3,1,4.0,2.0,KR 23B-CL 32 S 41,18,1
4426309,12/10/2015,15:00:00,2,1,4.0,5.0,CL 26-KR 19B 02,14,2
4426174,12/10/2015,23:15:00,2,1,4.0,3.0,AK 68-CL 18A 02,16,1
4426427,13/10/2015,04:40:00,2,1,4.0,2.0,AV AVENIDA PRIMERO DE MAYO-KR 51B 02,16,1
4426426,13/10/2015,10:30:00,3,1,4.0,6.0,CL 93F-KR 14 02,2,1
4426393,13/10/2015,14:20:00,3,1,4.0,1.0,KR 50-CL 26 02,13,1
4426455,13/10/2015,16:00:00,3,1,4.0,10.0,KR 69A-CL 4 S 02,8,1
4426536,14/10/2015,12:00:00,3,1,4.0,10.0,KR 118B-CL 70 02,10,1
4426664,15/10/2015,15:00:00,2,1,4.0,1.0,CL 45-KR 30 02,13,4
4426639,15/10/2015,16:05:00,3,1,4.0,3.0,AK 15-CL 127B 78,1,1
4426588,15/10/2015,19:30:00,2,1,4.0,1.0,AV AVENIDA BOYACA-CL 50 02,10,1
4426584,15/10/2015,22:10:00,2,1,4.0,6.0,KR 3-CL 31B ES 30,4,1
4426665,16/10/2015,11:00:00,3,1,4.0,6.0,KR 26-CL 74A 28,12,1
4426713,16/10/2015,12:05:00,3,1,4.0,10.0,KR 109-CL 151C 02,11,1
4426756,16/10/2015,21:30:00,2,1,4.0,2.0,KR 3-CL 6F ES 16,4,1
4426795,17/10/2015,01:50:00,3,1,4.0,1.0,KR 118-CL 83A 67,10,1
4426823,17/10/2015,04:30:00,3,1,4.0,11.0,KR 30-CL 60 02,16,1
4426914,17/10/2015,09:00:00,3,1,4.0,8.0,TR 126-CL 132A S 02,4,2
4426813,17/10/2015,16:00:00,3,1,4.0,10.0,CL 57-KR 18 S 02,6,1
4426781,18/10/2015,02:30:00,2,1,4.0,9.0,AC 26-KR 51 80,13,1
4426866,18/10/2015,03:00:00,3,1,4.0,3.0,KR 111C-CL 88 15,10,1
4426765,18/10/2015,08:00:00,2,1,4.0,4.0,AV AVENIDA SUBA-CL 129 02,11,6
4426782,18/10/2015,09:00:00,3,1,4.0,10.0,CL 41-KR 26 S 87,6,1
4426801,18/10/2015,09:00:00,3,1,4.0,2.0,CL 127-KR 54 02,11,1
4427022,18/10/2015,11:00:00,3,1,4.0,5.0,KR 7-CL 26 02,3,2
4426853,18/10/2015,20:30:00,3,1,4.0,10.0,CL 49-KR 87D S 10,7,1
4426837,19/10/2015,00:50:00,3,1,4.0,4.0,AK 68-CL 55 65,10,1
4426890,20/10/2015,00:30:00,2,1,4.0,1.0,KR 68-CL 98 02,12,1
4427008,20/10/2015,05:50:00,2,1,4.0,10.0,DG 39-AK 3 SE 20,4,1
4427015,20/10/2015,07:50:00,3,1,4.0,10.0,TR 84-CL 136 02,11,10
4427042,20/10/2015,12:10:00,3,1,4.0,2.0,KR 75L-CL 62I S 02,19,2
4427608,20/10/2015,13:00:00,3,1,4.0,10.0,KR 8C-CL 181 02,1,1
4427069,20/10/2015,13:05:00,3,1,4.0,1.0,CL 63F-KR 28B 02,12,1
4427048,20/10/2015,13:50:00,3,1,4.0,2.0,KR 72H-CL 37D S 02,8,2
4427190,21/10/2015,18:00:00,3,1,4.0,6.0,KR 69B-CL 22 06,9,1
4427260,21/10/2015,19:30:00,3,1,4.0,6.0,KR 18BIS-CL 60G S 02,19,1
4427322,22/10/2015,01:00:00,2,1,4.0,1.0,CL 187-KR 45 02,11,1
4427259,22/10/2015,08:15:00,3,1,4.0,2.0,KR 8A-CL 19 ES 32,4,2
4427200,22/10/2015,09:30:00,2,1,4.0,4.0,AV AVENIDA BOYACA-CL 74 S 02,5,1
4427232,22/10/2015,13:15:00,3,1,4.0,5.0,CL 3-KR 19A 36,14,2
4427330,22/10/2015,20:45:00,2,1,4.0,11.0,AV AVENIDA BOYACA-CL 26 02,10,1
4427505,23/10/2015,09:20:00,3,1,4.0,2.0,CL 147-KR 89 18,11,1
4427482,23/10/2015,11:15:00,3,1,4.0,10.0,KR 14-CL 137 S 02,5,1
4427440,23/10/2015,13:43:00,3,1,4.0,8.0,CL 138-KR 49 36,11,1
4427311,23/10/2015,22:45:00,1,1,4.0,1.0,AV AVENIDA CIUDAD DE CALI-CL 81 37,10,1
4427526,24/10/2015,05:35:00,3,1,4.0,6.0,CL 31-KR 11 S 34,18,1
4427510,24/10/2015,10:45:00,3,1,4.0,2.0,CL 56F-KR 99B S 05,7,1
4427485,25/10/2015,02:30:00,2,1,4.0,11.0,AV AVENIDA BOYACA-CL 22 02,9,1
4427573,25/10/2015,13:35:00,2,1,4.0,2.0,CL 170-KR 78 02,11,1
4427633,25/10/2015,15:10:00,3,1,4.0,6.0,KR 33A-CL 30 S 61,15,1
4427624,25/10/2015,21:10:00,3,1,4.0,10.0,KR 36-CL 23A 37,16,1
4427830,26/10/2015,04:18:00,3,1,4.0,1.0,AV AVENIDA DE LAS AMERICAS-KR 65 02,16,1
4427644,26/10/2015,04:35:00,3,1,4.0,5.0,KR 7-CL 121 02,1,2
4427832,26/10/2015,17:50:00,2,1,4.0,1.0,KR 8-CL 65 02,2,1
4427631,26/10/2015,21:45:00,3,1,4.0,1.0,TR 21-CL 96 02,2,1
4427763,27/10/2015,15:00:00,3,1,4.0,2.0,KR 7-CL 127 02,1,1
4427869,27/10/2015,15:57:00,2,1,4.0,3.0,CL 149-KR 91 50,11,1
4427775,28/10/2015,16:45:00,1,1,4.0,10.0,AV AVENIDA CIUDAD DE CALI-AC 63 02,10,1
4427958,29/10/2015,09:30:00,3,1,4.0,2.0,KR 73-CL 51 71,10,1
4428164,29/10/2015,17:40:00,3,1,4.0,10.0,KR 94H-CL 83A 02,10,1
4427933,30/10/2015,03:50:00,2,1,4.0,8.0,CL 61-KR 72 S 02,6,1
4428043,31/10/2015,04:50:00,2,1,4.0,4.0,AK 30-CL 63 02,13,1
4428367,31/10/2015,12:30:00,3,1,4.0,2.0,KR 13-CL 59 70,2,1
4431979,31/10/2015,12:45:00,2,1,4.0,10.0,CL 103C-KR 136 32,11,1
4428116,31/10/2015,13:30:00,2,1,4.0,6.0,KR 86A-CL 56B S 02,7,1
4428229,31/10/2015,14:00:00,3,1,4.0,10.0,AK 45-CL 163B 02,1,1
4428120,31/10/2015,23:00:00,2,1,4.0,2.0,AK 50-CL 22 02,13,1
4428221,31/10/2015,23:30:00,3,1,4.0,1.0,KR 24C-DG 48D S 02,6,1
4428280,01/11/2015,00:10:00,3,1,4.0,2.0,AK 30-CL 65 67,12,1
4428035,01/11/2015,04:25:00,1,1,4.0,1.0,AK 30-CL 60 35,12,1
4428281,01/11/2015,14:30:00,3,1,4.0,10.0,CL 98A-KR 58 31,12,1
4428295,01/11/2015,18:15:00,3,1,4.0,10.0,TR 13FBISA-CL 45F S 17,18,1
4428285,02/11/2015,05:10:00,3,1,4.0,1.0,AV AVENIDA CARACAS-CL 54BIS 02,2,1
4428435,02/11/2015,05:50:00,3,1,4.0,2.0,AV AVENIDA PRIMERO DE MAYO-KR 68H 02,8,1
4428260,02/11/2015,06:20:00,3,1,4.0,2.0,KR 99-CL 19 02,9,1
4428348,02/11/2015,07:30:00,2,1,4.0,4.0,KR 30-CL 42 02,13,4
4428256,02/11/2015,11:00:00,3,1,4.0,1.0,CL 5C-KR 54 02,16,1
4428361,02/11/2015,16:10:00,3,1,4.0,6.0,CL 59-KR 8 21,2,1
4428286,02/11/2015,19:30:00,3,1,4.0,2.0,KR 77-CL 68A S 33,19,1
4428400,03/11/2015,06:00:00,3,1,4.0,2.0,CL 32C-KR 1 SE 02,4,1
4428457,03/11/2015,23:45:00,3,1,4.0,10.0,CL 12-KR 30 S 02,15,1
4428591,04/11/2015,09:45:00,3,1,4.0,10.0,CL 70-KR 49A S 15,19,1
4428628,04/11/2015,10:10:00,3,1,4.0,2.0,CL 8-KR 68B 02,8,1
4428599,04/11/2015,19:19:00,3,1,4.0,1.0,AV AVENIDA SUBA-CL 131 02,11,2
4428576,05/11/2015,09:30:00,3,1,4.0,10.0,KR 13-CL 33 18,3,10
4428629,06/11/2015,01:50:00,3,1,4.0,1.0,CL 134-KR 51 02,11,1
4428754,06/11/2015,09:00:00,3,1,4.0,7.0,KR 24D-CL 18 S 02,15,2
4428828,06/11/2015,10:30:00,3,1,4.0,10.0,DG 40A-KR 74C 02,8,1
4428681,06/11/2015,15:50:00,2,1,4.0,10.0,KR 88C-CL 45A S 02,8,1
4428790,07/11/2015,13:40:00,3,1,4.0,3.0,KR 45A-CL 134A 02,11,1
4428835,07/11/2015,18:30:00,2,1,4.0,10.0,AC 26-KR 72 02,10,1
4428802,07/11/2015,21:50:00,3,1,4.0,10.0,CL 131-KR 102 04,11,1
4428758,08/11/2015,02:50:00,2,1,4.0,6.0,DG 45A-KR 13G S 40,18,1
4428910,08/11/2015,03:30:00,3,1,4.0,10.0,KR 10-CL 48I S 13,18,1
4428736,08/11/2015,07:30:00,2,1,4.0,10.0,CL 22BIS-KR 2 SE 15,4,1
4428919,09/11/2015,05:40:00,3,1,4.0,10.0,AV AVENIDA BOYACA-CL 65 S 02,19,1
4428967,09/11/2015,16:00:00,3,1,4.0,2.0,CL 136A-KR 109C 46,11,1
4428978,09/11/2015,16:40:00,3,1,4.0,6.0,DG 39-KR 1B SE 35,4,1
4429255,10/11/2015,19:30:00,3,1,4.0,10.0,CL 10A-KR 40 41,16,1
4429264,10/11/2015,20:55:00,3,1,4.0,10.0,CL 10-KR 91 S 50,8,1
4429601,11/11/2015,16:46:00,3,1,4.0,1.0,CL 22-KR 34 S 02,15,1
4429176,11/11/2015,19:15:00,3,1,4.0,10.0,CL 135-KR 49 02,11,10
4429288,11/11/2015,19:20:00,2,1,4.0,1.0,KR 5-CL 26B 02,3,2
4429197,11/11/2015,22:10:00,2,1,4.0,2.0,AC 63-KR 96 06,10,1
4429380,12/11/2015,08:20:00,3,1,4.0,2.0,TR 100-CL 80A 20,10,1
4430075,12/11/2015,12:45:00,3,1,4.0,10.0,AV AVENIDA DE LAS AMERICAS-KR 61 45,16,1
4429450,12/11/2015,15:00:00,3,1,4.0,2.0,CL 6B-KR 71C S 53,8,1
4429291,12/11/2015,23:01:00,1,1,4.0,1.0,KR 30-CL 12B 02,14,1
4429414,13/11/2015,07:10:00,3,1,4.0,10.0,KR 30-CL 12 02,16,1
4429502,13/11/2015,08:30:00,3,1,4.0,10.0,CL 49A-KR 26 S 02,6,1
4429456,13/11/2015,20:40:00,3,1,4.0,3.0,KR 45-CL 127BBIS 02,1,1
4429477,14/11/2015,10:00:00,3,1,4.0,6.0,KR 3A-CL 36B ES 12,4,1
4429355,14/11/2015,15:10:00,2,1,4.0,1.0,AV AVENIDA DE LAS AMERICAS-KR 44 02,16,1
4429308,14/11/2015,16:10:00,2,1,4.0,6.0,CL 21-KR 10 SE 33,4,1
4429466,15/11/2015,00:15:00,3,1,4.0,10.0,AV AVENIDA CIUDAD DE CALI-CL 80 02,10,4
4429574,15/11/2015,16:30:00,3,1,4.0,6.0,CL 90-KR 7B SE 02,5,1
4429498,16/11/2015,01:50:00,2,1,4.0,4.0,AK 45-CL 163 02,1,1
4429578,16/11/2015,03:00:00,3,1,4.0,1.0,AK 19-CL 134 02,1,1
4429538,16/11/2015,16:40:00,2,1,4.0,1.0,KR 5-CL 114H ES 02,5,1
4429558,16/11/2015,18:30:00,3,1,4.0,2.0,AV AVENIDA BOYACA-CL 138 02,11,1
4429646,17/11/2015,06:05:00,3,1,4.0,6.0,CL 37-KR 22A S 10,18,1
4429536,17/11/2015,16:15:00,2,1,4.0,8.0,KR 78C-CL 70B S 02,7,1
4429553,17/11/2015,20:50:00,2,1,4.0,10.0,AK 20-CL 81 54,2,1
4429712,18/11/2015,04:20:00,3,1,4.0,4.0,CL 170-KR 92 02,11,1
4429733,18/11/2015,05:30:00,3,1,4.0,2.0,KR 57A-CL 74 02,12,2
4429751,18/11/2015,06:30:00,3,1,4.0,6.0,KR 7-CL 92A 04,2,1
4429746,18/11/2015,14:20:00,3,1,4.0,1.0,AK 30-CL 13 02,14,1
4429743,18/11/2015,17:00:00,3,1,4.0,10.0,TR 13J-CL 45F 61,18,1
4429776,18/11/2015,23:30:00,2,1,4.0,2.0,KR 22-CL 13A ES 02,4,2
4429887,19/11/2015,06:10:00,2,1,4.0,7.0,CL 187-KR 19A 02,1,1
4432125,19/11/2015,07:00:00,3,1,4.0,2.0,CL 26-KR 86 02,10,1
4429906,19/11/2015,09:00:00,3,1,4.0,1.0,CL 118-KR 16 41,1,10
4429866,19/11/2015,15:00:00,3,1,4.0,1.0,KR 3-CL 20 66,17,1
4429886,20/11/2015,16:06:00,2,1,4.0,1.0,AC 13-KR 55 02,16,1
4430078,21/11/2015,05:30:00,3,1,4.0,8.0,AK 45-CL 170 02,1,1
4430053,21/11/2015,09:30:00,3,1,4.0,10.0,KR 68A-CL 39F S 15,8,1
4430083,21/11/2015,22:40:00,3,1,4.0,6.0,KR 18T-CL 65A S 27,19,1
4430129,22/11/2015,03:30:00,3,1,4.0,2.0,KR 80-CL 51B S 35,8,1
4430251,23/11/2015,08:30:00,3,1,4.0,2.0,KR 77M-CL 65A S 02,7,1
4430156,23/11/2015,10:30:00,3,1,4.0,6.0,KR 9-CL 123 43,1,10
4430151,23/11/2015,11:05:00,3,1,4.0,10.0,AC 26-KR 113 81,9,10
4430113,23/11/2015,13:20:00,1,1,4.0,2.0,CL 74-KR 57A 02,12,2
4430257,23/11/2015,15:45:00,3,1,4.0,10.0,CL 22C-KR 68F 34,9,10
4430180,23/11/2015,16:45:00,3,1,4.0,10.0,CL 24A-KR 57 69,13,1
4430235,23/11/2015,17:00:00,3,1,4.0,10.0,AV AVENIDA CENTENARIO-KR 90 95,9,10
4430227,24/11/2015,03:30:00,3,1,4.0,2.0,KR 69B-CL 31 06,9,10
4430219,24/11/2015,12:28:00,3,1,4.0,10.0,CL 11-KR 60 31,16,1
4430445,25/11/2015,18:10:00,3,1,4.0,1.0,CL 119-KR 7 25,1,10
4430428,25/11/2015,22:20:00,2,1,4.0,11.0,KR 45-CL 44C 02,13,2
4430390,26/11/2015,05:45:00,1,1,4.0,11.0,AV AVENIDA DE LAS AMERICAS-KR 79 02,8,1
4430487,26/11/2015,07:10:00,3,1,4.0,10.0,CL 72-KR 105F 02,10,1
4430495,26/11/2015,15:00:00,3,1,4.0,8.0,AV AVENIDA BOYACA-CL 12C 02,8,1
4430765,27/11/2015,13:30:00,2,1,4.0,2.0,KR 32A-CL 25B 38,13,1
4430665,27/11/2015,14:00:00,3,1,4.0,10.0,CL 82-KR 12 21,2,1
4430837,28/11/2015,07:00:00,3,1,4.0,10.0,KR 2A-CL 72 02,2,1
4430664,28/11/2015,15:30:00,3,1,4.0,1.0,CL 65B-KR 18M S 31,19,1
4430850,30/11/2015,17:00:00,3,1,4.0,10.0,CL 11-KR 20A 19,14,1
4430860,01/12/2015,02:40:00,3,1,4.0,1.0,KR 77-CL 59A S 02,19,1
4430934,01/12/2015,07:20:00,3,1,4.0,1.0,AK 87H-CL 147B 25,11,1
4430935,01/12/2015,10:40:00,3,1,4.0,5.0,KR 58D-CL 138 02,11,2
4430873,01/12/2015,11:30:00,1,1,4.0,1.0,KR 13F-CL 40F S 42,18,1
4430967,01/12/2015,12:30:00,3,1,4.0,10.0,CL 8-KR 69D S 09,8,1
4430951,01/12/2015,14:55:00,3,1,4.0,6.0,CL 132D-KR 129 82,11,2
4431040,02/12/2015,04:00:00,3,1,4.0,2.0,KR 2-CL 166A 50,1,1
4431023,02/12/2015,09:00:00,3,1,4.0,2.0,KR 68F-CL 25 S 02,8,1
4431053,02/12/2015,09:10:00,2,1,4.0,10.0,CL 215-KR 45 45,11,1
4431050,02/12/2015,11:00:00,3,1,4.0,2.0,CL 65-KR 77M S 02,7,1
4431079,03/12/2015,09:15:00,2,1,4.0,2.0,AV AVENIDA CIUDAD DE VILLAVICENCIO-KR 57H S 02,7,1
4431217,03/12/2015,19:00:00,3,1,4.0,10.0,CL 63-KR 76 02,10,1
4431255,04/12/2015,05:00:00,3,1,4.0,10.0,TR 73J-CL 62H S 51,19,1
4431274,04/12/2015,12:20:00,2,1,4.0,6.0,CL 146B-KR 76 18,11,1
4431561,04/12/2015,16:50:00,2,1,4.0,4.0,AV AVENIDA CIRCUNVALAR-CL 62 02,2,1
4431269,04/12/2015,17:50:00,3,1,4.0,10.0,KR 42-CL 72A S 02,19,1
4431245,05/12/2015,01:25:00,1,1,4.0,2.0,AC 72-KR 72 02,10,4
4431376,05/12/2015,03:20:00,3,1,4.0,3.0,KR 12-CL 78 71,2,1
4431365,05/12/2015,11:30:00,3,1,4.0,10.0,CL 20-KR 5 67,17,1
4431331,05/12/2015,17:09:00,3,1,4.0,10.0,TR 56-CL 105 05,11,2
4431317,05/12/2015,23:15:00,2,1,4.0,1.0,DG 76BIS-KR 30 02,12,1
4431514,07/12/2015,07:00:00,3,1,4.0,10.0,TR 14-CL 48 ES 68,4,1
4431510,07/12/2015,14:00:00,3,1,4.0,3.0,CL 44-KR 66B 25,13,1
4431563,08/12/2015,17:20:00,3,1,4.0,6.0,KR 13-CL 16A 11,3,1
4431613,08/12/2015,18:20:00,3,1,4.0,10.0,KR 6B-CL 163A 04,1,1
4431631,09/12/2015,09:00:00,3,1,4.0,1.0,CL 63-KR 73 13,10,1
4431688,09/12/2015,18:50:00,3,1,4.0,10.0,DG 19D-KR 39 36,16,1
4431722,10/12/2015,08:40:00,2,1,4.0,3.0,KR 9-CL 103 58,1,1
4431810,10/12/2015,11:00:00,3,1,4.0,10.0,CL 9-KR 31 02,16,1
4431806,11/12/2015,11:00:00,3,1,4.0,1.0,KR 100-CL 18 02,9,10
4431777,11/12/2015,16:18:00,2,1,4.0,8.0,KR 33-CL 42 S 52,6,1
4432016,12/12/2015,03:40:00,3,1,4.0,2.0,TR 8-DG 4A 02,3,1
4431897,12/12/2015,08:30:00,2,1,4.0,3.0,AK 45-CL 182 02,1,1
4431986,12/12/2015,22:00:00,3,1,4.0,10.0,CL 28-KR 51A S 33,16,1
4431942,13/12/2015,06:45:00,3,1,4.0,8.0,KR 9-CL 115 30,1,10
4431933,13/12/2015,18:10:00,3,1,4.0,10.0,TR 127C-CL 139B 02,11,10
4432132,14/12/2015,16:08:00,3,1,4.0,10.0,KR 10-CL 7 26,17,1
4432170,15/12/2015,05:50:00,2,1,4.0,6.0,KR 75-CL 167 89,11,1
4432168,15/12/2015,17:00:00,3,1,4.0,10.0,KR 30-CL 17 02,12,2
4432183,15/12/2015,21:00:00,3,1,4.0,10.0,KR 7BBIS-CL 128 33,1,1
4432209,16/12/2015,16:30:00,3,1,4.0,10.0,CL 68-KR 20 02,12,1
4432261,16/12/2015,17:50:00,3,1,4.0,10.0,KR 47-CL 68B S 02,19,1
4432304,16/12/2015,20:30:00,3,1,4.0,6.0,CL 3-KR 37 55,16,1
4432333,17/12/2015,14:40:00,3,1,4.0,2.0,TR 49D-CL 69D S 02,19,2
4432454,17/12/2015,21:00:00,2,1,4.0,5.0,CL 17-KR 89 02,9,1
4432378,17/12/2015,23:00:00,3,1,4.0,2.0,KR 38A-CL 2B 02,16,2
4432433,18/12/2015,10:20:00,3,1,4.0,2.0,CL 58A-KR 48B S 12,6,1
4432415,18/12/2015,10:27:00,2,1,4.0,6.0,KR 11-CL 103 S 36,5,1
4432480,18/12/2015,11:15:00,3,1,4.0,6.0,KR 90-CL 156 96,11,1
4432591,18/12/2015,13:00:00,3,1,4.0,10.0,KR 14-CL 100 48,1,1
4432522,18/12/2015,20:45:00,3,1,4.0,10.0,CL 163-KR 54 35,11,1
4432470,19/12/2015,05:15:00,2,1,4.0,1.0,DG 84A-KR 76 81,10,1
4432709,19/12/2015,14:30:00,3,1,4.0,10.0,CL 13-KR 69 02,9,10
4432475,20/12/2015,02:40:00,2,1,4.0,10.0,CL 37A-KR 89 S 02,8,10
4432599,20/12/2015,14:46:00,3,1,4.0,1.0,KR 91-CL 127A 68,11,1
4432783,21/12/2015,20:30:00,3,1,4.0,2.0,KR 36A-CL 57B 10,13,1
4432752,22/12/2015,03:30:00,3,1,4.0,10.0,AV AVENIDA CIUDAD DE CALI-KR 12 02,8,1
4432793,22/12/2015,10:40:00,3,1,4.0,10.0,CL 161A-KR 19A 02,1,1
4432853,22/12/2015,16:00:00,3,1,4.0,1.0,CL 180-KR 7A 02,1,10
4433093,23/12/2015,16:00:00,3,1,4.0,10.0,AC 13-KR 69B 02,9,10
4432883,24/12/2015,00:10:00,3,1,4.0,1.0,CL 51-KR 32 S 02,6,1
4432874,24/12/2015,01:20:00,1,1,4.0,2.0,KR 111-CL 171 02,11,1
4432991,24/12/2015,07:10:00,2,1,4.0,2.0,CL 36-KR 26B S 80,18,1
4433006,24/12/2015,10:00:00,3,1,4.0,10.0,KR 146-CL 17 61,1,10
4433057,24/12/2015,13:15:00,3,1,4.0,10.0,KR 28B-CL 74 02,12,1
4433013,24/12/2015,23:40:00,3,1,4.0,10.0,CL 66A-KR 74A 56,10,10
4433031,25/12/2015,04:10:00,2,1,4.0,10.0,CL 66-KR 74B 02,10,1
4433087,26/12/2015,05:00:00,3,1,4.0,1.0,KR 7-CL 32 33,13,1
4433045,27/12/2015,07:40:00,3,1,4.0,10.0,KR 90C-CL 6A 31,8,1
4433170,27/12/2015,19:00:00,3,1,4.0,3.0,KR 7-CL 165 02,1,1
4433197,28/12/2015,17:00:00,3,1,4.0,2.0,KR 3BIS-CL 55B ES 02,5,1
4433245,29/12/2015,04:25:00,1,1,4.0,1.0,AK 68-CL 67C 60,12,1
4433349,30/12/2015,00:01:00,3,1,4.0,10.0,AV AVENIDA CARACAS-CL 81A S 13,5,1
4433336,30/12/2015,05:30:00,3,1,4.0,10.0,CL 142-KR 127F 06,11,1
4433333,30/12/2015,08:40:00,3,1,4.0,1.0,CL 63A-KR 20 02,12,2
4433408,30/12/2015,11:30:00,3,1,4.0,1.0,KR 71-CL 67 02,10,1
4433340,30/12/2015,14:20:00,3,1,4.0,6.0,KR 28A-CL 39A 36,13,1
4433354,30/12/2015,20:00:00,3,1,4.0,10.0,KR 10D-CL 17C ES 16,4,1
4433320,31/12/2015,00:30:00,3,1,4.0,2.0,KR 68F-CL 65 62,10,1
4433444,31/12/2015,04:00:00,3,1,4.0,2.0,TR 94L-CL 80 02,10,1
4433450,31/12/2015,11:05:00,3,1,4.0,6.0,CL 68B-KR 9B S 15,5,1
4433513,01/01/2016,11:55:00,3,1,4.0,6.0,KR 32C-CL 1F 39,16,1
4433459,01/01/2016,14:30:00,2,1,4.0,1.0,AK 30-CL 20 02,13,1
4433505,01/01/2016,14:45:00,3,1,4.0,10.0,KR 12A-CL 43A ES 23,4,1
4433453,01/01/2016,19:40:00,2,1,4.0,1.0,CL 92-KR 14BIS SE 02,5,1
4433503,01/01/2016,23:00:00,3,1,4.0,8.0,AC 72-KR 68G 57,10,1
4433515,02/01/2016,07:00:00,3,1,4.0,10.0,AK 45-CL 205 59,1,1
4433473,02/01/2016,08:40:00,2,1,4.0,11.0,KR 77BIS-CL 62D S 74,19,2
4433565,02/01/2016,21:30:00,3,1,4.0,6.0,KR 45B-CL 70A S 50,19,1
4433583,03/01/2016,18:10:00,3,1,4.0,1.0,KR 34F-CL 29 S 02,15,2
4433572,04/01/2016,10:35:00,3,1,4.0,10.0,CL 92-KR 12 68,2,1
4433545,04/01/2016,11:00:00,2,1,4.0,1.0,CL 8B-KR 7 SE 02,4,1
4433605,05/01/2016,19:00:00,3,1,4.0,2.0,KR 1A-CL 65 24,2,1
4433680,06/01/2016,09:35:00,3,1,4.0,10.0,KR 26-CL 23A 02,14,1
4433660,07/01/2016,01:00:00,3,1,4.0,2.0,AV AVENIDA BOYACA-CL 97BIS 02,11,1
4433746,07/01/2016,01:20:00,3,1,4.0,1.0,AV AVENIDA SUBA-CL 138 02,11,1
4433760,08/01/2016,00:30:00,3,1,4.0,4.0,AK 10-CL 13 02,17,2
4433758,08/01/2016,00:50:00,3,1,4.0,1.0,AK 30-CL 12 S 02,15,1
4433936,09/01/2016,02:30:00,3,1,4.0,2.0,CL 54-KR 91D S 02,7,1
4433907,09/01/2016,09:30:00,3,1,4.0,2.0,CL 62-TR 4 E 02,2,1
4433981,09/01/2016,11:30:00,3,1,4.0,10.0,KR 9-CL 127 02,1,1
4433925,09/01/2016,14:30:00,3,1,4.0,6.0,CL 189-KR 8A 05,1,1
4433886,09/01/2016,23:00:00,3,1,4.0,6.0,KR 24-CL 2A 21,14,1
4433878,10/01/2016,00:40:00,1,1,4.0,1.0,CL 137-TR 127 02,11,2
4433946,10/01/2016,19:30:00,3,1,4.0,10.0,CL 22C-KR 68F 37,9,10
4433950,11/01/2016,08:30:00,3,1,4.0,10.0,CL 50-KR 5X S 19,18,1
4433935,11/01/2016,13:40:00,3,1,4.0,10.0,KR 25-CL 65 05,12,1
4433944,11/01/2016,16:05:00,3,1,4.0,10.0,CL 11-KR 1 SE 05,4,1
4434208,14/01/2016,16:00:00,3,1,4.0,4.0,CL 116-KR 45 03,11,6
4434187,15/01/2016,00:50:00,2,1,4.0,1.0,AV AVENIDA BOYACA-CL 128 02,11,1
4434257,15/01/2016,23:00:00,3,1,4.0,2.0,KR 68D-CL 34 S 33,8,1
4434467,16/01/2016,04:30:00,3,1,4.0,10.0,AC 13-KR 90 89,9,10
4434394,16/01/2016,12:00:00,3,1,4.0,10.0,AC 13-KR 72 60,9,1
4434306,16/01/2016,13:20:00,2,1,4.0,10.0,AK 45-CL 222 02,1,1
4434372,16/01/2016,15:10:00,3,1,4.0,10.0,KR 8-CL 79 24,2,1
4434353,17/01/2016,04:40:00,3,1,4.0,6.0,KR 19-CL 127 26,1,1
4434562,18/01/2016,07:30:00,3,1,4.0,6.0,KR 116A-CL 23 08,9,1
4434517,18/01/2016,14:20:00,2,1,4.0,10.0,CL 12-KR 31 02,16,1
4434720,20/01/2016,02:40:00,3,1,4.0,10.0,AC 26-KR 114 02,9,1
4434670,20/01/2016,09:30:00,3,1,4.0,10.0,CL 13-KR 81A 02,9,10
4434627,20/01/2016,21:55:00,2,1,4.0,10.0,CL 40B-KR 87C S 02,8,1
4434707,20/01/2016,23:54:00,2,1,4.0,1.0,AC 26-KR 69 63,9,8
4434714,21/01/2016,05:20:00,3,1,4.0,2.0,CL 87-KR 11A 76,2,1
4434896,22/01/2016,09:50:00,3,1,4.0,10.0,KR 40-CL 11A 02,16,10
4434804,22/01/2016,13:00:00,3,1,4.0,10.0,CL 5C-KR 54 33,16,1
4434798,22/01/2016,17:20:00,3,1,4.0,2.0,KR 13-CL 127 55,1,1
4434988,23/01/2016,14:30:00,3,1,4.0,4.0,AK 7-CL 114 02,1,1
4434881,23/01/2016,23:45:00,2,1,4.0,10.0,DG 51A-KR 60D S 04,6,1
4434920,24/01/2016,11:00:00,3,1,4.0,10.0,KR 19-CL 186C 02,1,1
4435086,24/01/2016,13:00:00,3,1,4.0,10.0,KR 123-CL 131 64,11,10
4434970,24/01/2016,13:30:00,3,1,4.0,6.0,DG 16-KR 90 80,9,10
4434888,24/01/2016,16:00:00,3,1,4.0,2.0,KR 120-CL 80 02,10,1
4434973,25/01/2016,11:00:00,3,1,4.0,2.0,KR 96C-CL 19 02,9,2
4434994,25/01/2016,13:00:00,3,1,4.0,10.0,KR 11-CL 63 ES 34,4,1
4435062,25/01/2016,17:10:00,3,1,4.0,2.0,KR 92-CL 60 S 90,7,1
4435125,25/01/2016,19:00:00,3,1,4.0,10.0,KR 14-CL 83 34,2,1
4435205,26/01/2016,06:05:00,3,1,4.0,2.0,KR 3-CL 49B S 02,18,1
4435061,26/01/2016,12:10:00,3,1,4.0,10.0,KR 8-CL 96 47,2,10
4435059,26/01/2016,16:30:00,3,1,4.0,2.0,CL 38-KR 81G 94,8,1
4435056,27/01/2016,03:30:00,3,1,4.0,2.0,KR 91-CL 69 S 02,7,1
4435371,28/01/2016,09:20:00,3,1,4.0,2.0,KR 11A-CL 43A ES 02,4,1
4435274,28/01/2016,10:00:00,3,1,4.0,2.0,DG 72-KR 81 S 02,7,1
4435259,29/01/2016,02:00:00,2,1,4.0,1.0,AV AVENIDA DE LAS AMERICAS-KR 78 02,8,1
4435363,29/01/2016,15:30:00,2,1,4.0,2.0,KR 11-CL 66 ES 71,4,1
4435529,31/01/2016,11:30:00,3,1,4.0,1.0,DG 71ABIS-KR 20 95,12,1
4435531,31/01/2016,14:35:00,3,1,4.0,6.0,KR 116-CL 77B 42,10,1
4435670,31/01/2016,16:30:00,3,1,4.0,10.0,KR 26F-CL 35A S 12,18,1
4435566,31/01/2016,19:10:00,3,1,4.0,3.0,CL 116-KR 53B 12,11,1
4435457,31/01/2016,23:50:00,2,1,4.0,10.0,KR 86-CL 8 32,8,1
4435618,01/02/2016,08:40:00,3,1,4.0,1.0,CL 100-KR 10 21,2,1
4435568,01/02/2016,10:00:00,2,1,4.0,1.0,AV AVENIDA DE LAS AMERICAS-KR 71F 02,8,1
4435615,01/02/2016,11:20:00,3,1,4.0,3.0,KR 7-CL 98 02,1,1
4435718,01/02/2016,23:30:00,3,1,4.0,2.0,CL 130-KR 95 02,11,2
4435736,02/02/2016,08:10:00,3,1,4.0,6.0,CL 46-KR 12C SE 15,4,1
4435733,02/02/2016,14:45:00,3,1,4.0,3.0,KR 58-CL 80 75,12,1
4435876,03/02/2016,10:30:00,3,1,4.0,10.0,CL 62-KR 3 25,2,1
4435842,03/02/2016,14:00:00,3,1,4.0,1.0,CL 68A-KR 90A 31,10,1
4435900,03/02/2016,18:15:00,3,1,4.0,10.0,KR 75-CL 59A S 02,19,1
4435793,03/02/2016,19:00:00,3,1,4.0,2.0,KR 3-CL 49C S 04,18,1
4435911,04/02/2016,11:15:00,3,1,4.0,5.0,AC 116-KR 70G 66,11,1
4435974,04/02/2016,13:50:00,2,1,4.0,1.0,AV AVENIDA CIRCUNVALAR-CL 92 02,2,1
4435922,04/02/2016,14:30:00,3,1,4.0,2.0,KR 42-CL 72 S 04,19,1
4435861,04/02/2016,22:40:00,2,1,4.0,11.0,AV AVENIDA BOYACA-AC 86A 02,10,1
4435954,05/02/2016,03:45:00,3,1,4.0,10.0,AV AVENIDA DEL SUR-CL 59 S 02,7,1
4435963,05/02/2016,07:00:00,3,1,4.0,8.0,CL 63-KR 59A 02,13,1
4435936,05/02/2016,12:00:00,3,1,4.0,10.0,AV AVENIDA BOYACA-CL 99 64,11,1
4435984,05/02/2016,21:30:00,3,1,4.0,10.0,KR 52-CL 18 S 02,16,1
4436093,06/02/2016,00:00:00,3,1,4.0,10.0,CL 6-KR 14 S 02,16,1
4436089,06/02/2016,07:37:00,3,1,4.0,6.0,CL 9D-KR 70 19,8,1
4436099,06/02/2016,16:05:00,3,1,4.0,10.0,KR 24FBIS-CL 16A 16,15,1
4436053,07/02/2016,02:00:00,3,1,4.0,3.0,CL 14A-KR 104 02,9,1
4436131,07/02/2016,02:30:00,3,1,4.0,6.0,CL 19-KR 52A S 52,16,1
4436084,07/02/2016,14:00:00,3,1,4.0,1.0,CL 167-KR 74 02,11,1
4436216,07/02/2016,19:45:00,3,1,4.0,3.0,CL 3-KR 26A 48,14,1
4436072,08/02/2016,01:20:00,1,1,4.0,10.0,AK 30-CL 60 02,13,1
4436028,08/02/2016,02:30:00,2,1,4.0,1.0,KR 7-CL 164 02,1,1
4436199,08/02/2016,05:00:00,3,1,4.0,2.0,CL 67-KR 10A SE 18,4,1
4436172,08/02/2016,07:10:00,3,1,4.0,2.0,CL 80-KR 58 84,12,1
4436442,11/02/2016,11:15:00,3,1,4.0,2.0,KR 68D-CL 25 81,9,1
4436710,11/02/2016,12:23:00,3,1,4.0,3.0,CL 116-KR 48 29,11,1
4436500,11/02/2016,12:25:00,3,1,4.0,10.0,CL 129C-KR 96A 02,11,1
4436487,11/02/2016,14:00:00,3,1,4.0,10.0,KR 40-CL 10A 66,16,1
4436556,12/02/2016,06:10:00,2,1,4.0,10.0,AC 63-KR 86 02,10,1
4436594,12/02/2016,19:00:00,3,1,4.0,10.0,CL 112-KR 1 02,1,1
4437260,12/02/2016,22:00:00,2,1,4.0,1.0,KR 92-CL 8 02,8,1
4436736,13/02/2016,13:40:00,3,1,4.0,3.0,CL 29-KR 37 S 21,16,1
4436720,13/02/2016,13:45:00,3,1,4.0,1.0,CL 44-KR 27 S 02,6,1
4436747,13/02/2016,15:10:00,3,1,4.0,3.0,KR 66-CL 75 02,12,1
4436737,13/02/2016,18:10:00,3,1,4.0,2.0,CL 42B-KR 87I S 25,8,1
4436733,13/02/2016,21:00:00,3,1,4.0,2.0,AV AVENIDA SUBA-CL 138 02,11,1
4436743,13/02/2016,23:05:00,3,1,4.0,11.0,CL 37-KR 52A S 02,16,1
4436789,14/02/2016,15:20:00,3,1,4.0,3.0,KR 5-CL 26A 50,3,1
4436766,14/02/2016,17:00:00,3,1,4.0,1.0,AC 26-TR 92 02,9,1
4436826,14/02/2016,20:25:00,3,1,4.0,1.0,CL 13-KR 22 05,14,1
4436912,15/02/2016,11:00:00,3,1,4.0,1.0,CL 12-KR 79A 25,8,10
4436825,15/02/2016,14:00:00,3,1,4.0,1.0,KR 1-CL 68 02,2,1
4436910,15/02/2016,14:30:00,3,1,4.0,6.0,CL 51A-KR 80D 36,8,5
4437502,15/02/2016,15:25:00,2,1,4.0,10.0,AV AVENIDA BOYACA-CL 65A S 24,19,1
4436861,15/02/2016,15:30:00,3,1,4.0,2.0,KR 86A-CL 58C S 2,7,2
4436905,16/02/2016,04:45:00,2,1,4.0,10.0,KR 123-CL 13D 85,9,1
4436927,16/02/2016,06:00:00,3,1,4.0,1.0,KR 1-CL 76A 36,2,1
4437037,16/02/2016,13:00:00,3,1,4.0,10.0,CL 22-KR 110 12,9,1
4437060,17/02/2016,09:10:00,3,1,4.0,10.0,CL 31-KR 70 41,8,1
4436989,17/02/2016,09:40:00,2,1,4.0,9.0,KR 69B-CL 25 S 12,8,10
4437014,17/02/2016,23:30:00,3,1,4.0,10.0,KR 12A-CL 55 S 30,6,1
4437149,18/02/2016,14:30:00,3,1,4.0,10.0,KR 100-CL 20C 02,9,1
4437391,19/02/2016,08:00:00,3,1,4.0,10.0,TR 93-CL 53 32,10,1
4437337,20/02/2016,08:30:00,3,1,4.0,2.0,CL 38-KR 4 SE 86,4,1
4437316,20/02/2016,13:00:00,2,1,4.0,3.0,KR 60-CL 22 02,13,1
4437393,20/02/2016,21:45:00,3,1,4.0,10.0,CL 65-KR 6A SE 51,5,1
4437408,21/02/2016,13:30:00,3,1,4.0,10.0,CL 51-KR 88F S 39,7,1
4437417,21/02/2016,15:00:00,3,1,4.0,6.0,CL 61-KR 15A SE 20,4,1
4437466,22/02/2016,19:40:00,2,1,4.0,5.0,AV AVENIDA CARACAS-CL 41 S 03,6,1
4437504,23/02/2016,04:55:00,2,1,4.0,10.0,TR 42-CL 3 46,16,1
4437608,23/02/2016,11:40:00,2,1,4.0,10.0,AK 45-CL 195 02,1,1
4437500,23/02/2016,19:30:00,2,1,4.0,1.0,AV AVENIDA DE LAS AMERICAS-CL 58A 02,16,1
4437561,24/02/2016,02:38:00,3,1,4.0,6.0,DG 82B-KR 76D 34,10,1
4437587,24/02/2016,05:45:00,1,1,4.0,1.0,AK 30-CL 19 02,14,1
4437672,24/02/2016,08:30:00,3,1,4.0,2.0,CL 63-KR 77 S 02,7,1
4437685,25/02/2016,05:10:00,3,1,4.0,1.0,AK 30-CL 6 02,13,1
4437731,25/02/2016,13:15:00,3,1,4.0,10.0,KR 13A-CL 32A 79,3,1
4437778,26/02/2016,03:00:00,3,1,4.0,10.0,CL 18A-KR 0 27,17,1
4437829,26/02/2016,09:40:00,3,1,4.0,10.0,CL 127B-KR 49 25,11,1
4437971,27/02/2016,07:15:00,3,1,4.0,2.0,CL 16-KR 24G S 02,16,1
4438085,27/02/2016,17:32:00,3,1,4.0,6.0,CL 128-KR 53A 70,11,1
4438050,27/02/2016,23:55:00,3,1,4.0,6.0,CL 136A-KR 110B 02,11,1
4437879,28/02/2016,06:45:00,1,1,4.0,1.0,CL 50-KR 5M S 02,18,1
4437956,28/02/2016,14:30:00,3,1,4.0,3.0,AV AVENIDA BOYACA-CL 73A 02,10,1
4438102,28/02/2016,18:45:00,3,1,4.0,10.0,KR 93C-CL 129B 22,1,1
4438143,29/02/2016,05:15:00,3,1,4.0,2.0,CL 79-KR 69P 02,10,1
4438129,29/02/2016,11:00:00,3,1,4.0,10.0,KR 18L-CL 67 S 02,19,1
4438347,01/03/2016,13:20:00,3,1,4.0,11.0,CL 52A-KR 85G 02,10,1
4438242,01/03/2016,15:30:00,3,1,4.0,10.0,CL 72F-KR 116B 02,10,1
4438215,01/03/2016,21:50:00,2,1,4.0,1.0,AK 45-CL 114 44,1,1
4438225,02/03/2016,04:00:00,3,1,4.0,6.0,KR 24-CL 14 S 68,16,1
4438304,02/03/2016,07:30:00,3,1,4.0,1.0,CL 139-KR 147 02,11,1
4438321,02/03/2016,07:30:00,3,1,4.0,10.0,KR 80-CL 2 51,8,1
4438385,02/03/2016,16:00:00,2,1,4.0,10.0,AV AVENIDA CIUDAD DE VILLAVICENCIO-CL 59 S 30,6,1
4438354,02/03/2016,20:02:00,3,1,4.0,10.0,KR 20C-CL 64 S 13,19,1
4438370,03/03/2016,10:45:00,3,1,4.0,10.0,CL 71-KR 17A S 02,19,1
4438454,03/03/2016,17:20:00,2,1,4.0,10.0,KR 104-CL 22F 30,9,1
4438443,04/03/2016,00:25:00,3,1,4.0,5.0,TR 73-CL 26 S 02,8,1
4438689,04/03/2016,08:30:00,3,1,4.0,9.0,KR 75-CL 59A S 02,19,1
4438508,04/03/2016,10:30:00,3,1,4.0,2.0,AK 30-CL 56 57,13,1
4438474,04/03/2016,13:38:00,3,1,4.0,2.0,CL 30C-KR 9A SE 34,4,1
4438704,05/03/2016,09:00:00,3,1,4.0,10.0,CL 10-KR 28 92,14,1
4438670,05/03/2016,10:00:00,3,1,4.0,2.0,TR 91-DG 4 02,2,1
4438574,06/03/2016,02:40:00,2,1,4.0,3.0,AK 7-CL 95 65,2,1
4438600,06/03/2016,04:45:00,2,1,4.0,1.0,AK 45-CL 144 35,1,1
4438785,06/03/2016,05:00:00,3,1,4.0,5.0,AK 116-CL 18 02,9,1
4438734,06/03/2016,10:30:00,3,1,4.0,1.0,CL 3-KR 70 84,8,1
4438733,06/03/2016,12:10:00,3,1,4.0,10.0,KR 72Q-CL 43 S 30,8,1
4438705,06/03/2016,17:10:00,3,1,4.0,2.0,CL 127-KR 87A 02,11,1
4438706,07/03/2016,01:52:00,3,1,4.0,6.0,KR 68-CL 55 65,10,1
4438807,07/03/2016,05:45:00,3,1,4.0,10.0,CL 105-KR 19A 42,1,10
4438842,07/03/2016,13:20:00,3,1,4.0,5.0,AC 68-KR 54 02,12,1
4438879,07/03/2016,14:10:00,2,1,4.0,2.0,KR 18L-CL 69T S 22,19,1
4438870,07/03/2016,16:00:00,2,1,4.0,1.0,AV AVENIDA DEL SUR-CL 63 S 02,7,2
4438830,07/03/2016,22:20:00,3,1,4.0,1.0,AV AVENIDA DEL SUR-KR 57 20,8,1
4438953,08/03/2016,11:00:00,2,1,4.0,10.0,AV AVENIDA CIUDAD DE CALI-CL 38D S 02,8,1
4438850,08/03/2016,18:10:00,2,1,4.0,10.0,KR 28-CL 68 30,12,1
4438981,09/03/2016,05:30:00,3,1,4.0,2.0,CL 26-KR 50 02,12,1
4439013,09/03/2016,05:35:00,3,1,4.0,1.0,AK 9-CL 110 02,1,1
4438982,09/03/2016,05:45:00,3,1,4.0,10.0,CL 77-KR 68G 15,10,1
4438976,09/03/2016,06:00:00,2,1,4.0,1.0,AV AVENIDA SUBA-KR 80 02,11,1
4439183,11/03/2016,07:00:00,3,1,4.0,6.0,CL 33-KR 51G 70,16,1
4439283,11/03/2016,11:30:00,3,1,4.0,2.0,AV AVENIDA JORGE ELIECER GAITAN-CL 113 85,9,1
4439279,11/03/2016,18:40:00,3,1,4.0,10.0,CL 65-KR 73B S 02,19,1
4439168,11/03/2016,22:40:00,2,1,4.0,1.0,AV AVENIDA CIRCUNVALAR-CL 15 82,3,1
4439229,12/03/2016,03:20:00,2,1,4.0,10.0,CL 42F-KR 93A S 02,8,1
4439336,12/03/2016,08:45:00,3,1,4.0,6.0,CL 23-KR 116A 02,9,1
4439351,13/03/2016,00:00:00,3,1,4.0,6.0,CL 151-KR 7H 12,1,2
4439195,13/03/2016,03:43:00,1,1,4.0,1.0,AC 26-KR 33 30,13,1
4439440,13/03/2016,12:40:00,3,1,4.0,10.0,KR 68D-CL 40 S 02,8,1
4439409,14/03/2016,06:50:00,3,1,4.0,6.0,CL 44-KR 24 S 31,6,1
4439467,14/03/2016,10:45:00,3,1,4.0,9.0,KR 65-CL 4D 64,16,1
4439486,14/03/2016,23:50:00,2,1,4.0,1.0,AV AVENIDA BOYACA-CL 25B 02,9,1
4439546,15/03/2016,06:00:00,3,1,4.0,10.0,CL 71-TR 7 S 02,5,1
4439728,15/03/2016,06:00:00,3,1,4.0,2.0,AV AVENIDA CIUDAD DE CALI-CL 17 02,9,6
4439516,15/03/2016,10:30:00,3,1,4.0,2.0,KR 104A-CL 131 02,11,1
4439547,15/03/2016,12:50:00,3,1,4.0,10.0,KR 87-CL 17 10,9,1
4439741,15/03/2016,18:45:00,3,1,4.0,1.0,CL 68-KR 86A 46,10,1
4439520,15/03/2016,23:50:00,3,1,4.0,6.0,KR 22-CL 70 S 06,19,1
4439593,16/03/2016,08:30:00,3,1,4.0,8.0,KR 11-CL 3 S 47,4,1
4439693,17/03/2016,11:00:00,3,1,4.0,10.0,KR 4-CL 36H ES 25,4,1
4439628,17/03/2016,19:50:00,1,1,4.0,1.0,DG 16-KR 90 80,9,1
4439979,19/03/2016,00:10:00,3,1,4.0,2.0,KR 7-CL 43 ES 32,4,1
4439815,19/03/2016,04:00:00,3,1,4.0,1.0,KR 13F-CL 59B S 02,19,1
4440185,19/03/2016,16:00:00,3,1,4.0,1.0,AV AVENIDA CIUDAD DE VILLAVICENCIO-TR 74A 02,8,1
4440120,20/03/2016,13:30:00,3,1,4.0,2.0,AV AVENIDA SUBA-CL 129 02,11,1
4440076,20/03/2016,22:00:00,3,1,4.0,10.0,CL 49C-KR 5R S 02,18,5
4440227,23/03/2016,07:32:00,3,1,4.0,10.0,KR 91-CL 129C 13,11,1
4440433,24/03/2016,10:00:00,3,1,4.0,6.0,CL 69-KR 13B SE 02,4,1
4440299,24/03/2016,11:30:00,2,1,4.0,6.0,CL 27A-KR 7 SE 02,4,2
4440378,24/03/2016,16:30:00,3,1,4.0,2.0,CL 161-KR 63 02,11,1
4440488,25/03/2016,09:10:00,3,1,4.0,10.0,CL 41B-KR 3C SE 89,4,1
4440482,26/03/2016,08:05:00,3,1,4.0,9.0,AK 30-CL 60 02,13,1
4440492,26/03/2016,08:30:00,3,1,4.0,2.0,DG 40-KR 6 E 30,2,1
4440442,26/03/2016,15:00:00,3,1,4.0,10.0,KR 138A-CL 142F 51,11,10
4440496,27/03/2016,17:10:00,3,1,4.0,2.0,DG 40C-KR 73A S 20,8,1
4440566,28/03/2016,02:45:00,3,1,4.0,10.0,TR 127-CL 133 82,11,1
4440347,28/03/2016,07:00:00,1,1,4.0,5.0,KR 30-CL 1B 12,14,2
4440547,28/03/2016,07:30:00,3,1,4.0,10.0,KR 8A-CL 106 ES 35,5,1
4440513,28/03/2016,21:40:00,3,1,4.0,2.0,KR 1-CL 72 02,2,1
4440654,29/03/2016,12:30:00,3,1,4.0,2.0,CL 30-KR 26B S 02,18,1
4440671,29/03/2016,17:15:00,2,1,4.0,8.0,KR 68-CL 67DBIS 02,12,1
4441639,29/03/2016,19:30:00,1,1,4.0,4.0,AV AVENIDA SUBA-CL 129 02,11,1
4440664,30/03/2016,01:00:00,3,1,4.0,3.0,KR 72-CL 25 02,10,1
4440672,30/03/2016,01:15:00,3,1,4.0,4.0,AC 26-KR 72 02,10,1
4440704,30/03/2016,03:45:00,2,1,4.0,1.0,AK 45-CL 92 02,12,1
4440730,30/03/2016,19:30:00,3,1,4.0,2.0,KR 35-CL 73 02,19,1
4441070,02/04/2016,06:00:00,2,1,4.0,1.0,AK 30-CL 22 02,14,1
4440971,02/04/2016,22:00:00,2,1,4.0,1.0,AV AVENIDA DE LAS AMERICAS-CL 13 02,16,1
4441115,03/04/2016,00:00:00,3,1,4.0,4.0,KR 76C-CL 68A S 02,19,1
4440981,03/04/2016,06:00:00,2,1,4.0,1.0,KR 11ABIS-CL 46 ES 02,4,1
4441081,03/04/2016,06:00:00,3,1,4.0,2.0,KR 82B-CL 72 S 02,7,1
4441182,03/04/2016,10:30:00,3,1,4.0,4.0,CL 131B-KR 54 21,11,1
4441178,03/04/2016,14:40:00,3,1,4.0,6.0,CL 2BIS-KR 4 24,3,1
4441188,04/04/2016,01:00:00,3,1,4.0,2.0,AK 30-CL 40A 85,13,1
4441154,04/04/2016,05:00:00,2,1,4.0,10.0,KR 27B-CL 71I S 02,19,1
4441225,04/04/2016,11:23:00,3,1,4.0,10.0,CL 71-KR 4 S 02,5,10
4441331,04/04/2016,15:00:00,3,1,4.0,3.0,CL 222-KR 45 02,1,1
4441245,04/04/2016,16:20:00,3,1,4.0,10.0,CL 151-KR 114 02,11,1
4441313,05/04/2016,05:00:00,3,1,4.0,1.0,KR 68-CL 24 02,9,1
4441310,05/04/2016,15:10:00,3,1,4.0,2.0,CL 151C-KR 113C 02,11,1
4441433,05/04/2016,23:50:00,3,1,4.0,2.0,CL 45B-KR 15 SE 02,4,2
4441452,06/04/2016,06:00:00,3,1,4.0,1.0,KR 4-CL 91 02,2,1
4441449,06/04/2016,15:45:00,3,1,4.0,2.0,CL 130A-KR 87D 29,11,1
4441595,06/04/2016,23:07:00,3,1,4.0,10.0,KR 13-CL 27 58,3,1
4441541,07/04/2016,02:10:00,3,1,4.0,8.0,AC 26-KR 92 32,10,1
4441677,07/04/2016,06:05:00,3,1,4.0,2.0,KR 14-CL 73B ES 72,5,1
4441718,07/04/2016,09:30:00,3,1,4.0,5.0,KR 15-CL 100 02,2,7
4441519,07/04/2016,12:00:00,3,1,4.0,10.0,CL 124A-KR 91 02,11,1
4441497,07/04/2016,14:00:00,3,1,4.0,10.0,CL 22C-KR 24 49,14,1
4441556,07/04/2016,17:30:00,2,1,4.0,1.0,KR 68D-CL 23 02,9,1
4441623,08/04/2016,11:00:00,3,1,4.0,2.0,KR 4-CL 30C 10,3,2
4441726,08/04/2016,11:05:00,3,1,4.0,1.0,CL 11-KR 5 SE 20,4,1
4441600,09/04/2016,01:10:00,3,1,4.0,2.0,KR 8-CL 19 S 02,4,1
4441713,09/04/2016,04:30:00,3,1,4.0,2.0,CL 1F-KR 24C 02,14,1
4441763,09/04/2016,10:20:00,3,1,4.0,10.0,CL 8A-KR 37 02,16,1
4441774,09/04/2016,19:10:00,3,1,4.0,2.0,AK 5-CL 29 02,3,1
4441854,10/04/2016,08:40:00,2,1,4.0,2.0,AV AVENIDA CARACAS-CL 55 02,2,1
4441706,11/04/2016,05:00:00,3,1,4.0,2.0,DG 40-KR 9C S 10,18,1
4441897,11/04/2016,08:25:00,3,1,4.0,10.0,CL 42-KR 8 02,2,2
4441824,11/04/2016,08:30:00,3,1,4.0,10.0,KR 80I-CL 85B S 23,7,10
4441829,11/04/2016,21:30:00,3,1,4.0,6.0,CL 41B-KR 3 S 94,4,1
4441965,12/04/2016,16:30:00,3,1,4.0,2.0,KR 82-CL 22D 30,9,1
4442028,14/04/2016,01:15:00,1,1,4.0,1.0,KR 71-CL 79B 15,10,1
4442086,14/04/2016,02:00:00,3,1,4.0,2.0,AV AVENIDA CIUDAD DE CALI-CL 26 02,9,1
4442228,14/04/2016,06:05:00,3,1,4.0,10.0,CL 106-KR 8 02,1,1
4442169,14/04/2016,12:30:00,3,1,4.0,1.0,AV AVENIDA BOYACA-CL 145 02,11,1
4442300,15/04/2016,06:20:00,3,1,4.0,6.0,KR 19H-CL 60 39,19,1
4442244,15/04/2016,06:45:00,2,1,4.0,10.0,KR 1-CL 92 S 02,5,1
4442524,15/04/2016,11:30:00,3,1,4.0,10.0,KR 64-CL 74 02,12,1
4442264,15/04/2016,13:40:00,3,1,4.0,2.0,DG 81-KR 5 SE 02,5,1
4444245,16/04/2016,00:56:00,2,1,4.0,10.0,CL 6-KR 19 16,14,1
4442349,16/04/2016,02:00:00,2,1,4.0,1.0,CL 132-KR 100A 02,11,1
4442458,16/04/2016,07:20:00,3,1,4.0,2.0,CL 2-KR 93D 02,8,7
4442452,16/04/2016,13:10:00,3,1,4.0,2.0,KR 13-CL 42C 02,4,1
4442415,16/04/2016,17:50:00,3,1,4.0,2.0,KR 4-CL 18 53,3,1
4442418,16/04/2016,19:49:00,3,1,4.0,10.0,CL 172A-KR 41 02,1,1
4442556,18/04/2016,04:30:00,3,1,4.0,2.0,KR 13-CL 19 80,3,1
4442569,18/04/2016,19:40:00,3,1,4.0,2.0,KR 76-CL 66 54,10,1
4442603,19/04/2016,08:45:00,3,1,4.0,10.0,KR 71A-CL 24 S 51,8,1
4442665,19/04/2016,17:00:00,3,1,4.0,6.0,CL 50-KR 77VBISA S 02,8,1
4442678,20/04/2016,00:10:00,3,1,4.0,2.0,DG 13-KR 48B 02,18,1
4442612,20/04/2016,01:20:00,3,1,4.0,5.0,AV AVENIDA BOYACA-TR 33 02,6,1
4442781,20/04/2016,17:00:00,3,1,4.0,10.0,DG 78C-KR 107 02,10,1
4442920,21/04/2016,07:00:00,3,1,4.0,2.0,CL 80-KR 78 02,10,1
4443211,22/04/2016,06:55:00,3,1,4.0,2.0,CL 13-KR 18 SE 02,4,1
4442970,22/04/2016,07:20:00,3,1,4.0,10.0,CL 64G-KR 90A 68,10,1
4443020,22/04/2016,13:00:00,3,1,4.0,2.0,CL 65-KR 93 35,10,1
4442993,22/04/2016,19:30:00,2,1,4.0,6.0,CL 78C-KR 18H S 66,19,1
4442902,22/04/2016,20:40:00,2,1,4.0,1.0,KR 112-CL 64D 02,10,1
4443102,23/04/2016,01:39:00,3,1,4.0,6.0,CL 132D-KR 145B 08,11,1
4442947,23/04/2016,05:00:00,3,1,4.0,2.0,DG 51-KR 54B S 14,6,1
4443293,23/04/2016,22:55:00,1,1,4.0,10.0,KR 141-CL 142C 51,11,1
4443198,24/04/2016,01:30:00,2,1,4.0,1.0,KR 86-CL 45 S 02,7,1
4443109,24/04/2016,07:00:00,2,1,4.0,3.0,KR 40-CL 25 28,13,1
4443325,25/04/2016,21:00:00,3,1,4.0,6.0,AK 9-CL 113 95,1,1
4443368,26/04/2016,10:40:00,3,1,4.0,10.0,CL 4-KR 38A 02,16,1
4443504,27/04/2016,10:15:00,2,1,4.0,10.0,TR 73A-DG 82H 02,10,1
4443692,27/04/2016,13:15:00,2,1,4.0,10.0,CL 64-KR 18N S 17,19,1
4443569,28/04/2016,05:00:00,3,1,4.0,2.0,KR 83-CL 13F 02,8,1
4443567,28/04/2016,10:00:00,3,1,4.0,2.0,DG 73H-KR 78F 02,7,2
4443667,28/04/2016,20:00:00,3,1,4.0,10.0,KR 14-CL 60DBIS ES 02,4,3
4443671,28/04/2016,20:30:00,3,1,4.0,6.0,KR 19A-CL 130 ES 04,4,1
4443807,29/04/2016,00:20:00,3,1,4.0,3.0,KR 66A-CL 44 30,13,1
4443805,29/04/2016,16:15:00,3,1,4.0,2.0,KR 26-CL 4 S 73,6,1
4443822,29/04/2016,20:30:00,3,1,4.0,10.0,CL 23D-KR 104B 58,9,10
4443799,30/04/2016,00:10:00,3,1,4.0,2.0,CL 90A-KR 86A 23,10,1
4443792,30/04/2016,22:10:00,3,1,4.0,2.0,KR 69D-CL 25 02,9,1
4443915,01/05/2016,15:30:00,2,1,4.0,1.0,KR 78-CL 79 02,10,2
4444001,02/05/2016,17:20:00,3,1,4.0,4.0,AV AVENIDA CIRCUNVALAR-CL 59 02,2,1
4444076,02/05/2016,21:50:00,3,1,4.0,10.0,KR 3A-CL 60A 21,2,1
4444242,04/05/2016,11:00:00,3,1,4.0,1.0,KR 14-CL 70B S 10,5,1
4444125,04/05/2016,11:55:00,1,1,4.0,1.0,AC 26-KR 70 02,9,1
4444238,04/05/2016,15:20:00,3,1,4.0,10.0,CL 147-KR 90 02,11,1
4444285,05/05/2016,09:00:00,2,1,4.0,10.0,CL 92-KR 30 02,2,1
4444562,06/05/2016,12:00:00,3,1,4.0,10.0,KR 64-CL 79BIS 02,12,1
4444533,06/05/2016,12:10:00,3,1,4.0,1.0,AV AVENIDA CIUDAD DE VILLAVICENCIO-TR 33 02,19,2
4444510,07/05/2016,01:15:00,3,1,4.0,6.0,CL 77-KR 17L S 02,1,1
4444462,07/05/2016,02:40:00,2,1,4.0,3.0,CL 34-KR 72M S 02,8,1
4444693,07/05/2016,12:10:00,3,1,4.0,10.0,KR 18-CL 6A 01,14,3
4444448,08/05/2016,06:30:00,2,1,4.0,3.0,AV AVENIDA CORDOBA-CL 117 02,11,1
4444689,08/05/2016,14:00:00,3,1,4.0,6.0,CL 91-KR 89A 20,10,1
4444616,08/05/2016,17:00:00,3,1,4.0,1.0,CL 119-KR 7 02,1,2
4444691,08/05/2016,17:30:00,3,1,4.0,6.0,KR 12-CL 15 25,3,1
4444662,08/05/2016,18:00:00,3,1,4.0,1.0,CL 134-KR 11 02,1,1
4444743,09/05/2016,14:00:00,3,1,4.0,10.0,DG 84A-TR 83 02,10,1
4444731,10/05/2016,01:50:00,3,1,4.0,10.0,CL 26-KR 87 S 02,8,1
4444722,10/05/2016,09:40:00,3,1,4.0,2.0,KR 10-CL 26 21,3,10
4444740,10/05/2016,16:15:00,3,1,4.0,2.0,CL 24-KR 113 02,9,2
4444665,10/05/2016,18:30:00,3,1,4.0,10.0,CL 45-KR 5 65,2,1
4444746,10/05/2016,21:00:00,3,1,4.0,6.0,CL 59C-KR 46 S 24,19,1
4444811,11/05/2016,05:00:00,1,1,4.0,1.0,AK 45-CL 183A 58,1,1
4444808,11/05/2016,08:00:00,2,1,4.0,4.0,AV AVENIDA CIUDAD DE CALI-CL 18 02,9,1
4444956,12/05/2016,01:15:00,3,1,4.0,8.0,AK 45-CL 147 02,1,1
4444999,12/05/2016,10:45:00,3,1,4.0,10.0,KR 13F-CL 58 S 02,6,1
4444975,12/05/2016,22:30:00,3,1,4.0,8.0,AV AVENIDA CARACAS-CL 51 02,2,1
4445227,13/05/2016,20:30:00,3,1,4.0,2.0,TR 68D-CL 43D S 79,8,1
4445253,13/05/2016,20:35:00,3,1,4.0,10.0,KR 97-CL 23H 05,9,1
4445279,14/05/2016,06:00:00,3,1,4.0,4.0,AV AVENIDA CIRCUNVALAR-CL 20 02,3,1
4445289,14/05/2016,10:30:00,3,1,4.0,10.0,KR 16A-CL 84 35,2,2
4445157,15/05/2016,01:00:00,1,1,4.0,1.0,AV AVENIDA BOYACA-CL 97 02,11,1
4445251,15/05/2016,04:00:00,3,1,4.0,2.0,AK 45-CL 136 02,1,1
4445159,15/05/2016,05:45:00,1,1,4.0,1.0,AK 30-CL 22 02,16,1
4445261,15/05/2016,11:10:00,3,1,4.0,6.0,KR 10D-CL 36D S 25,18,1
4445327,15/05/2016,17:10:00,1,1,4.0,6.0,CL 62HBIS-KR 74A S 42,19,1
4445254,15/05/2016,22:30:00,3,1,4.0,2.0,CL 49A-KR 38 S 70,6,1
4445443,16/05/2016,13:40:00,3,1,4.0,1.0,KR 7B-CL 153A 02,1,1
4445418,16/05/2016,17:00:00,3,1,4.0,1.0,KR 69B-CL 17A 02,9,1
4445413,16/05/2016,19:30:00,3,1,4.0,11.0,CL 10-KR 15 02,2,5
4445502,17/05/2016,06:08:00,2,1,4.0,1.0,AV AVENIDA CARACAS-KR 1 S 02,15,1
4445534,17/05/2016,08:25:00,3,1,4.0,1.0,AK 45-CL 210 02,1,1
4445538,17/05/2016,12:00:00,3,1,4.0,10.0,CL 18-KR 30 02,16,1
4445632,18/05/2016,05:35:00,3,1,4.0,6.0,DG 101A-KR 5B 28,5,1
4445716,18/05/2016,12:30:00,2,1,4.0,1.0,KR 77J-CL 65A S 18,7,1
4445985,18/05/2016,21:50:00,3,1,4.0,10.0,AV AVENIDA BOYACA-CL 70A S 02,5,1
4445691,18/05/2016,23:20:00,3,1,4.0,1.0,CL 26-KR 30 02,13,1
4445745,19/05/2016,07:45:00,3,1,4.0,7.0,CL 38B-KR 50C S 33,16,1
4445747,19/05/2016,14:00:00,3,1,4.0,10.0,KR 90-CL 147 45,11,1
4445820,19/05/2016,15:30:00,3,1,4.0,1.0,KR 16A-CL 79 02,2,1
4445803,19/05/2016,20:50:00,3,1,4.0,1.0,KR 68B-CL 95 80,11,10
4445954,20/05/2016,17:35:00,3,1,4.0,10.0,KR 2-CL 70A E 50,2,1
4445817,21/05/2016,00:30:00,3,1,4.0,2.0,KR 57D-CL 37A 02,12,1
4446018,21/05/2016,05:35:00,3,1,4.0,2.0,KR 72-CL 129 01,11,1
4445928,21/05/2016,10:10:00,2,1,4.0,1.0,CL 26-KR 72 S 02,8,1
4446013,21/05/2016,15:00:00,3,1,4.0,1.0,AC 26-KR 62 47,13,1
4446024,21/05/2016,19:00:00,3,1,4.0,2.0,CL 70B-KR 78C S 94,7,1
4446167,22/05/2016,14:50:00,3,1,4.0,2.0,CL 19-KR 12C S 02,15,1
4446153,22/05/2016,17:00:00,3,1,4.0,10.0,TR 35-CL 38A S 20,15,1
4446222,23/05/2016,12:45:00,3,1,4.0,6.0,CL 78D-KR 18Q 43,19,1
4446387,24/05/2016,05:30:00,3,1,4.0,5.0,AV AVENIDA CIUDAD DE CALI-CL 10 02,8,1
4446368,24/05/2016,07:00:00,3,1,4.0,2.0,KR 105C-CL 131A 02,11,1
4446342,24/05/2016,12:20:00,2,1,4.0,2.0,DG 40-KR 34 S 27,1,1
4446408,24/05/2016,23:00:00,3,1,4.0,2.0,CL 131-KR 45B 02,11,1
4446207,25/05/2016,00:01:00,1,1,4.0,1.0,AC 26-KR 75 60,10,1
4446411,25/05/2016,01:40:00,3,1,4.0,9.0,CL 170-KR 19B 41,1,1
4446529,25/05/2016,04:30:00,3,1,4.0,2.0,KR 3-CL 139 S 59,5,1
4446343,25/05/2016,07:15:00,1,1,4.0,1.0,DG 68-KR 71B S 02,19,1
4446419,25/05/2016,16:00:00,3,1,4.0,6.0,TR 76C-CL 84 05,10,2
4446553,25/05/2016,23:00:00,3,1,4.0,10.0,KR 60-CL 19 02,16,1
4446499,26/05/2016,01:15:00,3,1,4.0,1.0,CL 127C-KR 93 02,11,1
4446531,26/05/2016,02:25:00,3,1,4.0,5.0,AV AVENIDA PRIMERO DE MAYO-CL 40F S 02,8,1
4446494,26/05/2016,06:40:00,2,1,4.0,10.0,AV AVENIDA PRIMERO DE MAYO-KR 72M 41,8,1
4446591,27/05/2016,07:50:00,2,1,4.0,2.0,KR 5-CL 23 ES 02,4,1
4446782,27/05/2016,09:30:00,3,1,4.0,2.0,KR 8B-CL 191 47,1,1
4446607,27/05/2016,17:30:00,3,1,4.0,10.0,TR 93-CL 53 48,10,1
4446932,27/05/2016,21:30:00,3,1,4.0,10.0,KR 96A-CL 128C 02,11,1
4446941,28/05/2016,06:20:00,2,1,4.0,1.0,CL 127-KR 71D 02,11,1
4446982,28/05/2016,16:30:00,2,1,4.0,10.0,AV AVENIDA CARACAS-CL 134 S 02,5,1
4446984,28/05/2016,20:30:00,2,1,4.0,1.0,CL 26-KR 74 02,10,1
4446964,29/05/2016,10:00:00,3,1,4.0,10.0,CL 65F-KR 78A S 02,7,1
4446831,29/05/2016,12:30:00,3,1,4.0,6.0,KR 81B-CL 15A 47,8,1
4446933,29/05/2016,15:00:00,3,1,4.0,10.0,CL 36-KR 24 S 02,18,1
4446793,29/05/2016,20:50:00,3,1,4.0,2.0,CL 170-KR 8 02,1,1
4447187,29/05/2016,23:20:00,2,1,4.0,1.0,AV AVENIDA CIRCUNVALAR-CL 43 95,2,1
4446956,30/05/2016,12:40:00,3,1,4.0,10.0,KR 9-CL 28CBIS E 02,4,1
4446947,30/05/2016,17:10:00,3,1,4.0,6.0,CL 27BIS-KR 27H S 02,18,1
4446772,30/05/2016,20:10:00,2,1,4.0,1.0,AV AVENIDA CIUDAD DE CALI-CL 55 S 02,7,1
4447116,31/05/2016,12:40:00,3,1,4.0,2.0,KR 71-CL 78A 94,10,1
4447095,31/05/2016,14:00:00,3,1,4.0,10.0,KR 36-CL 11 62,16,1
4446857,01/06/2016,01:30:00,2,1,4.0,10.0,AV AVENIDA DE LAS AMERICAS-KR 82 02,8,1
4446986,01/06/2016,02:10:00,3,1,4.0,8.0,AV AVENIDA LUIS CARLOS GALAN-CL 72B 30,9,1
4447114,01/06/2016,14:40:00,3,1,4.0,11.0,AK 68-CL 25 02,9,1
4447129,01/06/2016,16:10:00,3,1,4.0,11.0,KR 7-CL 116 02,1,1
4447028,01/06/2016,18:10:00,1,1,4.0,11.0,AV AVENIDA DE LAS AMERICAS-KR 78A 66,8,1
4447194,02/06/2016,06:00:00,3,1,4.0,10.0,KR 10-CL 92A ES 43,5,1
4447233,02/06/2016,13:00:00,3,1,4.0,4.0,KR 34-CL 12 40,16,1
4447667,03/06/2016,18:10:00,3,1,4.0,2.0,CL 63-KR 64 S 02,19,1
4447428,04/06/2016,02:10:00,3,1,4.0,10.0,KR 91-CL 41 S 02,8,1
4447455,04/06/2016,04:00:00,3,1,4.0,5.0,KR 7-CL 72 02,2,1
4447446,04/06/2016,17:30:00,3,1,4.0,4.0,CL 26-KR 103 66,9,1
4447356,04/06/2016,20:40:00,1,1,4.0,1.0,KR 33-CL 38A S 12,15,1
4447461,05/06/2016,02:00:00,3,1,4.0,8.0,AV AVENIDA CARACAS-CL 22 S 02,15,1
4447480,05/06/2016,07:45:00,2,1,4.0,1.0,CL 107-KR 6G SE 02,5,1
4447659,05/06/2016,12:30:00,3,1,4.0,10.0,CL 146-KR 85B 41,11,1
4447652,06/06/2016,07:20:00,3,1,4.0,1.0,KR 72BBIS-CL 81 02,10,1
4447415,06/06/2016,17:30:00,2,1,4.0,2.0,AV AVENIDA CIUDAD DE CALI-CL 8 05,8,1
4447705,07/06/2016,15:00:00,3,1,4.0,6.0,DG 99-KR 2B S 02,5,1
4447790,07/06/2016,19:00:00,3,1,4.0,10.0,KR 88A-CL 64D 90,10,1
4447743,08/06/2016,00:05:00,3,1,4.0,1.0,AK 45-CL 244 95,1,1
4447744,08/06/2016,01:30:00,3,1,4.0,11.0,CL 49DBIS-KR 88F S 13,7,1
4447795,08/06/2016,12:00:00,3,1,4.0,2.0,CL 68B-KR 80D S 02,7,1
4447803,08/06/2016,13:56:00,3,1,4.0,10.0,CL 22-KR 8A SE 83,4,1
4447979,09/06/2016,03:20:00,3,1,4.0,10.0,KR 115-CL 6 ES 02,5,1
4447904,09/06/2016,09:00:00,3,1,4.0,2.0,KR 124-CL 132C 02,11,1
4447926,09/06/2016,16:00:00,2,1,4.0,1.0,AV AVENIDA DE LAS AMERICAS-KR 47 02,16,1
4447987,09/06/2016,18:40:00,3,1,4.0,1.0,CL 7-KR 3 02,17,1
4448129,10/06/2016,10:30:00,3,1,4.0,10.0,KR 7-CL 68 02,2,1
4448051,10/06/2016,11:40:00,3,1,4.0,1.0,CL 75-KR 71D 72,10,1
4448201,11/06/2016,07:50:00,3,1,4.0,2.0,KR 106-CL 23G 02,9,2
4448001,11/06/2016,13:02:00,2,1,4.0,10.0,KR 104-CL 140A 69,11,1
4448245,11/06/2016,13:40:00,3,1,4.0,1.0,CL 18-KR 103B 19,9,1
4448232,11/06/2016,14:50:00,3,1,4.0,2.0,KR 13B-CL 46A ES 05,4,1
4447993,11/06/2016,17:25:00,2,1,4.0,6.0,CL 11-KR 2 SE 02,4,1
4448037,12/06/2016,04:00:00,2,1,4.0,4.0,KR 30-CL 6 02,14,1
4448018,12/06/2016,23:29:00,1,1,4.0,3.0,KR 52-CL 18 S 45,16,1
4448426,13/06/2016,22:30:00,3,1,4.0,5.0,KR 70F-CL 75 02,10,1
4448398,14/06/2016,07:40:00,3,1,4.0,3.0,AC 23-KR 65 02,13,1
4448754,14/06/2016,15:00:00,2,1,4.0,11.0,AV AVENIDA CARACAS-DG 30 02,14,2
4448631,16/06/2016,11:50:00,3,1,4.0,11.0,KR 13-CL 38 33,13,1
4448562,16/06/2016,14:00:00,3,1,4.0,6.0,DG 39-TR 14 SE 24,4,1
4448651,16/06/2016,22:00:00,3,1,4.0,6.0,CL 28-KR 5 SE 63,4,1
4448653,17/06/2016,05:00:00,3,1,4.0,6.0,CL 48C-KR 11 E 48,4,1
4448722,17/06/2016,15:30:00,3,1,4.0,2.0,CL 15C-KR 53D 02,16,1
4448697,17/06/2016,17:40:00,2,1,4.0,6.0,DG 36-KR 2A S 34,4,2
4448713,17/06/2016,18:20:00,3,1,4.0,10.0,CL 185-KR 11 02,1,1
4448797,18/06/2016,04:05:00,2,1,4.0,2.0,AK 45-CL 242 34,1,1
4448826,18/06/2016,09:50:00,3,1,4.0,10.0,AC 71-KR 4 S 02,5,10
4448887,18/06/2016,15:00:00,3,1,4.0,2.0,KR 14-CL 59B S 30,19,1
4448847,18/06/2016,15:30:00,3,1,4.0,10.0,KR 87B-CL 128 02,11,1
4448750,18/06/2016,17:42:00,1,1,4.0,1.0,AC 63-KR 107C 10,10,1
4448899,19/06/2016,08:50:00,3,1,4.0,5.0,KR 60-CL 67B 42,13,1
4449031,20/06/2016,07:10:00,3,1,4.0,2.0,KR 24-CL 11 67,14,1
4448980,20/06/2016,07:20:00,3,1,4.0,2.0,KR 13-CL 52 S 02,6,1
4448990,20/06/2016,14:50:00,3,1,4.0,10.0,CL 11-KR 32 02,16,1
4448949,20/06/2016,15:30:00,3,1,4.0,10.0,KR 69-CL 20 S 28,8,1
4449088,20/06/2016,18:30:00,3,1,4.0,8.0,CL 46-KR 16 SE 02,4,1
4448960,20/06/2016,23:40:00,2,1,4.0,2.0,CL 38-KR 34 S 33,15,1
4449139,21/06/2016,05:00:00,2,1,4.0,8.0,AV AVENIDA CIUDAD DE QUITO-CL 80 02,12,1
4449178,21/06/2016,08:10:00,3,1,4.0,6.0,CL 1CBIS-KR 11 26,3,1
4449156,21/06/2016,12:44:00,3,1,4.0,6.0,CL 179-KR 55 36,11,1
4449152,21/06/2016,17:10:00,2,1,4.0,6.0,KR 18B-CL 73A S 02,19,1
4449044,22/06/2016,03:10:00,1,1,4.0,6.0,KR 145-CL 132D 07,11,2
4449177,22/06/2016,04:05:00,3,1,4.0,2.0,CL 78C-KR 17A 49,19,1
4449148,23/06/2016,03:00:00,2,1,4.0,1.0,AV AVENIDA BOYACA-KR 19B 02,19,1
4449220,23/06/2016,07:35:00,2,1,4.0,10.0,CL 1C-KR 14 02,3,1
4449251,23/06/2016,08:30:00,3,1,4.0,1.0,CL 134-KR 45 02,1,1
4449300,23/06/2016,14:10:00,3,1,4.0,10.0,KR 77A-CL 74 02,10,1
4449236,24/06/2016,00:30:00,1,1,4.0,5.0,AC 72-KR 64 02,12,2
4449632,24/06/2016,07:40:00,3,1,4.0,10.0,CL 27-KR 21 S 02,18,1
4449341,24/06/2016,15:00:00,3,1,4.0,1.0,AV AVENIDA SUBA-KR 127 02,11,10
4449427,25/06/2016,14:30:00,2,1,4.0,2.0,CL 46-KR 72K S 22,8,1
4449517,25/06/2016,19:00:00,2,1,4.0,1.0,CL 58-KR 43 S 02,19,1
4449419,26/06/2016,01:00:00,2,1,4.0,11.0,KR 24-CL 28 S 02,18,1
4449553,26/06/2016,02:30:00,3,1,4.0,11.0,AC 3-KR 34A 38,16,1
4449431,26/06/2016,04:00:00,2,1,4.0,1.0,AK 45-CL 170 02,11,1
4449538,26/06/2016,12:40:00,3,1,4.0,1.0,AV AVENIDA CIRCUNVALAR-CL 14 02,3,1
4450021,26/06/2016,22:50:00,3,1,4.0,1.0,CL 26-KR 75 02,9,2
4449728,26/06/2016,23:00:00,3,1,4.0,5.0,CL 72-KR 110G 02,10,1
4449460,26/06/2016,23:10:00,2,1,4.0,1.0,CL 26-KR 75 02,10,1
4449622,27/06/2016,02:17:00,3,1,4.0,5.0,CL 17-KR 128 02,9,1
4449652,27/06/2016,07:20:00,3,1,4.0,1.0,KR 87BIS-CL 39A S 23,8,1
4452640,27/06/2016,15:45:00,3,1,4.0,2.0,CL 69-KR 11C SE 87,4,1
4449613,27/06/2016,19:15:00,2,1,4.0,10.0,CL 126-KR 45 46,11,1
4452612,28/06/2016,19:00:00,2,1,4.0,6.0,AV AVENIDA CIUDAD DE CALI-CL 54B S 05,7,2
4449843,29/06/2016,05:30:00,3,1,4.0,2.0,KR 52A-CL 37 S 02,16,2
4449941,29/06/2016,10:00:00,2,1,4.0,1.0,AV AVENIDA CIRCUNVALAR-CL 17 02,3,8
4450352,29/06/2016,17:10:00,3,1,4.0,1.0,AC 26-KR 100 02,9,1
4450525,29/06/2016,19:45:00,3,1,4.0,2.0,KR 44A-CL 22 02,13,1
4450010,30/06/2016,06:15:00,3,1,4.0,2.0,CL 11-KR 23 02,14,1
4450007,30/06/2016,13:00:00,3,1,4.0,2.0,DG 40-KR 28 S 02,6,2
4450088,01/07/2016,07:30:00,3,1,4.0,10.0,DG 2ABIS-KR 6 E 02,4,1
4450230,02/07/2016,05:00:00,3,1,4.0,10.0,KR 110-CL 79 21,10,1
4450200,03/07/2016,02:30:00,2,1,4.0,5.0,AV AVENIDA PRIMERO DE MAYO-KR 29B 02,15,2
4450115,03/07/2016,02:55:00,2,1,4.0,1.0,AV AVENIDA DEL SUR-KR 30 02,14,1
4450100,03/07/2016,03:30:00,1,1,4.0,3.0,AK 68-CL 55 65,12,1
4450325,03/07/2016,06:00:00,3,1,4.0,2.0,CL 26-KR 50 02,13,1
4450380,03/07/2016,11:00:00,3,1,4.0,6.0,KR 32B-CL 1A 62,16,10
4450331,03/07/2016,13:00:00,3,1,4.0,1.0,AV AVENIDA DE LAS AMERICAS-KR 30 02,12,1
4450180,04/07/2016,07:55:00,2,1,4.0,3.0,AV AVENIDA BOYACA-CL 25 02,9,1
4450277,04/07/2016,09:20:00,3,1,4.0,2.0,KR 68-CL 13 02,16,1
4450333,04/07/2016,17:10:00,3,1,4.0,6.0,KR 29BIS-CL 26C S 18,18,1
4450514,05/07/2016,10:00:00,3,1,4.0,1.0,KR 70D-CL 127 48,11,10
4450460,05/07/2016,12:30:00,3,1,4.0,10.0,CL 61-KR 15A S 02,4,1
4450597,05/07/2016,16:10:00,3,1,4.0,1.0,DG 61A-KR 61A 31,6,1
4450427,05/07/2016,18:30:00,2,1,4.0,10.0,KR 9-CL 104A 02,1,1
4450629,06/07/2016,07:15:00,3,1,4.0,2.0,KR 23-CL 12B 02,14,1
4450453,06/07/2016,08:30:00,3,1,4.0,2.0,KR 16-CL 85 47,2,1
4450540,06/07/2016,12:15:00,3,1,4.0,5.0,AC 13-KR 123 02,9,1
4450444,06/07/2016,15:50:00,2,1,4.0,10.0,CL 11-KR 25 S 46,15,1
4450654,07/07/2016,07:30:00,3,1,4.0,2.0,KR 39A-CL 37 S 02,16,1
4450871,08/07/2016,19:00:00,3,1,4.0,10.0,CL 27B-KR 1A SE 02,4,1
4450784,09/07/2016,00:30:00,3,1,4.0,1.0,CL 3-KR 26A 19,14,1
4450897,09/07/2016,05:30:00,3,1,4.0,2.0,KR 81-CL 76A 02,10,1
4450777,09/07/2016,06:05:00,1,1,4.0,2.0,CL 62-KR 82G S 02,7,1
4450839,09/07/2016,12:20:00,2,1,4.0,9.0,CL 71IBIS-KR 27B S 02,19,2
4450880,09/07/2016,23:30:00,3,1,4.0,10.0,TR 83BISA-CL 72 33,10,1
4450804,10/07/2016,07:30:00,2,1,4.0,1.0,AV AVENIDA PRIMERO DE MAYO-AV AVENIDA BOYACA 02,8,4
4451035,11/07/2016,00:05:00,3,1,4.0,2.0,AC 45-KR 16 02,13,1
4451048,11/07/2016,16:00:00,2,1,4.0,11.0,AV AVENIDA CUIDAD DE VILLAVICENCIO-CL 74 S 02,8,1
4451113,11/07/2016,16:30:00,3,1,4.0,4.0,AK 68-CL 98 02,12,1
4451059,12/07/2016,08:05:00,2,1,4.0,1.0,CL 13-KR 68A 35,9,1
4451077,12/07/2016,12:30:00,3,1,4.0,10.0,KR 95A-CL 127B 02,11,1
4451285,14/07/2016,09:00:00,3,1,4.0,2.0,KR 90B-CL 58 S 02,7,1
4451251,15/07/2016,01:00:00,2,1,4.0,6.0,AK 68-CL 28 S 21,16,1
4451372,15/07/2016,06:20:00,3,1,4.0,1.0,KR 17A-CL 42L ES 07,4,1
4451413,15/07/2016,06:30:00,2,1,4.0,1.0,KR 41A-CL 4B 02,16,1
4451611,15/07/2016,11:20:00,2,1,4.0,6.0,AV AVENIDA BOYACA-CL 59 S 02,19,1
4451441,15/07/2016,15:10:00,2,1,4.0,10.0,AV AVENIDA DE LAS AMERICAS-CL 75 56,8,1
4451348,15/07/2016,15:40:00,2,1,4.0,6.0,KR 11-CL 140 29,1,10
4451425,16/07/2016,11:20:00,2,1,4.0,2.0,KR 10-CL 128 70,1,1
4451432,16/07/2016,17:20:00,2,1,4.0,2.0,KR 156-CL 7 12,1,1
4451573,16/07/2016,19:00:00,3,1,4.0,6.0,KR 4-CL 188B 41,1,1
4451561,16/07/2016,21:20:00,3,1,4.0,2.0,KR 13-CL 56 02,2,1
4451562,17/07/2016,03:00:00,3,1,4.0,2.0,KR 54D-CL 186 35,1,1
4451652,17/07/2016,04:40:00,3,1,4.0,10.0,AV AVENIDA PRIMERA DE MAYO-CL 75A S 19,8,1
4451604,18/07/2016,06:30:00,2,1,4.0,10.0,CL 167-KR 50 13,11,1
4451839,18/07/2016,08:30:00,3,1,4.0,2.0,CL 131A-KR 91 02,11,1
4451633,18/07/2016,10:55:00,3,1,4.0,1.0,CL 88-KR 6 52,2,1
4451880,19/07/2016,10:40:00,3,1,4.0,2.0,AV AVENIDA BOYACA-CL 69B 02,10,1
4451826,19/07/2016,18:30:00,3,1,4.0,10.0,CL 58L-KR 80A S 15,7,1
4451765,20/07/2016,04:00:00,2,1,4.0,8.0,KR 68-CL 65 02,12,1
4451927,20/07/2016,15:00:00,3,1,4.0,1.0,CL 170-KR 74 02,11,1
4451925,20/07/2016,16:00:00,3,1,4.0,4.0,KR 56A-CL 61 02,12,4
4451932,20/07/2016,20:30:00,3,1,4.0,1.0,AV AVENIDA BOYACA-CL 71A S 02,5,1
4451956,20/07/2016,23:00:00,3,1,4.0,2.0,KR 103B-CL 16B 70,9,1
4452005,21/07/2016,06:30:00,3,1,4.0,2.0,KR 12C-CL 11 S 02,15,1
4451928,21/07/2016,17:30:00,3,1,4.0,3.0,CL 127-KR 11 02,1,1
4452109,22/07/2016,21:40:00,3,1,4.0,5.0,KR 10-CL 11 02,17,1
4452161,23/07/2016,09:30:00,2,1,4.0,1.0,AV AVENIDA BOYACA-CL 71 S 12,19,1
4452145,23/07/2016,15:45:00,2,1,4.0,1.0,AC 26-KR 78A 92,10,1
4452285,23/07/2016,20:30:00,3,1,4.0,2.0,KR 19-CL 72 02,12,1
4452205,23/07/2016,23:40:00,3,1,4.0,6.0,KR 77TBIS-CL 51 S 02,8,1
4452513,24/07/2016,06:00:00,3,1,4.0,2.0,CL 66-KR 68B 64,10,1
4452082,24/07/2016,06:10:00,1,1,4.0,1.0,KR 92-CL 86A 17,10,1
4452336,24/07/2016,06:50:00,3,1,4.0,10.0,CL 16H-KR 103A 11,9,1
4452239,24/07/2016,11:00:00,3,1,4.0,5.0,CL 44-KR 27 S 02,18,2
4452290,25/07/2016,01:20:00,3,1,4.0,2.0,KR 7-CL 163A 02,1,2
4452489,25/07/2016,09:15:00,3,1,4.0,1.0,CL 53-KR 87D S 02,7,1
4452338,25/07/2016,11:10:00,3,1,4.0,10.0,AK 45-CL 183 02,1,10
4452343,25/07/2016,18:30:00,3,1,4.0,2.0,CL 63C-KR 20 02,12,2
4452366,25/07/2016,18:30:00,3,1,4.0,11.0,AC 127-KR 54 02,11,1
4452415,26/07/2016,04:30:00,3,1,4.0,4.0,KR 86-CL 40A S 02,8,1
4452463,26/07/2016,07:00:00,3,1,4.0,6.0,KR 24-CL 5B 19,14,1
4452474,26/07/2016,12:15:00,3,1,4.0,2.0,CL 188-KR 12 02,1,1
4452418,26/07/2016,16:00:00,3,1,4.0,2.0,KR 18Q-CL 71B S 02,19,1
4452540,27/07/2016,04:52:00,3,1,4.0,4.0,AK 30-CL 22 02,14,1
4452704,27/07/2016,08:40:00,3,1,4.0,3.0,AC 72-KR 68BBIS 02,10,1
4452575,28/07/2016,01:30:00,3,1,4.0,1.0,CL 56G-KR 88 S 61,7,1
4452675,28/07/2016,23:30:00,3,1,4.0,6.0,KR 4-CL 60A 02,2,1
4452756,29/07/2016,06:50:00,2,1,4.0,1.0,AV AVENIDA CIUDAD DE CALI-CL 88 02,10,1
4452751,30/07/2016,02:00:00,1,1,4.0,4.0,AK 45-CL 200 02,1,1
4452906,30/07/2016,08:00:00,3,1,4.0,5.0,KR 70-CL 64C 02,10,1
4452796,30/07/2016,13:30:00,2,1,4.0,4.0,CL 68D-KR 19 S 17,19,6
4452770,30/07/2016,22:50:00,1,1,4.0,8.0,TR 4A-CL 87 50,2,1
4452930,31/07/2016,02:45:00,3,1,4.0,2.0,KR 72JBIS-CL 37D 02,8,1
4453023,01/08/2016,03:20:00,3,1,4.0,5.0,CL 36G-KR 3B 02,4,1
4453105,01/08/2016,11:50:00,3,1,4.0,11.0,CL 139-KR 93 02,11,1
4453107,02/08/2016,19:50:00,3,1,4.0,1.0,KR 91-CL 134A 02,11,1
4453311,03/08/2016,08:10:00,2,1,4.0,3.0,CL 39-KR 68A S 21,8,1
4453236,03/08/2016,12:30:00,3,1,4.0,10.0,CL 19-KR 5D 66,16,10
4453211,03/08/2016,23:30:00,3,1,4.0,10.0,AK 27-CL 2 02,14,1
4453369,04/08/2016,04:00:00,3,1,4.0,2.0,AV AVENIDA DE LAS AMERICAS-KR 65 02,16,1
4453330,04/08/2016,04:25:00,3,1,4.0,6.0,KR 72-CL 49 48,10,1
4453349,04/08/2016,07:30:00,3,1,4.0,2.0,KR 4-CL 188 64,1,1
4453367,04/08/2016,10:15:00,3,1,4.0,6.0,KR 154A-CL 136A 02,11,1
4453353,04/08/2016,13:55:00,1,1,4.0,5.0,AV AVENIDA DE LAS AMERICAS-KR 73 02,8,2
4453374,04/08/2016,16:30:00,3,1,4.0,11.0,CL 35A-KR 7BIS S 02,4,1
4453382,04/08/2016,19:55:00,2,1,4.0,6.0,KR 50-CL 1B 02,16,1
4453455,05/08/2016,02:20:00,3,1,4.0,2.0,CL 48-KR 2A SE 02,18,1
4453471,05/08/2016,13:20:00,3,1,4.0,1.0,CL 20-KR 27 02,14,1
4453623,05/08/2016,16:55:00,3,1,4.0,3.0,AV AVENIDA CIUDAD DE VILLAVICENCIO-AV AVENIDA DEL SUR 02,7,1
4453505,05/08/2016,20:10:00,2,1,4.0,6.0,KR 4A-CL 66 02,2,1
4453480,05/08/2016,22:45:00,2,1,4.0,10.0,KR 80-CL 2 51,8,1
4453597,06/08/2016,00:22:00,3,1,4.0,10.0,AV AVENIDA DE LAS AMERICAS-AV AVENIDA CIUDAD DE CALI 02,8,10
4453443,06/08/2016,03:45:00,1,1,4.0,1.0,AC 80-KR 69Q 05,10,1
4453490,06/08/2016,09:00:00,2,1,4.0,1.0,AK 30-CL 100 02,2,13
4453553,06/08/2016,12:15:00,3,1,4.0,10.0,TR 4-CL 43 95,2,1
4453603,06/08/2016,21:30:00,3,1,4.0,6.0,DG 62G-KR 71 S 03,19,1
4453487,07/08/2016,10:03:00,1,1,4.0,1.0,AV AVENIDA CIUDAD DE CALI-CL 99A 02,11,1
4453520,07/08/2016,14:10:00,2,1,4.0,1.0,AV AVENIDA PRIMERO DE MAYO-CL 39 S 02,16,1
4453522,07/08/2016,22:30:00,2,1,4.0,10.0,AV AVENIDA CIUDAD DE CALI-CL 20 02,9,1
4453718,08/08/2016,10:40:00,3,1,4.0,8.0,CL 195-KR 18 47,1,1
4453782,08/08/2016,11:30:00,3,1,4.0,2.0,CL 31D-KR 2A SE 02,4,1
4453664,08/08/2016,17:10:00,1,1,4.0,1.0,CL 67A-KR 113 60,10,1
4453832,09/08/2016,02:30:00,3,1,4.0,1.0,AK 45-CL 116 02,1,1
4454016,09/08/2016,06:43:00,3,1,4.0,2.0,TR 56-CL 115A 04,11,1
4453803,09/08/2016,07:40:00,3,1,4.0,6.0,KR 28A-CL 71P S 23,19,10
4453801,09/08/2016,11:15:00,3,1,4.0,8.0,CL 68BIS-KR 74A 02,10,1
4454050,10/08/2016,23:30:00,3,1,4.0,4.0,CL 26-KR 10 02,3,1
4453983,11/08/2016,11:00:00,3,1,4.0,10.0,KR 34-CL 13 61,16,1
4454011,11/08/2016,13:15:00,3,1,4.0,2.0,CL 8-KR 82B 02,8,1
4454189,12/08/2016,11:30:00,3,1,4.0,2.0,CL 26A-KR 4A 17,3,1
4454248,12/08/2016,17:40:00,3,1,4.0,1.0,CL 116-KR 70F 97,11,1
4454119,12/08/2016,19:20:00,3,1,4.0,2.0,AV AVENIDA DE LAS AMERICAS-KR 53A 02,16,1
4454266,12/08/2016,19:30:00,3,1,4.0,10.0,CL 48PBISC-KR 3 S 14,18,1
4454778,12/08/2016,21:00:00,3,1,4.0,10.0,CL 45-KR 6A SE 45,4,1
4454179,12/08/2016,22:40:00,3,1,4.0,2.0,CL 63B-KR 116A 06,10,1
4454130,12/08/2016,23:00:00,3,1,4.0,6.0,CL 93-KR 14 SE 38,5,1
4454283,13/08/2016,15:00:00,3,1,4.0,8.0,CL 56-KR 4P SE 02,5,5
4454212,14/08/2016,08:40:00,2,1,4.0,1.0,AV AVENIDA CARACAS-CL 69H S 02,5,1
4454399,14/08/2016,10:40:00,3,1,4.0,10.0,CL 24-KR 111 93,9,1
4454401,14/08/2016,16:30:00,3,1,4.0,6.0,KR 9FBIS-DG 40 S 02,18,1
4454329,15/08/2016,08:00:00,2,1,4.0,1.0,AC 34-KR 5 SE 15,4,1
4454144,15/08/2016,10:45:00,1,1,4.0,1.0,AK 20-CL 97 50,12,1
4454523,15/08/2016,12:30:00,3,1,4.0,10.0,CL 76-KR 65A S 12,19,10
4454301,15/08/2016,13:00:00,3,1,4.0,1.0,KR 89-CL 34 S 02,8,1
4454453,16/08/2016,14:05:00,3,1,4.0,2.0,CL 3-KR 3A 06,3,1
4454516,16/08/2016,19:00:00,3,1,4.0,11.0,KR 45-CL 182 02,1,1
4454560,17/08/2016,05:15:00,3,1,4.0,11.0,CL 116-KR 45 02,1,1
4454588,17/08/2016,08:40:00,3,1,4.0,5.0,AV AVENIDA CIUDAD DE VILLAVICENCIO-AK 86 02,8,1
4454549,17/08/2016,09:00:00,3,1,4.0,6.0,KR 89BIS-CL 70C S 18,7,1
4454659,17/08/2016,17:50:00,3,1,4.0,4.0,CL 31-KR 10 S 02,18,1
4454586,17/08/2016,19:10:00,3,1,4.0,9.0,CL 116-KR 17A 02,1,1
4454592,18/08/2016,02:50:00,3,1,4.0,5.0,AV AVENIDA BOYACA-CL 3 02,8,1
4454913,18/08/2016,08:05:00,3,1,4.0,6.0,CL 78BISA-KR 18I S 02,19,1
4454900,19/08/2016,03:30:00,3,1,4.0,11.0,AV AVENIDA PRIMERO DE MAYO-TR 31 02,16,2
4454870,19/08/2016,11:00:00,3,1,4.0,2.0,AV AVENIDA CIRCUNVALAR-KR 42 60,2,1
4454891,19/08/2016,12:20:00,3,1,4.0,10.0,AC 26-KR 106 02,9,1
4454874,19/08/2016,13:00:00,3,1,4.0,3.0,CL 123-KR 47 09,11,1
4454906,19/08/2016,17:40:00,2,1,4.0,6.0,KR 11-CL 47A ES 21,4,1
4454863,19/08/2016,21:30:00,3,1,4.0,6.0,KR 4-CL 1C 57,1,1
4455019,20/08/2016,12:30:00,2,1,4.0,4.0,CL 55-KR 24C S 02,6,1
4455081,20/08/2016,12:30:00,3,1,4.0,2.0,CL 60-KR 77K S 02,7,1
4454959,20/08/2016,13:25:00,2,1,4.0,10.0,CL 49A-KR 29 S 76,6,1
4454897,20/08/2016,13:30:00,3,1,4.0,10.0,KR 11-CL 19 ES 88,4,1
4454918,20/08/2016,20:30:00,3,1,4.0,1.0,AV AVENIDA LUIS CARLOS GALAN-AK 65 02,13,1
4454782,21/08/2016,00:10:00,1,1,4.0,1.0,CL 62-KR 82G S 26,7,1
4455061,21/08/2016,07:15:00,3,1,4.0,10.0,KR 107-CL 22J 86,9,1
4455077,21/08/2016,13:10:00,3,1,4.0,10.0,KR 10-CL 22B S 02,4,2
4455372,21/08/2016,17:06:00,3,1,4.0,10.0,KR 40A-CL 19 S 82,16,1
4455073,21/08/2016,17:30:00,3,1,4.0,1.0,CL 57-KR 87H S 02,7,1
4455067,21/08/2016,23:30:00,3,1,4.0,10.0,KR 20-CL 34 S 35,18,1
4455097,22/08/2016,02:20:00,3,1,4.0,2.0,CL 20-KR 97B 02,9,1
4455124,22/08/2016,03:00:00,2,1,4.0,5.0,KR 13-CL 28 02,3,1
4455258,22/08/2016,10:30:00,3,1,4.0,11.0,KR 18C-CL 52 S 02,6,1
4455163,23/08/2016,00:45:00,3,1,4.0,1.0,CL 145-KR 80 02,11,1
4455313,23/08/2016,07:40:00,3,1,4.0,2.0,KR 32-CL 63 S 02,7,1
4455223,23/08/2016,09:50:00,3,1,4.0,7.0,KR 8C-CL 39 ES 02,4,1
4455832,23/08/2016,11:50:00,3,1,4.0,10.0,KR 140-CL 66 02,2,1
4455819,23/08/2016,12:30:00,3,1,4.0,1.0,CL 43A-KR 12 SE 02,4,2
4455329,23/08/2016,14:00:00,3,1,4.0,10.0,KR 26-CL 63A 22,12,1
4455358,24/08/2016,01:00:00,3,1,4.0,1.0,CL 145-KR 72 02,11,1
4455481,25/08/2016,11:30:00,3,1,4.0,1.0,AC 170-KR 62 02,11,1
4455659,26/08/2016,05:30:00,3,1,4.0,6.0,AK 68-CL 95 02,12,1
4455629,26/08/2016,06:20:00,3,1,4.0,1.0,CL 139-KR 108 02,11,1
4455504,26/08/2016,11:00:00,3,1,4.0,1.0,CL 256-KR 85B 23,9,1
4455645,26/08/2016,11:30:00,3,1,4.0,10.0,KR 28-CL 17 40,14,1
4455615,26/08/2016,23:30:00,3,1,4.0,2.0,TR 6C-CL 32B S 72,4,1
4455778,27/08/2016,07:15:00,3,1,4.0,2.0,CL 39-KR 112B 03,11,1
4455675,27/08/2016,14:17:00,3,1,4.0,10.0,KR 40-CL 11A 02,16,1
4455915,28/08/2016,00:00:00,3,1,4.0,3.0,CL 58-KR 50 02,12,1
4455949,28/08/2016,05:00:00,3,1,4.0,1.0,TR 13-DG 48C S 02,18,1
4455905,28/08/2016,11:00:00,3,1,4.0,6.0,CL 6BBIS-KR 79B 37,8,1
4455774,28/08/2016,12:10:00,3,1,4.0,2.0,CL 40-KR 87C S 02,8,2
4455814,29/08/2016,11:00:00,3,1,4.0,2.0,KR 6-CL 189B 07,1,1
4455935,29/08/2016,12:10:00,3,1,4.0,10.0,CL 35-KR 5 S 37,4,1
4455918,29/08/2016,18:10:00,3,1,4.0,1.0,CL 129CBIS-KR 105 02,11,1
4456043,30/08/2016,08:00:00,3,1,4.0,2.0,CL 89-KR 87A 11,10,1
4455842,30/08/2016,21:23:00,2,1,4.0,10.0,KR 15-CL 74A ES 66,4,1
4456099,31/08/2016,08:30:00,3,1,4.0,5.0,AV AVENIDA CIUDAD DE VILLAVICENCIO-KR 32 02,19,1
4456069,31/08/2016,13:20:00,3,1,4.0,10.0,KR 51F-CL 25 S 02,16,2
4456109,31/08/2016,22:30:00,3,1,4.0,2.0,CL 63-KR 1C SE 02,5,1
4456090,01/09/2016,00:15:00,3,1,4.0,2.0,AV AVENIDA SUBA-CL 103B 02,11,1
4456137,01/09/2016,04:20:00,3,1,4.0,6.0,KR 22-CL 70B S 61,19,1
4456140,01/09/2016,10:50:00,3,1,4.0,6.0,CL 31-KR 4 SE 35,4,1
4456148,01/09/2016,16:00:00,3,1,4.0,1.0,AV AVENIDA JIMENEZ DE QUESADA-KR 3 02,17,1
4456303,02/09/2016,06:00:00,2,1,4.0,1.0,CL 167-KR 73A 02,11,1
4456411,02/09/2016,09:15:00,3,1,4.0,2.0,CL 71-KR 76A 30,10,1
4456230,02/09/2016,10:30:00,2,1,4.0,1.0,AV AVENIDA CIRCUNVALAR-KR 66 02,2,1
4456231,02/09/2016,11:50:00,3,1,4.0,1.0,CL 22-KR 100 02,9,2
4456263,02/09/2016,17:15:00,3,1,4.0,2.0,AV AVENIDA BOYACA-CL 72 S 02,19,1
4456446,03/09/2016,18:30:00,3,1,4.0,2.0,KR 17F-CL 75B S 02,19,1
4456298,03/09/2016,23:50:00,2,1,4.0,1.0,CL 25G-KR 95A 51,9,1
4456452,04/09/2016,11:15:00,3,1,4.0,10.0,KR 62-CL 9A 02,16,1
4456450,04/09/2016,15:00:00,3,1,4.0,2.0,KR 39B-CL 4B 02,16,2
4456488,04/09/2016,16:30:00,2,1,4.0,10.0,CL 13-KR 53 02,16,1
4456453,04/09/2016,18:00:00,3,1,4.0,1.0,CL 127D-TR 60 02,11,1
4456548,05/09/2016,15:30:00,3,1,4.0,2.0,KR 106-CL 18 02,9,1
4456626,06/09/2016,07:00:00,3,1,4.0,1.0,CL 182-KR 7 91,1,1
4456653,06/09/2016,08:10:00,3,1,4.0,10.0,CL 17F-KR 126 90,9,1
4456729,07/09/2016,01:30:00,3,1,4.0,6.0,CL 17D-KR 137A 29,9,2
4456863,07/09/2016,01:40:00,3,1,4.0,2.0,CL 80-KR 94 02,10,1
4456781,07/09/2016,02:15:00,3,1,4.0,2.0,AV AVENIDA SUBA-CL 114 02,11,1
4456873,08/09/2016,05:50:00,3,1,4.0,2.0,KR 58-CL 97 02,12,1
4456844,08/09/2016,13:00:00,3,1,4.0,6.0,CL 160-KR 64 02,11,1
4456879,08/09/2016,14:00:00,3,1,4.0,1.0,CL 127-KR 13 02,1,1
4456974,08/09/2016,21:15:00,3,1,4.0,6.0,KR 10-CL 49ABIS S 02,18,1
4456968,09/09/2016,12:00:00,3,1,4.0,2.0,CL 29-KR 25 S 11,18,1
4457143,10/09/2016,01:50:00,3,1,4.0,2.0,CL 84-KR 15 02,2,1
4457149,10/09/2016,08:40:00,3,1,4.0,2.0,KR 58-CL 468 77,11,1
4457189,10/09/2016,10:00:00,3,1,4.0,10.0,KR 30-CL 4 02,16,2
4457037,10/09/2016,22:53:00,2,1,4.0,1.0,AK 68-CL 8 S 02,16,2
4457222,11/09/2016,01:30:00,3,1,4.0,6.0,CL 29-KR 34A S 59,16,2
4457287,11/09/2016,14:00:00,3,1,4.0,10.0,KR 18NBISB-CL 67C S 31,19,1
4457050,11/09/2016,15:00:00,2,1,4.0,2.0,KR 69H-CL 74B 23,10,1
4457210,11/09/2016,20:40:00,3,1,4.0,10.0,DG 73C-KR 78B S 02,19,1
4457035,11/09/2016,21:50:00,2,1,4.0,1.0,CL 6A-KR 20A 09,14,2
4457216,11/09/2016,22:45:00,3,1,4.0,10.0,AV AVENIDA BOYACA-CL 73D S 02,5,1
4457352,12/09/2016,00:10:00,3,1,4.0,2.0,CL 8-KR 38 S 02,16,1
4457280,12/09/2016,05:10:00,3,1,4.0,2.0,AK 30-CL 1B 07,16,1
4457220,12/09/2016,12:10:00,3,1,4.0,8.0,AV AVENIDA SUBA-CL 137A 62,11,1
4457349,12/09/2016,13:00:00,3,1,4.0,6.0,KR 116-CL 23A 09,9,2
4457318,12/09/2016,16:30:00,2,1,4.0,3.0,CL 134-KR 46 02,11,1
4457378,13/09/2016,13:45:00,3,1,4.0,1.0,CL 100-KR 9 02,1,1
4457385,13/09/2016,16:05:00,3,1,4.0,6.0,DG 47A-KR 51D S 10,13,1
4457506,13/09/2016,16:50:00,3,1,4.0,4.0,KR 4-CL 18 E 23,3,1
4457858,15/09/2016,16:00:00,3,1,4.0,3.0,KR 19C-CL 48B S 02,6,1
4457880,16/09/2016,12:45:00,3,1,4.0,1.0,KR 8A-CL 47B ES 30,4,1
4458000,17/09/2016,00:05:00,3,1,4.0,6.0,KR 11C-CL 1B E 65,3,1
4457983,17/09/2016,10:10:00,3,1,4.0,1.0,CL 142-KR 11 82,1,1
4457951,17/09/2016,14:10:00,3,1,4.0,2.0,TR 34Q-CL 41A S 27,18,1
4458079,18/09/2016,05:05:00,3,1,4.0,2.0,KR 78C-CL 72CBIS S 02,7,1
4457939,18/09/2016,05:20:00,3,1,4.0,6.0,CL 69BBIS-KR 18V S 09,19,2
4457785,18/09/2016,15:30:00,2,1,4.0,6.0,DG 16-KR 51B S 07,16,1
4457790,18/09/2016,21:40:00,1,1,4.0,1.0,CL 56F-KR 94A S 20,7,1
4457903,19/09/2016,04:00:00,2,1,4.0,4.0,AV AVENIDA SUBA-AV AVENIDA BOYACA 02,11,1
4458021,19/09/2016,10:30:00,3,1,4.0,10.0,KR 8A-CL 4 ES 02,4,2
4458017,19/09/2016,11:00:00,3,1,4.0,2.0,CL 32-KR 4 02,3,2
4458302,19/09/2016,21:00:00,3,1,4.0,2.0,CL 189C-KR 3 02,1,2
4458145,20/09/2016,11:00:00,3,1,4.0,2.0,CL 49B-KR 4B S 33,18,1
4466160,20/09/2016,16:00:00,3,1,4.0,2.0,KR 4-CL 30 ES 20,4,1
4458068,20/09/2016,16:00:00,3,1,4.0,2.0,TR 50-CL 73A S 02,19,1
4458070,20/09/2016,16:00:00,3,1,4.0,2.0,KR 4-CL 30 ES 20,4,1
4458062,20/09/2016,20:30:00,2,1,4.0,10.0,AK 68-CL 8 S 02,8,1
4458257,21/09/2016,00:05:00,3,1,4.0,10.0,CL 83-KR 115 07,10,10
4458222,21/09/2016,05:50:00,3,1,4.0,2.0,CL 63-KR 50 02,12,1
4458253,21/09/2016,11:00:00,3,1,4.0,2.0,KR 47-CL 129A 30,11,1
4458382,21/09/2016,23:30:00,2,1,4.0,1.0,AV AVENIDA CIRCUNVALAR-CL 61 02,2,1
4458422,22/09/2016,07:05:00,3,1,4.0,1.0,KR 6-CL 15 ES 10,4,1
4458331,22/09/2016,14:25:00,3,1,4.0,10.0,CL 113-KR 55 02,11,1
4458332,22/09/2016,23:40:00,2,1,4.0,1.0,CL 26-KR 29B S 42,15,1
4458520,23/09/2016,08:00:00,3,1,4.0,10.0,CL 17F-KR 126 90,9,10
4458508,23/09/2016,08:30:00,3,1,4.0,2.0,KR 82A-CL 8A S 36,8,1
4458695,24/09/2016,02:00:00,3,1,4.0,4.0,KR 79A-CL 11A 40,8,1
4458714,24/09/2016,05:40:00,3,1,4.0,2.0,TR 42-CL 5A 27,16,1
4458728,24/09/2016,09:05:00,3,1,4.0,1.0,CL 95-KR 50 02,12,1
4459205,24/09/2016,11:15:00,3,1,4.0,2.0,KR 71-CL 49A 02,10,1
4458836,24/09/2016,20:30:00,3,1,4.0,1.0,AK 60-CL 24 03,13,1
4458789,25/09/2016,00:00:00,3,1,4.0,9.0,KR 68-CL 19 02,16,1
4458672,25/09/2016,06:40:00,2,1,4.0,2.0,KR 10-CL 26 ES 02,4,1
4459199,25/09/2016,15:01:00,2,1,4.0,2.0,CL 85-KR 50 02,12,1
4458764,25/09/2016,23:45:00,3,1,4.0,2.0,DG 69C-KR 79C S 48,7,1
4458817,26/09/2016,02:15:00,3,1,4.0,4.0,KR 10-CL 6 02,3,7
4458595,26/09/2016,06:40:00,2,1,4.0,10.0,CL 128BIS-KR 58A 32,11,1
4458961,27/09/2016,20:00:00,3,1,4.0,6.0,CL 146D-KR 78 02,11,1
4459017,28/09/2016,20:10:00,3,1,4.0,2.0,KR 69-CL 15A 02,9,1
4459201,28/09/2016,20:30:00,3,1,4.0,10.0,KR 13-CL 86A 02,2,1
4459024,29/09/2016,02:00:00,3,1,4.0,2.0,CL 92-KR 14B SE 17,5,1
4459343,29/09/2016,11:00:00,3,1,4.0,6.0,CL 77A-KR 84 25,10,1
4459091,29/09/2016,13:00:00,3,1,4.0,4.0,KR 59-CL 26 02,13,1
4459152,29/09/2016,16:30:00,2,1,4.0,1.0,CL 84-KR 14R SE 02,5,2
4459071,29/09/2016,19:50:00,2,1,4.0,1.0,KR 5-CL 25 ES 02,4,1
4459082,29/09/2016,23:50:00,2,1,4.0,1.0,AV AVENIDA SUBA-KR 76 02,11,1
4459229,30/09/2016,23:00:00,3,1,4.0,2.0,AV AVENIDA CENTENARIO-CL 104 02,9,1
4459262,01/10/2016,00:45:00,2,1,4.0,1.0,CL 100-KR 15 02,2,1
4459460,01/10/2016,04:00:00,3,1,4.0,3.0,CL 150-KR 103 02,11,1
4459258,01/10/2016,05:00:00,2,1,4.0,1.0,AV AVENIDA CIRCUNVALAR-CL 91 85,2,1
4459234,02/10/2016,02:00:00,2,1,4.0,4.0,AV AVENIDA CIUDAD DE CALI-CL 26 04,8,1
4459439,02/10/2016,08:00:00,3,1,4.0,2.0,CL 69F-KR 73L S 22,19,1
4459493,02/10/2016,09:00:00,3,1,4.0,2.0,KR 77J-CL 70ABISA S 02,7,1
4459491,02/10/2016,19:35:00,3,1,4.0,10.0,KR 68H-CL 17 S 02,8,1
4459698,03/10/2016,02:00:00,3,1,4.0,1.0,AV AVENIDA CIRCUNVALAR-KR 17 02,3,1
4459566,03/10/2016,06:00:00,2,1,4.0,1.0,CL 127-KR 21 02,1,1
4459649,03/10/2016,20:20:00,3,1,4.0,6.0,KR 3-CL 19 ES 07,4,1
4459622,03/10/2016,21:10:00,3,1,4.0,2.0,KR 93B-CL 129BBIS 02,11,1
4459624,04/10/2016,00:55:00,3,1,4.0,1.0,AK 20-CL 93 85,2,1
4459654,04/10/2016,02:20:00,3,1,4.0,2.0,CL 17C-KR 134 02,9,1
4459661,04/10/2016,08:05:00,3,1,4.0,1.0,KR 80-CL 146 02,11,1
4459655,04/10/2016,18:00:00,3,1,4.0,3.0,KR 50-CL 18A 15,16,1
4468060,04/10/2016,21:25:00,2,1,4.0,3.0,CL 3-KR 64 21,16,1
4459672,05/10/2016,02:30:00,2,1,4.0,2.0,AV AVENIDA CARACAS-CL 69 02,2,1
4459876,05/10/2016,11:00:00,3,1,4.0,10.0,DG 2-TR 64 02,16,1
4460083,06/10/2016,02:55:00,3,1,4.0,5.0,CL 43-KR 78 02,9,2
4459902,06/10/2016,08:30:00,3,1,4.0,2.0,CL 245-KR 7 02,1,1
4459857,06/10/2016,10:00:00,3,1,4.0,6.0,CL 73-KR 10 67,2,1
4460007,07/10/2016,00:20:00,2,1,4.0,4.0,KR 9-CL 140 02,1,1
4460105,07/10/2016,10:15:00,3,1,4.0,2.0,CL 124A-KR 14A 02,1,1
4460217,07/10/2016,11:50:00,3,1,4.0,4.0,AV AVENIDA CIRCUNVALAR-CL 17 02,2,1
4460492,07/10/2016,19:00:00,3,1,4.0,10.0,KR 109-CL 137 45,11,1
4460165,08/10/2016,05:00:00,3,1,4.0,10.0,CL 22F-KR 107 64,9,1
4460233,08/10/2016,16:30:00,3,1,4.0,11.0,KR 18A-CL 104 02,1,1
4460203,09/10/2016,00:30:00,3,1,4.0,10.0,DG 45B-KR 53B S 36,6,1
4460211,09/10/2016,00:30:00,1,1,4.0,1.0,CL 13-KR 50 02,16,1
4460045,09/10/2016,03:00:00,2,1,4.0,8.0,CL 83A-KR 113 02,10,1
4460286,09/10/2016,12:30:00,2,1,4.0,3.0,TR 42-CL 4A 02,16,1
4460293,09/10/2016,16:50:00,3,1,4.0,6.0,CL 133-KR 107B 02,11,1
4460363,10/10/2016,01:40:00,3,1,4.0,2.0,AK 68-CL 97 02,12,1
4460041,10/10/2016,05:55:00,2,1,4.0,2.0,KR 31-CL 11 65,16,1
4460438,10/10/2016,07:00:00,3,1,4.0,2.0,KR 12-CL 16 66,3,1
4460407,10/10/2016,17:40:00,3,1,4.0,6.0,KR 50-CL 18A 02,16,10
4460361,11/10/2016,08:20:00,3,1,4.0,2.0,KR 68-CL 55 02,12,1
4460591,12/10/2016,00:35:00,2,1,4.0,1.0,CL 145-KR 103 02,11,1
4460530,12/10/2016,01:40:00,3,1,4.0,1.0,CL 7-TR 3H S 02,5,1
4460614,12/10/2016,09:10:00,2,1,4.0,1.0,CL 26-KR 72 02,9,1
4460525,12/10/2016,09:50:00,3,1,4.0,2.0,CL 70A-KR 87A 02,10,1
4460758,13/10/2016,08:40:00,3,1,4.0,4.0,KR 15-CL 124 30,1,1
4460739,13/10/2016,10:30:00,3,1,4.0,2.0,KR 111C-CL 69C 02,10,1
4462900,14/10/2016,07:28:00,3,1,4.0,10.0,CL 63-KR 110D 10,10,1
4460949,14/10/2016,09:30:00,3,1,4.0,1.0,KR 87B-CL 19A 66,9,1
4460791,14/10/2016,18:00:00,2,1,4.0,10.0,CL 83-KR 18D S 02,19,1
4460788,15/10/2016,06:30:00,2,1,4.0,1.0,KR 8-CL 23 S 28,4,4
4461009,15/10/2016,14:30:00,3,1,4.0,6.0,KR 6-CL 35 28,3,10
4461060,16/10/2016,21:15:00,3,1,4.0,6.0,KR 13-CL 12 S 36,15,1
4461075,17/10/2016,15:55:00,3,1,4.0,2.0,CL 52A-KR 37 S 02,6,2
4461171,17/10/2016,21:35:00,3,1,4.0,2.0,CL 63-KR 15 02,12,1
4460845,17/10/2016,22:20:00,2,1,4.0,2.0,KR 73I-CL 57R S 02,7,1
4461100,18/10/2016,18:10:00,3,1,4.0,6.0,KR 56-CL 4D 26,16,1
4461207,18/10/2016,21:25:00,3,1,4.0,2.0,KR 30-CL 12 02,14,1
4461300,20/10/2016,02:10:00,2,1,4.0,11.0,KR 30-CL 85A 02,12,1
4461494,21/10/2016,18:50:00,3,1,4.0,2.0,CL 52-KR 72ABIS 02,10,2
4461538,21/10/2016,19:30:00,3,1,4.0,1.0,KR 13-CL 25 13,3,1
4461707,22/10/2016,14:30:00,3,1,4.0,11.0,KR 73D-CL 26 S 02,8,1
4461532,23/10/2016,00:40:00,2,1,4.0,4.0,AK 45-CL 108A 50,1,1
4461626,23/10/2016,04:00:00,3,1,4.0,1.0,AV AVENIDA CARACAS-CL 73 S 02,5,1
4461617,23/10/2016,17:40:00,3,1,4.0,10.0,KR 6-CL 49A S 15,18,1
4461796,23/10/2016,23:50:00,3,1,4.0,2.0,CL 9-KR 68 55,8,1
4461825,24/10/2016,16:10:00,3,1,4.0,10.0,AV AVENIDA CENTENARIO-CL 90 02,9,1
4461976,24/10/2016,21:00:00,3,1,4.0,6.0,CL 101-KR 14A 82,1,1
4461882,25/10/2016,04:30:00,3,1,4.0,2.0,CL 17F-KR 69C S 24,19,1
4461963,25/10/2016,10:00:00,3,1,4.0,2.0,KR 22A-DG 43 S 02,18,2
4462117,25/10/2016,13:30:00,3,1,4.0,1.0,CL 72-KR 91A 02,10,1
4462046,26/10/2016,00:10:00,3,1,4.0,1.0,AK 82-CL 12 90,2,1
4462038,26/10/2016,11:20:00,3,1,4.0,2.0,KR 68G-CL 36GBIS S 02,8,1
4462206,26/10/2016,22:40:00,3,1,4.0,2.0,KR 109-CL 76 02,10,1
4462158,27/10/2016,07:20:00,3,1,4.0,2.0,CL 142C-KR 138A 02,11,1
4462211,27/10/2016,20:30:00,3,1,4.0,10.0,CL 29BIS-KR 5 66,3,1
4462224,28/10/2016,02:00:00,2,1,4.0,4.0,KR 30-CL 45 02,13,4
4462659,29/10/2016,10:27:00,3,1,4.0,10.0,CL 128-KR 87D 26,11,1
4462405,29/10/2016,15:10:00,3,1,4.0,2.0,CL 36-KR 13D S 49,18,1
4462362,30/10/2016,02:45:00,2,1,4.0,3.0,AC 24-KR 36 02,13,1
4462349,30/10/2016,06:20:00,2,1,4.0,6.0,KR 77C-CL 66A S 02,19,1
4462565,30/10/2016,07:30:00,3,1,4.0,2.0,CL 3-KR 38 02,16,2
4462325,30/10/2016,08:20:00,1,1,4.0,1.0,AV AVENIDA PRIMERO DE MAYO-AV AVENIDA BOYACA 02,8,4
4462895,30/10/2016,23:58:00,3,1,4.0,6.0,CL 1-KR 6 42,3,1
4462620,31/10/2016,02:10:00,3,1,4.0,1.0,KR 78C-CL 70D S 21,7,1
4462569,31/10/2016,03:30:00,3,1,4.0,10.0,KR 27-CL 45B S 10,18,1
4462519,31/10/2016,06:15:00,2,1,4.0,10.0,DG 62H-KR 20 S 56,18,1
4464075,31/10/2016,09:00:00,3,1,4.0,10.0,KR 88C-CL 59C S 02,7,10
4462982,01/11/2016,02:15:00,2,1,4.0,2.0,CL 132D-KR 141A 02,11,1
4462730,01/11/2016,15:40:00,3,1,4.0,10.0,AV AVENIDA PRIMERO DE MAYO-KR 41C 02,8,1
4462836,01/11/2016,20:30:00,3,1,4.0,6.0,CL 128B-KR 85A 02,11,1
4462967,01/11/2016,20:40:00,3,1,4.0,6.0,CL 17C-KR 123B 02,9,2
4462840,01/11/2016,21:45:00,3,1,4.0,1.0,KR 20-CL 63A 35,12,1
4462749,02/11/2016,03:36:00,2,1,4.0,3.0,CL 38ABIS-KR 27 S 02,14,1
4463499,02/11/2016,19:10:00,3,1,4.0,11.0,KR 30-CL 20 02,14,1
4463747,02/11/2016,21:30:00,2,1,4.0,1.0,CL 127-KR 18 02,1,1
4462899,03/11/2016,12:30:00,3,1,4.0,6.0,CL 6D-KR 3 27,3,1
4463263,03/11/2016,14:00:00,2,1,4.0,10.0,KR 80-CL 2 S 51,8,1
4463341,04/11/2016,05:30:00,3,1,4.0,2.0,AC 26-KR 57 02,13,1
4463049,04/11/2016,08:00:00,3,1,4.0,6.0,TR 13-CL 48 S 51,4,1
4463180,04/11/2016,08:00:00,3,1,4.0,6.0,CL 88-KR 7 S 02,5,1
4463301,04/11/2016,08:10:00,3,1,4.0,2.0,KR 16-CL 33A 50,13,1
4463031,04/11/2016,10:50:00,3,1,4.0,10.0,KR 8-CL 2 91,3,1
4463563,04/11/2016,13:40:00,3,1,4.0,1.0,CL 64-KR 128 50,10,1
4463093,04/11/2016,17:00:00,2,1,4.0,1.0,CL 59A-KR 76A S 02,19,1
4463203,04/11/2016,17:50:00,2,1,4.0,10.0,KR 80-CL 42C S 34,8,1
4463295,04/11/2016,19:00:00,3,1,4.0,10.0,KR 30-CL 3 02,14,1
4463176,04/11/2016,22:45:00,3,1,4.0,1.0,CL 30-KR 45 02,13,1
4463237,05/11/2016,00:30:00,3,1,4.0,1.0,AK 45-CL 92 02,1,4
4463002,05/11/2016,01:00:00,2,1,4.0,1.0,DG 70B-KR 2 E 14,2,1
4463193,05/11/2016,20:20:00,3,1,4.0,3.0,KR 4-CL 77 02,2,1
4463342,05/11/2016,21:30:00,3,1,4.0,2.0,KR 4-CL 91 02,2,1
4463222,06/11/2016,02:44:00,3,1,4.0,10.0,CL 64-KR 113F 02,10,1
4463231,06/11/2016,04:00:00,3,1,4.0,5.0,AV AVENIDA DEL SUR-KR 63 02,7,1
4463418,06/11/2016,06:00:00,3,1,4.0,10.0,KR 80D-CL 7B 83,8,1
4463396,06/11/2016,09:50:00,3,1,4.0,1.0,DG 182-KR 45 02,1,1
4463073,06/11/2016,10:20:00,1,1,4.0,1.0,AK 14-CL 64A S 70,5,1
4463404,06/11/2016,10:30:00,3,1,4.0,2.0,KR 105-CL 64B 02,10,1
4463218,06/11/2016,11:00:00,3,1,4.0,1.0,KR 45-CL 167A 02,1,1
4463373,06/11/2016,15:00:00,3,1,4.0,2.0,CL 66-KR 113 02,10,1
4463142,06/11/2016,20:30:00,2,1,4.0,6.0,KR 12A-CL 89 ES 11,4,1
4463406,06/11/2016,22:00:00,2,1,4.0,2.0,KR 97C-CL 69 S 06,7,1
4463440,06/11/2016,22:00:00,3,1,4.0,1.0,CL 16I-KR 98 02,9,1
4463096,07/11/2016,06:39:00,1,1,4.0,1.0,KR 14-CL 65 S 80,5,1
4463452,07/11/2016,07:35:00,3,1,4.0,10.0,CL 74D-KR 79 S 46,7,1
4463393,07/11/2016,12:10:00,3,1,4.0,2.0,AV AVENIDA CIUDAD DE CALI-KR 57D S 02,7,1
4463533,07/11/2016,15:00:00,3,1,4.0,2.0,DG 72-TR 18J S 02,19,1
4463466,08/11/2016,04:15:00,2,1,4.0,2.0,KR 9-CL 127C 26,1,1
4463463,08/11/2016,12:05:00,2,1,4.0,1.0,KR 7-CL 54 59,2,1
4463650,08/11/2016,12:30:00,3,1,4.0,10.0,CL 22C-KR 18A 59,14,1
4463444,08/11/2016,14:00:00,3,1,4.0,1.0,CL 175-KR 78 02,11,1
4463653,08/11/2016,17:20:00,3,1,4.0,3.0,AC 127-KR 11 20,1,1
4463483,09/11/2016,07:50:00,2,1,4.0,10.0,CL 63-KR 108I 22,10,1
4463581,09/11/2016,13:40:00,3,1,4.0,11.0,AC 26-KR 103 02,9,1
4463682,10/11/2016,07:00:00,3,1,4.0,1.0,AV AVENIDA CIUDAD DE CALI-CL 6D 02,8,1
4463723,10/11/2016,09:37:00,3,1,4.0,10.0,KR 80-CL 2 S 51,8,1
4463917,11/11/2016,15:38:00,3,1,4.0,10.0,CL 18-KR 7 49,3,1
4463954,11/11/2016,18:00:00,3,1,4.0,1.0,CL 25-KR 33 60,13,10
4463992,11/11/2016,21:40:00,3,1,4.0,10.0,AV AVENIDA CIUDAD DE CALI-CL 13C 51,8,1
4463988,12/11/2016,00:45:00,2,1,4.0,2.0,KR 45-CL 187 02,11,1
4464126,12/11/2016,09:00:00,3,1,4.0,8.0,AV AVENIDA BOYACA-CL 92 02,10,1
4464412,12/11/2016,10:30:00,3,1,4.0,10.0,KR 98C-CL 58 S 02,7,1
4464138,12/11/2016,19:10:00,3,1,4.0,10.0,AV AVENIDA BOYACA-CL 49 02,10,10
4464431,13/11/2016,03:00:00,3,1,4.0,2.0,CL 63-KR 97A 02,10,1
4463986,13/11/2016,05:00:00,3,1,4.0,10.0,KR 80-CL 2 S 51,8,1
4464403,13/11/2016,11:15:00,3,1,4.0,1.0,AV AVENIDA PRIMERO DE MAYO-KR 52C 51,16,1
4464116,13/11/2016,13:30:00,3,1,4.0,10.0,KR 5A-CL 13BIS S 02,4,2
4464083,14/11/2016,04:00:00,3,1,4.0,6.0,KR 81D-CL 42H S 22,8,1
4464058,14/11/2016,15:00:00,3,1,4.0,6.0,DG 45B-KR 52A S 55,6,1
4464367,14/11/2016,17:00:00,3,1,4.0,2.0,KR 11-CL 81 02,2,2
4463964,14/11/2016,17:00:00,3,1,4.0,10.0,CL 139-KR 147ABIS 02,11,1
4464012,15/11/2016,00:10:00,3,1,4.0,6.0,KR 17-CL 63B S 17,19,1
4463979,15/11/2016,04:05:00,3,1,4.0,1.0,KR 8-CL 17 S 02,4,1
4464013,15/11/2016,04:10:00,3,1,4.0,5.0,KR 9-CL 165 02,1,1
4464162,15/11/2016,09:30:00,3,1,4.0,6.0,DG 62HBIS-TR 73J S 02,19,1
4464273,15/11/2016,12:05:00,3,1,4.0,10.0,CL 68-KR 19 44,12,1
4464258,15/11/2016,14:20:00,3,1,4.0,10.0,KR 17-CL 9 02,14,1
4464462,15/11/2016,23:05:00,3,1,4.0,4.0,KR 96-CL 70 02,10,10
4464690,16/11/2016,08:00:00,3,1,4.0,2.0,KR 53-CL 38 S 02,16,2
4464245,16/11/2016,13:10:00,3,1,4.0,1.0,KR 61-CL 96 02,12,1
4464482,16/11/2016,14:30:00,3,1,4.0,10.0,KR 19A-CL 84 02,2,1
4464605,17/11/2016,01:20:00,3,1,4.0,5.0,AV AVENIDA CIUDAD DE VILLAVICENCIO-CL 57B S 02,7,2
4464490,18/11/2016,04:50:00,2,1,4.0,10.0,AC 89B-KR 58A S 23,7,1
4464659,18/11/2016,10:40:00,3,1,4.0,4.0,KR 29-CL 40A 65,13,4
4464771,18/11/2016,21:15:00,3,1,4.0,2.0,KR 7-CL 220 02,1,1
4464770,19/11/2016,09:30:00,3,1,4.0,2.0,CL 40-KR 92B S 02,8,1
4464737,19/11/2016,10:00:00,3,1,4.0,10.0,KR 56-CL 5C 02,16,1
4464798,19/11/2016,16:38:00,3,1,4.0,10.0,KR 18-CL 16 S 04,15,1
4464920,20/11/2016,11:30:00,3,1,4.0,2.0,KR 129-CL 137B 02,11,1
4464721,20/11/2016,15:00:00,2,1,4.0,2.0,DG 39-KR 1C SE 02,4,1
4464964,20/11/2016,17:30:00,3,1,4.0,2.0,CL 26-KR 73 S 23,8,1
4464868,20/11/2016,19:40:00,3,1,4.0,10.0,KR 51-CL 71 02,12,1
4465003,20/11/2016,19:50:00,3,1,4.0,2.0,CL 39-KR 13 02,2,1
4464954,21/11/2016,12:00:00,3,1,4.0,10.0,KR 7-CL 180 75,1,10
4464932,21/11/2016,21:30:00,3,1,4.0,2.0,AV AVENIDA BOYACA-KR 24 02,6,1
4464935,21/11/2016,21:30:00,3,1,4.0,1.0,AV AVENIDA BOYACA-KR 24 02,6,1
4465088,22/11/2016,05:40:00,3,1,4.0,10.0,CL 42C-TR 78H S 02,8,1
4465207,22/11/2016,15:00:00,3,1,4.0,1.0,KR 73-CL 52 02,10,1
4465054,22/11/2016,16:25:00,2,1,4.0,1.0,CL 26-KR 51 02,13,1
4465154,22/11/2016,21:20:00,3,1,4.0,1.0,KR 30-CL 19 02,14,8
4466047,23/11/2016,16:30:00,3,1,4.0,3.0,CL 93A-KR 9A 02,2,1
4465310,24/11/2016,06:30:00,3,1,4.0,6.0,CL 72-KR 18R S 07,19,1
4465245,24/11/2016,08:30:00,3,1,4.0,2.0,CL 66-KR 105F 02,10,2
4465371,25/11/2016,03:10:00,2,1,4.0,6.0,TR 21-CL 45 45,13,1
4465472,25/11/2016,07:10:00,3,1,4.0,10.0,CL 213-KR 114 10,11,1
4465335,25/11/2016,23:40:00,2,1,4.0,2.0,KR 45-CL 152 02,11,1
4465589,26/11/2016,06:20:00,3,1,4.0,2.0,CL 145-KR 111A 02,11,2
4465360,26/11/2016,16:25:00,2,1,4.0,10.0,CL 4-KR 38B 32,16,1
4465639,26/11/2016,17:00:00,3,1,4.0,10.0,CL 74-KR 70 06,10,1
4465548,26/11/2016,20:00:00,3,1,4.0,6.0,CL 69C-KR 17F 02,19,1
4465887,28/11/2016,00:10:00,3,1,4.0,2.0,KR 17H-CL 96 S 02,19,1
4465838,28/11/2016,05:41:00,3,1,4.0,6.0,CL 71A-KR 18Q 23,19,1
4465851,28/11/2016,12:20:00,3,1,4.0,10.0,CL 13-KR 28 02,14,1
4465685,28/11/2016,16:40:00,3,1,4.0,10.0,TR 42-CL 3A 73,16,1
4465865,28/11/2016,23:30:00,3,1,4.0,6.0,AK 86-CL 42B S 51,8,1
4465850,29/11/2016,14:00:00,3,1,4.0,10.0,KR 112-CL 78A 34,10,1
4465973,29/11/2016,15:00:00,3,1,4.0,2.0,CL 63F-KR 18Q 11,19,1
4465833,29/11/2016,15:30:00,3,1,4.0,1.0,KR 16-CL 63A 02,12,1
4465625,29/11/2016,21:10:00,2,1,4.0,1.0,AV AVENIDA BOYACA-CL 128 02,11,1
4465594,29/11/2016,23:00:00,2,1,4.0,1.0,KR 68-CL 9 S 01,16,1
4465966,30/11/2016,02:30:00,3,1,4.0,2.0,KR 100-CL 129C 19,11,1
4465796,30/11/2016,06:10:00,2,1,4.0,1.0,KR 26-CL 77 S 02,19,1
4465965,30/11/2016,07:20:00,3,1,4.0,1.0,KR 14-CL 76 S 32,5,1
4466001,30/11/2016,10:10:00,3,1,4.0,10.0,CL 188-KR 9 13,1,1
4466078,01/12/2016,23:49:00,3,1,4.0,10.0,KR 107-CL 79B 02,10,10
4466142,02/12/2016,02:00:00,3,1,4.0,10.0,CL 19B-KR 34 40,16,1
4466164,03/12/2016,03:30:00,3,1,4.0,1.0,KR 11-CL 63A 02,2,1
4466312,03/12/2016,16:30:00,3,1,4.0,10.0,CL 42A-KR 93 S 02,8,1
4466243,04/12/2016,11:30:00,2,1,4.0,1.0,KR 68-CL 23 02,13,1
4467185,05/12/2016,22:20:00,3,1,4.0,2.0,CL 74-KR 80M S 30,7,1
4466774,07/12/2016,12:00:00,3,1,4.0,1.0,CL 98-KR 70 90,11,1
4466695,08/12/2016,07:20:00,3,1,4.0,2.0,CL 6-TR 42 02,16,1
4467214,08/12/2016,19:30:00,3,1,4.0,10.0,CL 48-KR 13F S 02,4,1
4466961,09/12/2016,16:50:00,3,1,4.0,2.0,KR 18I-CL 69P S 02,19,1
4466702,09/12/2016,18:15:00,1,1,4.0,1.0,KR 71F-CL 12 S 35,8,1
4466838,10/12/2016,14:40:00,1,1,4.0,2.0,AV AVENIDA CIRCUNVALAR-CL 17 02,3,1
4466833,10/12/2016,20:10:00,2,1,4.0,1.0,CL 147-KR 17 60,1,1
4467609,11/12/2016,00:30:00,2,1,4.0,2.0,CL 13-KR 127 02,9,1
4467061,11/12/2016,04:30:00,3,1,4.0,2.0,CL 72-KR 68C 05,10,1
4467083,11/12/2016,16:30:00,3,1,4.0,6.0,CL 68G-KR 48H S 33,19,1
4467166,11/12/2016,20:30:00,3,1,4.0,10.0,KR 89-CL 6A 02,8,1
4467238,12/12/2016,10:50:00,3,1,4.0,1.0,CL 140C-KR 94D 02,11,1
4467283,12/12/2016,12:00:00,3,1,4.0,10.0,CL 51-KR 90A S 26,7,10
4467234,12/12/2016,12:30:00,3,1,4.0,1.0,CL 153-KR 73 02,11,1
4467145,13/12/2016,17:20:00,2,1,4.0,1.0,AV AVENIDA BOYACA-KR 16D 02,19,1
4467320,13/12/2016,22:35:00,3,1,4.0,2.0,CL 133A-KR 99 02,11,1
4467393,14/12/2016,01:20:00,3,1,4.0,1.0,AK 45-CL 159 02,1,1
4467335,14/12/2016,04:55:00,2,1,4.0,4.0,KR 17H-CL 95A S 02,5,1
4467437,14/12/2016,12:00:00,3,1,4.0,2.0,KR 19-CL 164 36,1,1
4467415,14/12/2016,13:00:00,3,1,4.0,10.0,CL 45-KR 14 24,13,1
4467399,14/12/2016,17:30:00,3,1,4.0,2.0,CL 26-KR 69B 02,10,1
4467522,15/12/2016,16:40:00,3,1,4.0,10.0,CL 72-KR 110BBIS 02,10,1
4467799,17/12/2016,07:50:00,3,1,4.0,1.0,CL 46-KR 20 S 02,18,1
4467621,17/12/2016,09:35:00,1,1,4.0,1.0,CL 143-KR 109 12,11,1
4467805,17/12/2016,09:40:00,3,1,4.0,3.0,CL 104-KR 18A 02,1,1
4467630,17/12/2016,15:30:00,2,1,4.0,10.0,AV AVENIDA CIUDAD DE VILLAVICENCIO-CL 58 S 30,19,1
4467844,17/12/2016,17:40:00,3,1,4.0,10.0,KR 49-CL 130 02,11,1
4467769,17/12/2016,19:00:00,3,1,4.0,10.0,CL 82-KR 116A 02,10,1
4467752,17/12/2016,19:30:00,3,1,4.0,6.0,KR 81-CL 71F S 03,7,10
4468029,18/12/2016,13:35:00,2,1,4.0,1.0,AV AVENIDA CARACAS-KR 12D 02,6,1
4467717,18/12/2016,18:30:00,3,1,4.0,10.0,CL 9-KR 2 S 43,4,1
4467825,18/12/2016,19:00:00,1,1,4.0,1.0,AK 30-CL 71A 45,12,1
4467892,18/12/2016,19:45:00,3,1,4.0,10.0,KR 56-CL 2A 02,16,1
4467898,19/12/2016,10:30:00,3,1,4.0,2.0,KR 26A-CL 76B S 02,19,1
4468035,20/12/2016,09:30:00,2,1,4.0,6.0,TR 21-CL 13A ES 55,4,1
4468171,20/12/2016,20:50:00,3,1,4.0,2.0,KR 1B-CL 52 S 02,18,2
4468200,21/12/2016,11:10:00,3,1,4.0,6.0,DG 100C-KR 10 S 45,5,2
4468456,22/12/2016,17:00:00,3,1,4.0,10.0,CL 22-KR 110A 06,9,10
4468373,23/12/2016,20:30:00,3,1,4.0,2.0,KR 6A-CL 45 68,4,1
4468282,24/12/2016,06:15:00,2,1,4.0,6.0,AV AVENIDA CARACAS-CL 31C S 40,18,1
4468430,24/12/2016,23:50:00,1,1,4.0,2.0,AK 45-CL 142 02,1,1
4468462,25/12/2016,02:00:00,3,1,4.0,7.0,CL 43-KR 87 S 02,8,1
4468541,25/12/2016,20:40:00,3,1,4.0,1.0,AV AVENIDA JORGE ELICER GAITAN-CL 86 02,9,1
4468725,26/12/2016,02:34:00,2,1,4.0,1.0,AV AVENIDA BOYACA-CL 59 S 02,6,1
4468504,26/12/2016,08:30:00,2,1,4.0,2.0,AC 3-KR 53B 57,16,1
4468565,26/12/2016,11:15:00,3,1,4.0,10.0,CL 38-KR 2K S 02,4,10
4468555,26/12/2016,15:00:00,3,1,4.0,2.0,KR 7D-CL 12C 02,8,1
4468675,27/12/2016,11:30:00,3,1,4.0,10.0,CL 193-KR 9 02,1,1
4468667,27/12/2016,13:05:00,3,1,4.0,1.0,KR 7-CL 67 83,2,1
4468701,28/12/2016,11:50:00,3,1,4.0,10.0,TR 93-CL 53 48,10,10
4469032,28/12/2016,20:20:00,3,1,4.0,10.0,KR 72B-CL 8 S 02,8,1
4468874,29/12/2016,00:30:00,3,1,4.0,6.0,KR 80I-CL 83C S 35,7,1
4469021,29/12/2016,04:30:00,3,1,4.0,6.0,KR 27G-CL 73D S 96,19,1
4468889,29/12/2016,05:45:00,2,1,4.0,1.0,AK 68-CL 18 02,9,1
4468808,29/12/2016,06:10:00,2,1,4.0,2.0,CL 130F-KR 94 02,11,1
4468981,29/12/2016,21:50:00,3,1,4.0,10.0,CL 66-KR 70A 02,10,1
4469012,30/12/2016,00:30:00,3,1,4.0,2.0,TR 81BIS-CL 34A S 11,8,1
4469005,30/12/2016,16:30:00,2,1,4.0,4.0,KR 14-CL 152A 02,1,1
4469071,31/12/2016,13:40:00,3,1,4.0,2.0,KR 88-CL 74A S 30,7,1
4469058,31/12/2016,14:47:00,3,1,4.0,10.0,KR 24-CL 41 02,13,1
4469133,01/01/2017,21:00:00,2,1,4.0,1.0,AV AVENIDA BOYACA-CL 2A 02,8,1
4469166,02/01/2017,07:00:00,2,1,4.0,2.0,AV AVENIDA DE LAS AMERICAS-KR 68B 02,8,1
4469146,02/01/2017,10:20:00,3,1,4.0,1.0,KR 11A-CL 45C ES 12,4,1
4469101,03/01/2017,02:15:00,2,1,4.0,5.0,KR 7-CL 181 35,1,1
4469163,03/01/2017,14:20:00,3,1,4.0,2.0,CL 17-KR 104 02,9,1
4469313,03/01/2017,19:10:00,3,1,4.0,11.0,CL 26-KR 10 02,3,1
4469223,03/01/2017,21:00:00,3,1,4.0,6.0,KR 38B-CL 1D 48,16,1
4469224,04/01/2017,01:20:00,3,1,4.0,2.0,DG 16-KR 87 02,9,1
4469394,04/01/2017,13:50:00,1,1,4.0,1.0,CL 72-KR 70BIS 02,10,1
4469319,04/01/2017,15:10:00,3,1,4.0,10.0,CL 66-KR 8 02,2,1
4469374,04/01/2017,19:10:00,3,1,4.0,10.0,CL 40A-KR 1F S 15,4,1
4469299,05/01/2017,02:00:00,3,1,4.0,5.0,AC 170-KR 60 02,11,1
4469289,05/01/2017,07:10:00,3,1,4.0,1.0,AK 45-CL 142 02,1,1
4469376,05/01/2017,07:40:00,3,1,4.0,2.0,KR 65-CL 12 60,16,1
4469455,05/01/2017,08:56:00,3,1,4.0,6.0,KR 9-CL 29 ES 02,4,1
4469392,05/01/2017,23:40:00,3,1,4.0,1.0,CL 63-KR 110 04,10,1
4469372,06/01/2017,00:00:00,3,1,4.0,10.0,CL 26-KR 39 02,13,1
4469452,07/01/2017,04:45:00,3,1,4.0,1.0,KR 7-CL 151 90,1,1
4469477,07/01/2017,05:00:00,3,1,4.0,2.0,KR 67A-CL 4D 90,16,1
4469487,07/01/2017,22:00:00,2,1,4.0,4.0,AV AVENIDA SUBA-CL 129 02,11,4
4469494,08/01/2017,02:45:00,1,1,4.0,1.0,AV AVENIDA BOYACA-CL 127 02,11,2
4469557,10/01/2017,20:30:00,2,1,4.0,10.0,CL 73-KR 78BIS S 02,8,1
4469673,11/01/2017,00:40:00,3,1,4.0,6.0,KR 16-CL 188 02,1,1
4469636,11/01/2017,05:15:00,2,1,4.0,1.0,CL 13-KR 69 02,9,1
4469656,11/01/2017,08:00:00,3,1,4.0,6.0,TR 77-CL 165 10,11,1
4469796,12/01/2017,04:30:00,3,1,4.0,10.0,KR 80-CL 02 51,8,1
4469922,12/01/2017,10:30:00,3,1,4.0,2.0,CL 128-KR 104A 23,11,1
4469737,12/01/2017,12:00:00,3,1,4.0,2.0,KR 19-CL 15 S 12,14,10
4469766,12/01/2017,15:30:00,3,1,4.0,1.0,KR 8-CL 10 65,17,1
4469826,13/01/2017,05:05:00,3,1,4.0,6.0,CL 70-KR 18I S 86,11,1
4469857,13/01/2017,10:15:00,3,1,4.0,2.0,KR 96A-CL 40 S 02,8,1
4469969,13/01/2017,11:00:00,3,1,4.0,1.0,DG 77A-KR 18G S 75,19,1
4469917,14/01/2017,08:40:00,3,1,4.0,1.0,AK 1-CL 72 S 02,5,1
4470052,16/01/2017,10:10:00,3,1,4.0,2.0,CL 42F-KR 81D S 02,8,1
4470098,16/01/2017,14:20:00,2,1,4.0,10.0,KR 81F-CL 8C S 02,8,1
4470166,17/01/2017,04:00:00,3,1,4.0,2.0,AV AVENIDA DE LAS AMERICAS-KR 69B 67,8,1
4470158,17/01/2017,07:30:00,3,1,4.0,2.0,KR 89C-CL 38A S 02,8,2
4470106,17/01/2017,16:00:00,3,1,4.0,4.0,KR 30-CL 39A 02,13,1
4470378,19/01/2017,18:00:00,3,1,4.0,2.0,CL 58A-KR 17A S 02,6,1
4470512,20/01/2017,12:15:00,3,1,4.0,6.0,CL 67D-KR 18 15,19,2
4470506,20/01/2017,21:00:00,3,1,4.0,6.0,KR 12-CL 43 S 02,18,1
4470453,21/01/2017,03:50:00,3,1,4.0,5.0,AV AVENIDA CIUDAD DE VILLAVICENCIO-CL 38 S 02,19,1
4470461,21/01/2017,06:05:00,2,1,4.0,3.0,CL 116-KR 48 02,11,1
4470575,21/01/2017,10:30:00,3,1,4.0,10.0,KR 80-CL 2 51,8,1
4470518,21/01/2017,11:40:00,3,1,4.0,2.0,KR 29B-CL 67 60,12,1
4470542,21/01/2017,12:50:00,3,1,4.0,10.0,CL 72-KR 64 20,12,1
4470587,22/01/2017,03:25:00,3,1,4.0,6.0,CL 76A-KR 96A 26,10,1
4470590,22/01/2017,07:20:00,3,1,4.0,10.0,AV AVENIDA BOYACA-KR 24 02,6,1
4470596,22/01/2017,15:20:00,3,1,4.0,2.0,CL 6D-KR 80B 89,8,1
4470654,23/01/2017,05:30:00,3,1,4.0,6.0,TR 73DBISA-CL 69 S 02,19,2
4470642,23/01/2017,08:30:00,3,1,4.0,2.0,CL 17-KR 62 02,16,1
4470831,24/01/2017,09:50:00,3,1,4.0,2.0,CL 20-KR 29C S 86,15,1
4471541,25/01/2017,04:10:00,3,1,4.0,6.0,TR 73DBISA-CL 69 S 04,19,1
4470962,25/01/2017,08:00:00,3,1,4.0,10.0,CL 71BIS-KR 17 S 03,19,1
4470840,25/01/2017,12:10:00,3,1,4.0,10.0,CL 26-KR 113 09,9,1
4471154,27/01/2017,10:15:00,3,1,4.0,4.0,AC 26-KR 113 85,9,4
4471050,27/01/2017,11:10:00,1,1,4.0,1.0,AV AVENIDA DE LAS AMERICAS-KR 79 02,8,1
4471162,28/01/2017,00:00:00,3,1,4.0,10.0,AV AVENIDA BOYACA-CL 23A 90,9,10
4471139,28/01/2017,03:50:00,3,1,4.0,2.0,KR 50-CL 21 02,16,1
4471176,28/01/2017,08:00:00,3,1,4.0,10.0,AV AVENIDA DEL SUR-KR 66 78,6,10
4471196,28/01/2017,12:00:00,3,1,4.0,10.0,CL 63-KR 65 02,12,1
4471197,28/01/2017,15:15:00,3,1,4.0,10.0,CL 167-KR 67 02,11,1
4471121,28/01/2017,15:30:00,3,1,4.0,10.0,CL 136-KR 18 02,1,1
4471148,28/01/2017,17:30:00,3,1,4.0,10.0,AK 45-CL 128A 06,1,10
4471153,28/01/2017,18:50:00,3,1,4.0,2.0,KR 14-CL 43 ES 02,4,1
4471215,29/01/2017,00:05:00,3,1,4.0,10.0,CL 68-KR 69 S 02,19,1
4471168,29/01/2017,05:30:00,3,1,4.0,2.0,CL 134-KR 51 02,11,1
4471218,29/01/2017,06:30:00,2,1,4.0,1.0,AK 30-CL 64 02,12,1
4471449,29/01/2017,13:00:00,3,1,4.0,10.0,KR 64-CL 3 50,16,1
4471260,29/01/2017,19:30:00,3,1,4.0,5.0,AK 7-CL 162 02,1,1
4471158,29/01/2017,21:20:00,3,1,4.0,2.0,TR 44-CL 50A 02,6,1
4471440,30/01/2017,02:00:00,3,1,4.0,6.0,CL 73BIS-KR 77G 35,7,1
4471156,30/01/2017,02:30:00,3,1,4.0,2.0,KR 87BBIS-CL 56D S 02,7,1
4471330,30/01/2017,16:30:00,2,1,4.0,1.0,KR 7-CL 237 04,1,1
4471321,31/01/2017,07:00:00,2,1,4.0,2.0,CL 95G-KR 73A 59,9,1
4471361,31/01/2017,10:30:00,3,1,4.0,10.0,AC 147-KR 17 95,1,1
4471454,31/01/2017,12:32:00,3,1,4.0,4.0,KR 52-CL 24 11,13,1
4471456,31/01/2017,22:00:00,3,1,4.0,6.0,KR 9-CL 110 ES 02,5,1
4471639,01/02/2017,02:45:00,2,1,4.0,2.0,AV AVENIDA BOYACA-AC 26 02,10,1
4471615,01/02/2017,11:15:00,2,1,4.0,10.0,CL 147-KR 14B 02,1,1
4471493,01/02/2017,14:45:00,3,1,4.0,2.0,KR 69A-CL 36 S 78,8,1
4471553,02/02/2017,05:20:00,2,1,4.0,10.0,AK 68-CL 20 02,8,1
4471528,02/02/2017,05:55:00,2,1,4.0,2.0,AK 70-CL 48 15,10,1
4471593,02/02/2017,17:00:00,3,1,4.0,2.0,CL 22-KR 50A S 02,16,2
4471635,02/02/2017,18:30:00,3,1,4.0,10.0,CL 78C-KR 84 SE 15,4,1
4471651,02/02/2017,23:30:00,3,1,4.0,11.0,AK 68-CL 4 S 02,16,1
4471710,03/02/2017,09:10:00,3,1,4.0,8.0,KR 67-CL 62B S 40,19,11
4471774,03/02/2017,12:40:00,3,1,4.0,2.0,AC 6-KR 47 02,16,1
4471730,03/02/2017,13:10:00,3,1,4.0,9.0,KR 19D-CL 64 S 02,19,1
4471745,03/02/2017,13:40:00,3,1,4.0,10.0,AK 45-CL 193 02,1,10
4471759,03/02/2017,19:00:00,3,1,4.0,10.0,KR 13-CL 80 64,2,1
4471859,04/02/2017,11:00:00,2,1,4.0,2.0,CL 81-KR 4 S 02,5,2
4471800,04/02/2017,14:10:00,3,1,4.0,10.0,KR 15-CL 98 02,2,1
4471928,05/02/2017,11:30:00,3,1,4.0,10.0,KR 39B-CL 3 29,16,1
4471926,05/02/2017,20:00:00,3,1,4.0,2.0,AV AVENIDA CIRCUNVALAR-CL 86 02,2,1
4472047,06/02/2017,13:05:00,3,1,4.0,10.0,TR 6C-CL 27 02,4,1
4472011,06/02/2017,17:00:00,3,1,4.0,10.0,KR 12A-CL 149A 02,1,1
4472002,06/02/2017,18:05:00,3,1,4.0,2.0,CL 59-KR 14 S 18,6,1
4472009,07/02/2017,06:40:00,2,1,4.0,1.0,AK 30-CL 71A 02,12,1
4472163,07/02/2017,12:30:00,3,1,4.0,10.0,AC 147-KR 7F 61,1,1
4473339,08/02/2017,08:00:00,3,1,4.0,3.0,CL 50-KR 1 SE 02,18,1
4472303,08/02/2017,15:30:00,3,1,4.0,6.0,KR 3-CL 49 02,2,2
4472308,09/02/2017,06:50:00,2,1,4.0,6.0,KR 78K-CL 36 S 02,8,1
4472388,09/02/2017,14:00:00,3,1,4.0,10.0,KR 17-CL 141 10,1,1
4472342,09/02/2017,17:10:00,3,1,4.0,3.0,CL 66A-KR 78 02,10,1
4472462,09/02/2017,20:30:00,3,1,4.0,10.0,CL 17-KR 90 90,9,2
4472563,10/02/2017,01:40:00,3,1,4.0,6.0,AV AVENIDA DEL SUR-CL 41 S 02,7,6
4472610,10/02/2017,05:30:00,3,1,4.0,10.0,KR 80-CL 2 51,8,10
4472595,10/02/2017,13:00:00,3,1,4.0,10.0,CL 11-KR 31 S 02,16,1
4472581,10/02/2017,19:32:00,3,1,4.0,1.0,CL 47B-KR 24B S 33,6,10
4472427,11/02/2017,01:39:00,3,1,4.0,2.0,CL 131-KR 91 02,11,1
4472513,11/02/2017,03:00:00,3,1,4.0,2.0,KR 72JBIS-CL 37 S 14,8,1
4472525,11/02/2017,16:30:00,3,1,4.0,10.0,KR 56-CL 152B 60,11,10
4472732,12/02/2017,01:46:00,3,1,4.0,5.0,CL 17-KR 25 02,16,2
4472684,12/02/2017,03:50:00,3,1,4.0,1.0,KR 80A-CL 17 85,10,6
4472506,12/02/2017,06:40:00,2,1,4.0,6.0,KR 3-CL 2 02,3,1
4472510,12/02/2017,07:20:00,2,1,4.0,2.0,CL 17-KR 96B 02,9,1
4472677,12/02/2017,08:25:00,3,1,4.0,6.0,CL 63-KR 103A 02,10,1
4472635,12/02/2017,11:30:00,3,1,4.0,2.0,CL 135A-KR 107B 02,11,1
4472718,13/02/2017,16:50:00,3,1,4.0,10.0,CL 24-KR 9 02,3,10
4473192,14/02/2017,09:00:00,3,1,4.0,1.0,CL 12-KR 23 02,14,10
4472843,14/02/2017,10:45:00,3,1,4.0,2.0,CL 159C-KR 7F 26,1,1
4472931,14/02/2017,14:10:00,2,1,4.0,10.0,CL 22-KR 12 S 02,4,1
4472996,14/02/2017,23:30:00,3,1,4.0,6.0,KR 83-CL 145C 18,11,1
4473110,15/02/2017,01:00:00,3,1,4.0,3.0,AC 80-KR 114 23,10,1
4473048,16/02/2017,00:50:00,3,1,4.0,2.0,CL 83-KR 80K S 05,7,1
4473092,16/02/2017,01:00:00,3,1,4.0,3.0,AV AVENIDA DEL SUR-KR 75D 47,7,1
4473196,16/02/2017,16:15:00,3,1,4.0,10.0,CL 57A-KR 80A S 02,8,1
4473571,17/02/2017,10:30:00,3,1,4.0,10.0,KR 87-CL 8F 02,8,1
4473383,18/02/2017,01:30:00,3,1,4.0,2.0,KR 30-CL 6 02,14,1
4473342,18/02/2017,06:20:00,3,1,4.0,2.0,KR 49-CL 130 02,11,2
4473343,18/02/2017,10:30:00,3,1,4.0,2.0,AV AVENIDA CIUDAD DE CALI-CL 6 02,8,1
4473288,18/02/2017,12:55:00,3,1,4.0,4.0,CL 12-KR 5 66,3,5
4473293,18/02/2017,16:00:00,3,1,4.0,2.0,CL 63-KR 70B S 52,19,1
4473243,18/02/2017,17:40:00,2,1,4.0,2.0,CL 25-KR 10 02,18,1
4473348,19/02/2017,00:30:00,3,1,4.0,2.0,KR 80C-CL 65I S 58,7,1
4473391,19/02/2017,03:30:00,3,1,4.0,2.0,CL 73D-KR 14 24,5,1
4473441,19/02/2017,05:31:00,3,1,4.0,1.0,CL 63-KR 60 02,12,7
4473248,19/02/2017,09:00:00,2,1,4.0,6.0,CL 44-KR 26 S 02,18,1
4473562,19/02/2017,14:30:00,3,1,4.0,6.0,CL 44-KR 50 02,13,10
4473405,19/02/2017,18:00:00,3,1,4.0,10.0,KR 116-CL 77 65,10,10
4473417,19/02/2017,23:00:00,3,1,4.0,6.0,CL 132BIS-KR 157 36,11,1
4473824,20/02/2017,21:30:00,3,1,4.0,10.0,CL 22-KR 15 24,14,10
4473712,21/02/2017,10:40:00,3,1,4.0,1.0,CL 72-KR 111CBIS 02,10,1
4473530,21/02/2017,11:15:00,1,1,4.0,2.0,AV AVENIDA CENTENARIO-KR 111A 02,9,2
4473804,22/02/2017,05:00:00,3,1,4.0,4.0,DG 91BBIS-KR 18H S 65,19,1
4473787,22/02/2017,06:55:00,3,1,4.0,10.0,TR 4-CL 51A 25,2,1
4473701,22/02/2017,10:15:00,3,1,4.0,2.0,CL 12C-KR 71C 02,8,2
4473664,22/02/2017,18:15:00,3,1,4.0,2.0,KR 1-CL 36A S 11,4,1
4473623,22/02/2017,19:00:00,2,1,4.0,1.0,KR 116B-CL 77 33,10,1
4473977,23/02/2017,00:15:00,3,1,4.0,2.0,AV AVENIDA BOYACA-CL 68B 02,12,1
4473935,23/02/2017,13:30:00,3,1,4.0,1.0,KR 5-CL 34 02,3,1
4474014,24/02/2017,11:30:00,3,1,4.0,2.0,CL 128C-KR 85A 02,11,1
4474109,25/02/2017,03:40:00,3,1,4.0,2.0,CL 136-KR 9 02,1,1
4474153,25/02/2017,08:05:00,3,1,4.0,10.0,CL 147-KR 7A 02,1,3
4473892,25/02/2017,16:00:00,2,1,4.0,10.0,AV AVENIDA PRIMERO DE MAYO-KR 40F 11,8,1
4474077,26/02/2017,00:00:00,3,1,4.0,10.0,KR 92-CL 8A 76,8,1
4474161,26/02/2017,04:00:00,3,1,4.0,2.0,AK 7-CL 97 02,2,6
4474164,26/02/2017,05:10:00,3,1,4.0,1.0,AV AVENIDA CIUDAD DE CALI-CL 26 02,10,1
4474374,26/02/2017,19:30:00,3,1,4.0,10.0,CL 19-KR 30 02,16,1
4474247,27/02/2017,11:40:00,3,1,4.0,2.0,CL 126-KR 102 82,11,1
4474246,27/02/2017,14:10:00,3,1,4.0,10.0,CL 172A-KR 21A 39,1,1
4474410,27/02/2017,16:00:00,3,1,4.0,4.0,CL 24-KR 63 02,13,1
4474180,28/02/2017,05:55:00,2,1,4.0,1.0,CL 80-KR 70 02,10,1
4474432,28/02/2017,11:05:00,3,1,4.0,2.0,AC 17-KR 129 75,9,10
4474286,28/02/2017,15:00:00,3,1,4.0,4.0,AK 45-CL 116 02,11,1
4474449,01/03/2017,11:15:00,3,1,4.0,10.0,CL 19-KR 14 02,3,1
4474411,01/03/2017,13:00:00,3,1,4.0,2.0,CL 16-KR 21 49,14,1
4474538,01/03/2017,13:13:00,3,1,4.0,6.0,CL 74BIS-KR 27F S 04,19,2
4474587,02/03/2017,11:20:00,2,1,4.0,10.0,CL 22BIS-KR 9C SE 02,4,1
4474571,02/03/2017,13:50:00,3,1,4.0,2.0,CL 91-KR 05 S 02,5,1
4474764,02/03/2017,22:30:00,3,1,4.0,10.0,KR 3-CL 57 09,2,1
4474714,03/03/2017,15:00:00,2,1,4.0,3.0,KR 128-CL 144 28,11,1
4474804,03/03/2017,16:30:00,3,1,4.0,11.0,CL 24-KR 87 02,9,1
4474602,03/03/2017,20:40:00,2,1,4.0,6.0,KR 7-CL 9A E 24,3,1
4474872,04/03/2017,14:50:00,3,1,4.0,10.0,KR 16-CL 127B 02,1,1
4474899,04/03/2017,20:30:00,3,1,4.0,2.0,KR 12F-CL 19 E 15,4,1
4474912,04/03/2017,21:15:00,3,1,4.0,2.0,CL 63B-KR 117 02,10,2
4474761,05/03/2017,00:30:00,2,1,4.0,1.0,AV AVENIDA BOYACA-CL 5A 02,8,1
4474791,05/03/2017,03:45:00,3,1,4.0,3.0,CL 8-KR 40 S 02,16,2
4474794,05/03/2017,06:15:00,3,1,4.0,2.0,KR 14-CL 98 51,2,1
4474947,06/03/2017,19:20:00,3,1,4.0,10.0,KR 14B-CL 160 50,1,10
4475233,07/03/2017,17:00:00,3,1,4.0,10.0,KR 16-CL 127B 02,1,1
4475145,07/03/2017,20:30:00,3,1,4.0,3.0,AV AVENIDA SUBA-CL 117 02,11,1
4474960,07/03/2017,22:40:00,3,1,4.0,1.0,AV AVENIDA DE LAS AMERICAS-CL 69F 09,8,1
4475119,08/03/2017,10:55:00,3,1,4.0,6.0,CL 99-KR 12 11,2,1
4475240,09/03/2017,11:00:00,3,1,4.0,6.0,KR 67A-CL 9A 72,16,1
4475440,10/03/2017,05:50:00,3,1,4.0,1.0,CL 148-KR 109 02,11,6
4475299,10/03/2017,08:30:00,3,1,4.0,10.0,KR 80-CL 2 S 51,8,1
4475615,11/03/2017,04:00:00,3,1,4.0,1.0,KR 3-CL 92 00,2,1
4475355,11/03/2017,08:50:00,2,1,4.0,1.0,AV AVENIDA DE LAS AMERICAS-KR 65 02,16,1
4475542,11/03/2017,22:30:00,2,1,4.0,10.0,KR 136-CL 151B 52,11,1
4475508,12/03/2017,03:40:00,3,1,4.0,6.0,CL 58A-KR 88F S 02,7,1
4475616,12/03/2017,10:00:00,3,1,4.0,8.0,CL 22C-KR 69 97,9,1
4475584,13/03/2017,15:20:00,3,1,4.0,10.0,CL 12B-TR 42 02,16,1
4475631,14/03/2017,16:50:00,3,1,4.0,1.0,KR 5-CL 35 00,3,1
4475720,14/03/2017,17:00:00,3,1,4.0,10.0,CL 12-KR 38 83,16,10
4475947,16/03/2017,16:00:00,3,1,4.0,4.0,CL 95-KR 11A 67,2,10
4475999,17/03/2017,03:50:00,3,1,4.0,10.0,KR 16-CL 184 13,1,1
4476203,17/03/2017,09:04:00,3,1,4.0,6.0,CL 23H-KR 101 02,9,1
4476164,17/03/2017,15:00:00,3,1,4.0,10.0,KR 7C-CL 180 91,1,1
4476171,17/03/2017,15:00:00,3,1,4.0,2.0,KR 68A-CL 74A S 02,8,1
4476107,18/03/2017,12:30:00,3,1,4.0,2.0,CL 60-KR 80I S 02,7,2
4476329,19/03/2017,18:00:00,3,1,4.0,5.0,CL 7-KR 6 02,17,2
4476319,20/03/2017,04:48:00,3,1,4.0,4.0,CL 94-KR 14A 34,5,1
4476242,20/03/2017,10:50:00,3,1,4.0,1.0,AK 68-CL 76 02,12,1
4476431,21/03/2017,16:32:00,3,1,4.0,10.0,KR 7B-CL 140A 02,1,1
4476202,21/03/2017,22:15:00,2,1,4.0,2.0,AK 68-CL 49A 02,13,1
4476426,22/03/2017,00:50:00,2,1,4.0,1.0,AC 26-KR 27B 02,14,5
4476425,22/03/2017,03:40:00,3,1,4.0,2.0,KR 2F-CL 49 ES 75,18,1
4476969,23/03/2017,04:30:00,3,1,4.0,9.0,KR 77M-CL 65A S 54,7,10
4476604,23/03/2017,14:00:00,3,1,4.0,10.0,KR 97-CL 22J 02,9,1
4476633,23/03/2017,16:45:00,3,1,4.0,10.0,CL 12-KR 36 02,16,1
4476622,23/03/2017,17:00:00,3,1,4.0,11.0,AC 43-KR 79D S 07,8,1
4476720,24/03/2017,02:00:00,3,1,4.0,10.0,KR 80D-CL 7B S 83,8,10
4476659,24/03/2017,05:50:00,2,1,4.0,1.0,CL 96B-TR 9 E 02,2,1
4476757,25/03/2017,09:50:00,2,1,4.0,10.0,AV AVENIDA DE LAS AMERICAS-KR 42 81,16,1
4476840,25/03/2017,11:05:00,3,1,4.0,10.0,CL 141-KR 103IBIS 02,11,10
4476935,25/03/2017,17:50:00,3,1,4.0,6.0,KR 71-CL 7 28,8,1
4476899,25/03/2017,20:00:00,3,1,4.0,2.0,DG 45B-KR 19 S 02,18,1
4476884,25/03/2017,23:35:00,3,1,4.0,6.0,KR 13A-CL 104 61,1,2
4476906,26/03/2017,00:01:00,3,1,4.0,2.0,KR 32-CL 1F 25,16,1
4477341,26/03/2017,00:40:00,2,1,4.0,1.0,KR 7-CL 28 01,3,1
4477079,26/03/2017,01:00:00,3,1,4.0,10.0,AV AVENIDA DEL SUR-CL 66 78,7,10
4476952,26/03/2017,15:20:00,3,1,4.0,2.0,KR 18D-CL 75 S 02,19,2
4477365,26/03/2017,22:00:00,1,1,4.0,1.0,AC 17-KR 118 98,9,1
4477057,27/03/2017,17:30:00,3,1,4.0,10.0,KR 38-CL 10A 77,16,10
4477077,27/03/2017,22:40:00,3,1,4.0,2.0,AK 45-CL 188 02,1,1
4477122,28/03/2017,01:00:00,3,1,4.0,2.0,CL 06-KR 79 02,8,1
4477117,28/03/2017,03:30:00,3,1,4.0,2.0,AV AVENIDA DEL SUR-CL 61 95,19,1
4477199,28/03/2017,19:35:00,3,1,4.0,1.0,TR 4C-CL 35A S 02,4,1
4484596,28/03/2017,20:15:00,3,1,4.0,6.0,TR 13GBIS-CL 45A S 24,18,1
4477252,29/03/2017,14:10:00,3,1,4.0,1.0,KR 30-CL 19 02,14,1
4477322,29/03/2017,16:00:00,3,1,4.0,1.0,KR 14K-CL 138 S 02,5,10
4477310,30/03/2017,02:15:00,3,1,4.0,2.0,KR 21-CL 65 74,12,1
4477363,30/03/2017,06:30:00,3,1,4.0,10.0,AK 45-CL 172 02,1,1
4477361,30/03/2017,07:30:00,3,1,4.0,1.0,CL 135-KR 16 02,1,2
4477353,30/03/2017,14:40:00,3,1,4.0,6.0,KR 113-CL 78D 02,10,1
4477500,30/03/2017,19:30:00,3,1,4.0,10.0,CL 146B-KR 90 29,11,1
4477603,31/03/2017,04:30:00,3,1,4.0,2.0,AK 45-CL 116 02,1,1
4477518,31/03/2017,10:00:00,3,1,4.0,10.0,CL 37-KR 28A 49,13,10
4477477,01/04/2017,07:27:00,2,1,4.0,2.0,CL 52A-KR 28A 02,13,1
4477746,02/04/2017,02:00:00,3,1,4.0,2.0,AV AVENIDA BOYACA-CL 24 02,9,1
4477471,02/04/2017,02:30:00,2,1,4.0,1.0,CL 132D-KR 147 02,11,2
4492250,02/04/2017,02:40:00,3,1,4.0,2.0,KR 94-CL 68A 0,10,1
4477447,02/04/2017,06:20:00,2,1,4.0,1.0,AK 68-CL 10 55,16,1
4477780,02/04/2017,06:39:00,3,1,4.0,6.0,CL 60-KR 7 44,2,1
4477613,02/04/2017,07:10:00,3,1,4.0,2.0,KR 9-CL 30C ES 02,4,1
4477747,02/04/2017,09:15:00,3,1,4.0,1.0,CL 59-KR 22 S 52,19,1
4477690,02/04/2017,16:30:00,3,1,4.0,2.0,CL 51A-KR 33 S 14,6,1
4477752,03/04/2017,01:30:00,3,1,4.0,1.0,DG 44-KR 22B S 10,6,1
4477905,03/04/2017,13:40:00,3,1,4.0,6.0,KR 03D-CL 91A S 50,5,10
4477886,03/04/2017,17:18:00,2,1,4.0,1.0,KR 36-CL 1B 07,16,1
4477982,05/04/2017,03:10:00,3,1,4.0,1.0,DG 16-KR 106 02,9,1
4478328,06/04/2017,03:30:00,2,1,4.0,4.0,AK 45-CL 153A 02,1,1
4478264,06/04/2017,05:40:00,3,1,4.0,1.0,KR 9-CL 127C 02,1,1
4478087,06/04/2017,17:00:00,3,1,4.0,2.0,KR 2C-CL 49B ES 02,18,1
4478112,06/04/2017,18:30:00,1,1,4.0,4.0,KR 3B-CL 45C ES 55,4,10
4478136,07/04/2017,03:25:00,2,1,4.0,3.0,AV AVENIDA CIUDAD DE VILLAVICENCIO-CL 57R S 02,19,1
4478545,08/04/2017,05:00:00,3,1,4.0,1.0,CL 64H-KR 77B 02,10,1
4478643,08/04/2017,15:00:00,3,1,4.0,7.0,CL 127C-KR 6A 55,1,1
4478439,08/04/2017,22:30:00,3,1,4.0,1.0,AV AVENIDA SUBA-KR 90 02,11,1
4478185,09/04/2017,00:45:00,2,1,4.0,10.0,CL 78-KR 78F S 02,8,1
4478419,09/04/2017,03:10:00,3,1,4.0,2.0,CL 132-KR 95 02,11,1
4478461,09/04/2017,04:35:00,3,1,4.0,9.0,AV AVENIDA BOYACA-CL 77 02,10,1
4478431,09/04/2017,13:05:00,3,1,4.0,2.0,KR 1-CL 48 S 02,4,1
4478523,09/04/2017,13:30:00,3,1,4.0,1.0,KR 30-CL 63C 02,12,1
4478427,09/04/2017,17:00:00,3,1,4.0,1.0,CL 25G-KR 81B 02,9,1
4478468,10/04/2017,07:20:00,3,1,4.0,2.0,KR 28B-CL 66 02,12,1
4478560,10/04/2017,14:20:00,3,1,4.0,10.0,KR 63-CL 17B 02,16,1
4478509,11/04/2017,06:50:00,2,1,4.0,10.0,AV AVENIDA CIRCUNVALAR-CL 26 02,3,1
4478537,11/04/2017,11:10:00,3,1,4.0,10.0,AK 68-CL 17 02,16,1
4478897,12/04/2017,22:00:00,3,1,4.0,6.0,KR 18L-CL 69T S 02,19,1
4478744,13/04/2017,12:00:00,3,1,4.0,6.0,CL 91-KR 3 S 02,5,2
4478599,13/04/2017,15:00:00,2,1,4.0,1.0,TR 6-CL 97 E 02,2,1
4478778,14/04/2017,01:25:00,3,1,4.0,10.0,KR 14-CL 151 60,1,10
4478830,14/04/2017,08:05:00,3,1,4.0,8.0,AK 30-CL 86A 02,12,1
4478863,14/04/2017,12:30:00,3,1,4.0,1.0,TR 06-CL 32B ES 02,4,1
4478847,14/04/2017,16:40:00,3,1,4.0,1.0,KR 19-CL 164 37,10,1
4478848,16/04/2017,18:15:00,3,1,4.0,6.0,CL 8B-KR 78C 04,8,1
4478939,18/04/2017,09:30:00,3,1,4.0,5.0,AV AVENIDA BOYACA-CL 153 02,11,2
4478984,18/04/2017,14:00:00,3,1,4.0,2.0,KR 88-CL 155 02,11,1
4478950,18/04/2017,23:00:00,3,1,4.0,1.0,TR 78C-CL 67 S 20,7,1
4479189,20/04/2017,06:20:00,3,1,4.0,5.0,AV AVENIDA CARACAS-KR 84 S 02,5,1
4479962,20/04/2017,07:10:00,2,1,4.0,1.0,AV AVENIDA DE LAS AMERICAS-KR 72 02,8,1
4479259,21/04/2017,03:35:00,3,1,4.0,7.0,KR 50-CL 19 02,16,1
4479265,21/04/2017,05:15:00,3,1,4.0,4.0,AV AVENIDA BOYACA-KR 22 02,9,1
4479212,21/04/2017,15:05:00,1,1,4.0,1.0,AV AVENIDA CIUDAD DE CALI-CL 9 07,8,1
4479398,21/04/2017,22:30:00,3,1,4.0,10.0,CL 39C-KR 8D SE 02,4,1
4479393,21/04/2017,22:50:00,3,1,4.0,2.0,KR 05-CL 36 02,3,1
4479444,22/04/2017,03:20:00,3,1,4.0,5.0,AV AVENIDA CIUDAD DE CALI-CL 22 02,9,1
4479433,22/04/2017,06:15:00,3,1,4.0,10.0,CL 22C-KR 68F 02,9,10
4479461,22/04/2017,11:40:00,3,1,4.0,8.0,CL 21-KR 03 11,3,1
4479441,22/04/2017,19:30:00,3,1,4.0,1.0,AK 45-CL 192 02,1,1
4479348,23/04/2017,03:00:00,1,1,4.0,2.0,KR 86-CL 16C 04,9,1
4479730,23/04/2017,03:00:00,3,1,4.0,2.0,KR 7-CL 170 02,1,2
4479728,23/04/2017,03:50:00,2,1,4.0,2.0,KR 7-CL 170 02,1,10
4479562,23/04/2017,15:20:00,3,1,4.0,6.0,KR 106-CL 131 57,11,1
4479409,23/04/2017,18:00:00,3,1,4.0,2.0,CL 18-KR 16 02,14,1
4479513,24/04/2017,03:30:00,2,1,4.0,8.0,KR 10-CL 6 02,3,7
4479524,24/04/2017,11:15:00,3,1,4.0,1.0,AV AVENIDA PRIMERO DE MAYO-CL 69 66,8,1
4479588,24/04/2017,13:00:00,3,1,4.0,1.0,DG 25C-KR 5A S 09,4,1
4479681,24/04/2017,14:00:00,3,1,4.0,10.0,DG 25C-KR 3 S 68,4,1
4479650,24/04/2017,23:20:00,3,1,4.0,2.0,CL 49-KR 2A S 23,18,1
4479660,25/04/2017,14:31:00,3,1,4.0,10.0,KR 18-CL 13 26,14,10
4479693,26/04/2017,04:20:00,1,1,4.0,11.0,KR 20-CL 81 24,2,1
4479700,26/04/2017,05:00:00,3,1,4.0,2.0,AV AVENIDA DE LAS AMERICAS-KR 75 19,8,1
4479808,26/04/2017,15:30:00,3,1,4.0,4.0,AC 26-KR 106 74,9,10
4479863,26/04/2017,16:20:00,3,1,4.0,10.0,KR 44-CL 20B 02,16,1
4479902,27/04/2017,00:30:00,3,1,4.0,6.0,CL 65GBIS-KR 7A S 05,5,1
4479911,27/04/2017,09:20:00,3,1,4.0,2.0,CL 136-KR 98 02,11,1
4480023,27/04/2017,09:30:00,3,1,4.0,10.0,CL 80-KR 68A 02,10,1
4479968,28/04/2017,05:30:00,2,1,4.0,2.0,TR 22-CL 69N S 02,19,1
4479963,28/04/2017,13:15:00,3,1,4.0,4.0,CL 63-KR 15 02,12,2
4480370,29/04/2017,02:50:00,3,1,4.0,2.0,CL 151-KR 11 47,1,1
4480181,29/04/2017,06:30:00,3,1,4.0,10.0,AV AVENIDA PRIMERO DE MAYO-CL 49 S 02,8,10
4480163,29/04/2017,08:45:00,3,1,4.0,10.0,CL 18A-KR 65B 19,16,1
4480167,29/04/2017,14:15:00,3,1,4.0,10.0,AK 15-CL 124 30,1,1
4480192,29/04/2017,16:20:00,3,1,4.0,2.0,KR 2-CL 19 06,1,1
4480064,30/04/2017,04:50:00,2,1,4.0,6.0,KR 51-CL 36 S 02,6,1
4480029,30/04/2017,12:30:00,1,1,4.0,2.0,AC 6-KR 69C 40,8,1
4480285,30/04/2017,16:15:00,3,1,4.0,6.0,KR 54A-CL 51 S 06,6,1
4480227,01/05/2017,12:00:00,2,1,4.0,3.0,AV AVENIDA BOYACA-KR 120 02,11,1
4480544,02/05/2017,04:00:00,3,1,4.0,1.0,KR 30-CL 13 02,14,1
4480609,03/05/2017,12:50:00,3,1,4.0,1.0,CL 80-KR 75 17,10,1
4480762,05/05/2017,17:00:00,3,1,4.0,10.0,KR 34-CL 8 02,16,1
4480852,05/05/2017,19:30:00,3,1,4.0,10.0,KR 08-CL 127C 94,1,1
4480968,06/05/2017,00:30:00,3,1,4.0,6.0,KR 69M-CL 73A 60,10,1
4480718,06/05/2017,08:10:00,2,1,4.0,2.0,CL 63-KR 58 02,12,1
4480897,06/05/2017,11:00:00,3,1,4.0,10.0,CL 73A-KR 74 85,10,1
4480946,06/05/2017,16:45:00,3,1,4.0,10.0,CL 41-KR 13F S 29,18,5
4480858,07/05/2017,06:20:00,3,1,4.0,1.0,KR 113-CL 23Q 02,9,1
4480733,07/05/2017,07:30:00,2,1,4.0,3.0,AC 6-KR 37 02,16,1
4481149,07/05/2017,13:00:00,1,1,4.0,1.0,CL 47-KR 05 SE 02,4,1
4480986,07/05/2017,14:30:00,3,1,4.0,10.0,CL 36-KR 77 S 30,8,1
4480990,07/05/2017,17:15:00,3,1,4.0,4.0,CL 127-KR 9 02,1,1
4481301,07/05/2017,18:38:00,3,1,4.0,10.0,CL 162A-KR 6 02,1,1
4480996,08/05/2017,08:50:00,3,1,4.0,2.0,CL 63-KR 60 02,12,7
4481085,08/05/2017,20:15:00,2,1,4.0,10.0,CL 64G-KR 97B 05,10,1
4481132,09/05/2017,10:03:00,3,1,4.0,3.0,TR 35-CL 29B S 02,16,1
4481302,09/05/2017,11:30:00,3,1,4.0,1.0,AV AVENIDA CIRCUNVALAR-CL 39 02,3,1
4481592,09/05/2017,12:30:00,3,1,4.0,10.0,CL 13-KR 65 02,16,1
4481229,09/05/2017,13:00:00,3,1,4.0,2.0,KR 64-CL 22B 02,13,1
4481255,09/05/2017,21:20:00,2,1,4.0,1.0,CL 3-KR 30 02,14,2
4481235,10/05/2017,05:40:00,3,1,4.0,11.0,AK 68-CL 25 02,13,1
4481246,10/05/2017,11:20:00,3,1,4.0,10.0,KR 14A-CL 112 02,1,1
4481346,11/05/2017,01:56:00,3,1,4.0,6.0,KR 16-CL 187 40,1,2
4481353,11/05/2017,04:15:00,3,1,4.0,4.0,KR 68-CL 68 02,12,1
4481329,11/05/2017,10:20:00,3,1,4.0,6.0,CL 36-KR 13A S 02,18,1
4481415,11/05/2017,22:45:00,2,1,4.0,2.0,DG 45B-KR 13F S 64,18,1
4481502,12/05/2017,02:00:00,3,1,4.0,8.0,KR 14L-CL 73 S 55,5,1
4481313,12/05/2017,02:50:00,1,1,4.0,1.0,TR 113-CL 66 95,10,1
4481375,12/05/2017,06:30:00,3,1,4.0,2.0,CL 17-KR 31 02,16,1
4481440,12/05/2017,10:10:00,3,1,4.0,2.0,CL 74-KR 29 02,12,1
4481769,13/05/2017,12:21:00,3,1,4.0,10.0,KR 9-CL 85 75,2,10
4481675,13/05/2017,16:33:00,3,1,4.0,10.0,KR 30-CL 3 02,14,1
4483031,14/05/2017,12:10:00,3,1,4.0,10.0,CL 137-KR 14 S 02,5,1
4481491,14/05/2017,20:35:00,2,1,4.0,1.0,AC 80-KR 86 02,10,1
4481734,14/05/2017,23:20:00,3,1,4.0,10.0,CL 56A-KR 25 S 02,6,1
4482005,15/05/2017,21:30:00,3,1,4.0,6.0,KR 5-CL 25 ES 16,4,1
4481884,16/05/2017,00:01:00,3,1,4.0,2.0,CL 40-KR 0 SE 02,1,1
4481914,16/05/2017,10:15:00,3,1,4.0,10.0,KR 14-CL 91 02,2,1
4482527,16/05/2017,12:15:00,3,1,4.0,10.0,CL 60-KR 9 34,2,10
4481938,16/05/2017,15:45:00,2,1,4.0,6.0,CL 51-KR 34 S 02,6,1
4481967,16/05/2017,18:00:00,3,1,4.0,2.0,CL 60G-KR 18 S 02,19,1
4482162,17/05/2017,01:00:00,2,1,4.0,1.0,CL 13-KR 53 02,16,1
4481993,17/05/2017,10:40:00,3,1,4.0,10.0,CL 45A-KR 52A S 02,6,1
4481940,17/05/2017,19:40:00,2,1,4.0,1.0,KR 8A-CL 31 S 02,4,2
4481957,18/05/2017,01:30:00,2,1,4.0,6.0,CL 130F-KR 94 02,11,1
4481960,18/05/2017,02:20:00,1,1,4.0,1.0,AV AVENIDA CIUDAD DE CALI-CL 127 40,11,1
4482161,18/05/2017,04:33:00,2,1,4.0,2.0,CL 9-KR 127C 02,1,1
4482364,18/05/2017,08:30:00,3,1,4.0,10.0,KR 70-CL 47 45,10,1
4482122,18/05/2017,15:30:00,3,1,4.0,6.0,TR 17-CL 64C S 36,19,1
4482227,18/05/2017,17:50:00,3,1,4.0,2.0,CL 63-KR 01 S 38,5,1
4482052,18/05/2017,17:55:00,2,1,4.0,2.0,KR 7-CL 30 ES 02,4,1
4482050,18/05/2017,23:15:00,2,1,4.0,10.0,AV AVENIDA BOYACA-AC 23 02,9,1
4482189,19/05/2017,03:30:00,2,1,4.0,1.0,AK 72-CL 51 02,10,1
4482233,19/05/2017,12:20:00,3,1,4.0,5.0,KR 7-CL 16 02,3,1
4482230,19/05/2017,16:55:00,3,1,4.0,10.0,KR 7-CL 58 02,2,1
4482310,19/05/2017,21:40:00,3,1,4.0,2.0,CL 17A-KR 35 02,16,1
4482331,20/05/2017,05:40:00,3,1,4.0,2.0,CL 32-KR 28 02,13,1
4482400,20/05/2017,06:50:00,3,1,4.0,1.0,AV AVENIDA PRIMERO DE MAYO-CL 40 S 02,8,1
4482441,20/05/2017,19:00:00,2,1,4.0,10.0,KR 04-CL 186 16,1,1
4482568,21/05/2017,13:50:00,3,1,4.0,5.0,CL 116-KR 17 02,1,1
4483094,22/05/2017,00:10:00,1,1,4.0,1.0,CL 48P-KR 05B S 02,18,1
4482697,22/05/2017,01:30:00,2,1,4.0,1.0,KR 50-CL 2B 02,16,1
4482586,22/05/2017,06:40:00,3,1,4.0,8.0,KR 11-CL 82 46,2,1
4482592,22/05/2017,08:15:00,3,1,4.0,3.0,CL 13-KR 18 S 11,15,1
4484922,22/05/2017,09:10:00,2,1,4.0,10.0,CL 18A-KR 69B 02,9,1
4482632,23/05/2017,01:05:00,3,1,4.0,2.0,CL 37D-KR 4 S 37,4,1
4482693,23/05/2017,05:50:00,3,1,4.0,2.0,CL 51-KR 11 S 02,18,1
4482705,23/05/2017,05:50:00,3,1,4.0,1.0,CL 140-KR 19 29,1,1
4482753,23/05/2017,06:15:00,3,1,4.0,6.0,KR 15-CL 6 S 02,15,2
4482748,23/05/2017,06:40:00,3,1,4.0,2.0,KR 105B-CL 131A 02,11,1
4482868,23/05/2017,16:30:00,3,1,4.0,10.0,CL 163A-KR 8H 11,1,1
4482575,23/05/2017,17:10:00,1,1,4.0,11.0,CL 68-KR 49 S 02,19,1
4482987,26/05/2017,03:30:00,3,1,4.0,2.0,KR 56-CL 2 63,16,1
4482926,26/05/2017,04:50:00,2,1,4.0,2.0,AV AVENIDA CIRCUNVALAR-CL 17 02,3,1
4483127,26/05/2017,07:10:00,3,1,4.0,3.0,AK 45-CL 215 02,1,1
4483119,26/05/2017,15:30:00,3,1,4.0,10.0,KR 60-CL 15 31,16,10
4482965,27/05/2017,03:20:00,2,1,4.0,1.0,CL 53-KR 71B 02,10,2
4483066,27/05/2017,04:00:00,2,1,4.0,10.0,AV AVENIDA BOYACA-CL 160 02,11,1
4483012,27/05/2017,05:25:00,2,1,4.0,1.0,KR 76-CL 75 00,10,2
4483123,27/05/2017,16:00:00,3,1,4.0,10.0,AV AVENIDA CARACAS-CL 69B S 04,5,10
4483195,27/05/2017,16:10:00,3,1,4.0,1.0,KR 9-CL 187 02,1,1
4483140,27/05/2017,19:10:00,3,1,4.0,10.0,CL 23A-KR 60 35,13,10
4483178,27/05/2017,23:00:00,3,1,4.0,2.0,KR 28A-CL 63D 54,12,1
4483314,29/05/2017,11:00:00,3,1,4.0,2.0,KR 14D-CL 163B 02,1,2
4483386,30/05/2017,10:10:00,3,1,4.0,2.0,KR 99-CL 21C 02,9,2
4483377,30/05/2017,19:40:00,3,1,4.0,2.0,KR 78-CL 58 S 02,8,1
4483485,31/05/2017,12:10:00,3,1,4.0,2.0,KR 3-CL 120 17,1,1
4483497,31/05/2017,18:50:00,3,1,4.0,2.0,CL 63-KR 28 02,12,8
4483255,31/05/2017,20:30:00,1,1,4.0,1.0,AK 45-CL 190 02,1,1
4483467,31/05/2017,22:00:00,3,1,4.0,10.0,KR 95G-CL 86BIS 02,10,1
4483809,01/06/2017,04:25:00,3,1,4.0,2.0,AC 23-KR 106 02,9,1
4483978,02/06/2017,02:30:00,3,1,4.0,2.0,KR 116A-CL 89A 02,10,1
4483697,02/06/2017,11:00:00,3,1,4.0,10.0,KR 26-CL 12 02,14,1
4483773,03/06/2017,02:00:00,2,1,4.0,11.0,CL 13-KR 90 89,9,1
4483699,03/06/2017,03:00:00,3,1,4.0,1.0,KR 60-CL 66A 02,12,1
4483781,03/06/2017,08:30:00,3,1,4.0,2.0,CL 50B-KR 13BIS S 02,18,1
4483897,03/06/2017,15:20:00,3,1,4.0,1.0,AC 100-KR 60 02,12,1
4483853,03/06/2017,16:10:00,3,1,4.0,11.0,CL 127-KR 20 85,1,1
4483823,03/06/2017,20:15:00,3,1,4.0,10.0,KR 32-CL 8 S 02,16,1
4483652,04/06/2017,06:50:00,2,1,4.0,2.0,CL 43-KR 11D S 17,18,1
4483732,05/06/2017,16:40:00,2,1,4.0,6.0,KR 111C-CL 70C 06,10,1
4483867,05/06/2017,18:00:00,2,1,4.0,2.0,KR 7-CL 135 02,1,1
4484011,07/06/2017,00:20:00,3,1,4.0,6.0,CL 1F-KR 5A 02,3,1
4483866,07/06/2017,01:15:00,1,1,4.0,1.0,AV AVENIDA SUBA-KR 72 02,11,4
4484102,07/06/2017,01:56:00,2,1,4.0,4.0,AC 26-KR 98 50,9,1
4484015,07/06/2017,06:55:00,3,1,4.0,6.0,TR 35-CL 38 S 02,15,1
4484294,08/06/2017,03:40:00,3,1,4.0,2.0,CL 49A-KR 36 S 02,6,1
4484590,09/06/2017,04:30:00,3,1,4.0,2.0,KR 30-CL 59 02,13,1
4484551,09/06/2017,14:00:00,2,1,4.0,2.0,CL 52-KR 22 02,13,1
4484539,10/06/2017,03:00:00,3,1,4.0,6.0,KR 68D-CL 37B S 15,8,2
4484587,10/06/2017,12:30:00,3,1,4.0,6.0,KR 53C-CL 2B 57,16,10
4484460,10/06/2017,22:30:00,3,1,4.0,1.0,KR 50-CL 37 S 02,16,1
4484549,10/06/2017,23:30:00,3,1,4.0,6.0,CL 70D-KR 111A 40,10,1
4484662,11/06/2017,03:00:00,3,1,4.0,6.0,TR 80G-CL 65I S 39,7,1
4484389,11/06/2017,05:00:00,1,1,4.0,1.0,AC 80-KR 116B 05,10,1
4484543,11/06/2017,07:30:00,3,1,4.0,1.0,CL 49BBIS-KR 6BBIS S 02,18,1
4484680,11/06/2017,11:00:00,3,1,4.0,2.0,TR 5GBIS-DG 48F S 02,18,1
4484527,11/06/2017,11:20:00,3,1,4.0,4.0,KR 7-CL 202 02,1,1
4484517,11/06/2017,17:00:00,3,1,4.0,3.0,KR 24G-CL 17A S 02,15,1
4484413,11/06/2017,21:30:00,2,1,4.0,3.0,KR 24-CL 82 02,12,1
4484555,12/06/2017,11:45:00,1,1,4.0,1.0,CL 1BISB-KR 3 02,3,2
4484746,12/06/2017,14:47:00,3,1,4.0,6.0,CL 6C-KR 90A 40,8,10
4484666,12/06/2017,15:30:00,3,1,4.0,10.0,KR 41-CL 2D 02,16,1
4484693,13/06/2017,01:10:00,2,1,4.0,1.0,AV AVENIDA DEL SUR-CL 57 S 02,7,1
4484825,14/06/2017,05:50:00,2,1,4.0,1.0,AK 30-CL 49A 02,13,1
4484964,15/06/2017,11:00:00,3,1,4.0,2.0,KR 1-CL 16C E 02,3,1
4485146,16/06/2017,08:45:00,3,1,4.0,10.0,CL 67-KR 7 56,2,1
4485241,16/06/2017,10:00:00,3,1,4.0,1.0,CL 56A-KR 75 09,10,1
4485019,16/06/2017,21:00:00,3,1,4.0,2.0,KR 7-CL 110 S 53,10,1
4485346,17/06/2017,07:56:00,3,1,4.0,1.0,AK 45-CL 106 02,1,1
4485376,17/06/2017,10:40:00,3,1,4.0,6.0,KR 20C-CL 64 S 13,19,1
4485177,18/06/2017,06:20:00,3,1,4.0,5.0,AC 72-KR 69J 02,10,2
4485279,19/06/2017,02:52:00,3,1,4.0,1.0,DG 45B-KR 13F S 02,18,1
4485248,19/06/2017,13:30:00,3,1,4.0,5.0,CL 26-KR 52A S 02,16,1
4485314,19/06/2017,18:35:00,3,1,4.0,1.0,CL 127-KR 70G 02,11,10
4486313,21/06/2017,06:50:00,2,1,4.0,1.0,AV AVENIDA BOYACA-CL 72B 02,10,1
4485406,21/06/2017,12:05:00,1,1,4.0,1.0,KR 18Z-DG 69A S 02,19,1
4485407,21/06/2017,17:08:00,1,1,4.0,1.0,AV AVENIDA SUBA-KR 72 02,11,1
4486039,22/06/2017,05:50:00,2,1,4.0,10.0,DG 49A-KR 53A 64,6,1
4485546,22/06/2017,07:45:00,2,1,4.0,1.0,KR 68-CL 17 S 02,16,2
4485584,22/06/2017,22:00:00,3,1,4.0,10.0,CL 143A-KR 127F 06,11,1
4485671,23/06/2017,19:00:00,3,1,4.0,2.0,KR 81G-CL 63 S 50,7,1
4485829,25/06/2017,20:30:00,3,1,4.0,1.0,CL 142C-KR 129 02,11,1
4485744,25/06/2017,21:40:00,1,1,4.0,1.0,KR 94-CL 130D 59,11,1
4485887,26/06/2017,01:20:00,3,1,4.0,6.0,CL 47B-KR 13F 94,4,1
4485851,26/06/2017,09:40:00,3,1,4.0,2.0,CL 49H-KR 09BIS S 02,18,1
4485875,26/06/2017,10:10:00,3,1,4.0,1.0,KR 45-CL 167 02,1,1
4486023,26/06/2017,15:10:00,2,1,4.0,10.0,KR 71D-CL 1A S 02,8,1
4486550,26/06/2017,22:10:00,3,1,4.0,8.0,CL 80A-KR 104 58,10,1
4486071,27/06/2017,11:30:00,3,1,4.0,10.0,CL 185-KR 4 02,1,1
4486049,28/06/2017,12:10:00,3,1,4.0,10.0,KR 7A-CL 87 02,2,1
4486536,29/06/2017,07:30:00,2,1,4.0,3.0,AV AVENIDA BOYACA-CL 63 02,10,1
4486116,29/06/2017,13:58:00,3,1,4.0,2.0,KR 1-CL 93 50,2,1
4486155,29/06/2017,22:30:00,3,1,4.0,6.0,CL 40A-KR 74C S 2,8,1
4486234,30/06/2017,07:30:00,3,1,4.0,2.0,CL 49-KR 06B S 02,4,1
4486464,30/06/2017,08:30:00,3,1,4.0,11.0,KR 70-CL 22 S 2,8,2
4486216,30/06/2017,10:30:00,3,1,4.0,10.0,CL 12-KR 6 46,17,10
4486452,01/07/2017,00:56:00,3,1,4.0,1.0,CL 53-KR 57 02,13,1
4486374,02/07/2017,01:02:00,3,1,4.0,2.0,AC 8-KR 38B 02,16,1
4486267,02/07/2017,03:15:00,2,1,4.0,1.0,KR 7A-CL 45A ES 69,4,1
4486411,02/07/2017,13:15:00,3,1,4.0,2.0,KR 07-CL 190 63,1,1
4486517,02/07/2017,20:58:00,3,1,4.0,3.0,KR 09-CL 117A 09,1,1
4486404,03/07/2017,08:00:00,3,1,4.0,1.0,DG 48-KR 19C S 2,6,1
4486608,04/07/2017,08:40:00,2,1,4.0,1.0,AV AVENIDA CARACAS-CL 7 02,14,1
4486659,04/07/2017,13:00:00,3,1,4.0,2.0,KR 3-CL 3B 12,3,1
4486498,04/07/2017,14:10:00,3,1,4.0,10.0,CL 67-KR 6 S 47,5,1
4486510,04/07/2017,16:50:00,3,1,4.0,6.0,CL 66-KR 62 S 10,6,10
4486664,04/07/2017,20:00:00,3,1,4.0,6.0,CL 67-KR 20 02,12,2
4486568,05/07/2017,05:51:00,2,1,4.0,1.0,AV AVENIDA BOYACA-CL 71 59,10,1
4486669,05/07/2017,07:15:00,2,1,4.0,1.0,DG 62-KR 20C S 08,19,1
4486640,05/07/2017,11:15:00,3,1,4.0,2.0,KR 9-CL 69 2,2,1
4486814,05/07/2017,21:00:00,3,1,4.0,6.0,CL 97-KR 71A 67,11,10
4486599,05/07/2017,22:15:00,2,1,4.0,6.0,KR 82-CL 23 28,9,1
4486912,06/07/2017,01:30:00,2,1,4.0,4.0,KR 1-CL 17 E 02,3,1
4486700,06/07/2017,07:50:00,3,1,4.0,1.0,KR 18BIS-CL 71 S 02,19,1
4486673,06/07/2017,23:15:00,1,1,4.0,1.0,KR 104-CL 127 02,11,1
4486832,07/07/2017,03:40:00,3,1,4.0,6.0,KR 78-CL 42G S 02,8,1
4486865,07/07/2017,17:20:00,3,1,4.0,6.0,KR 69P-CL 65 67,10,1
4486866,08/07/2017,06:30:00,2,1,4.0,1.0,CL 14-KR 22 SE 55,18,1
4486942,08/07/2017,07:35:00,3,1,4.0,2.0,KR 9A-CL 42 S 2,4,1
4486941,08/07/2017,16:27:00,3,1,4.0,6.0,KR 24C-CL 13 S 11,15,1
4486964,08/07/2017,22:50:00,3,1,4.0,1.0,CL 6-KR 18 02,14,2
4487023,09/07/2017,11:25:00,2,1,4.0,2.0,CL 71-KR 3H S 02,5,1
4487195,09/07/2017,17:30:00,3,1,4.0,2.0,KR 83-CL 63ABIS 02,10,1
4487043,10/07/2017,02:45:00,2,1,4.0,1.0,AV AVENIDA CARACAS-DG 48 S 02,18,1
4487119,11/07/2017,13:40:00,3,1,4.0,6.0,CL 19A-KR 79 56,9,10
4487241,11/07/2017,14:30:00,2,1,4.0,6.0,CL 46-KR 22B S 25,12,1
4487352,11/07/2017,23:40:00,2,1,4.0,1.0,KR 7-CL 27 02,3,1
4487316,12/07/2017,10:50:00,2,1,4.0,4.0,KR 19F-CL 69 90,19,8
4487633,14/07/2017,11:28:00,2,1,4.0,1.0,AV AVENIDA DEL SUR-KR 62 02,19,1
4487439,14/07/2017,22:30:00,3,1,4.0,2.0,CL 77-KR 110C 33,10,1
4487742,15/07/2017,11:15:00,3,1,4.0,1.0,CL 150A-KR 100 25,11,2
4487699,15/07/2017,18:30:00,3,1,4.0,6.0,TR 53A-CL 19 S 05,16,1
4487724,16/07/2017,00:30:00,3,1,4.0,10.0,KR 87G-CL 59C S 2,16,1
4487652,16/07/2017,06:00:00,3,1,4.0,6.0,CL 40-KR 51BBIS 2,16,1
4487739,17/07/2017,08:00:00,3,1,4.0,4.0,AV AVENIDA CIRCUNVALAR-CL 76 02,2,1
4488120,17/07/2017,17:29:00,2,1,4.0,6.0,KR 77LBISA-CL 59 69,7,1
4487770,17/07/2017,18:40:00,3,1,4.0,2.0,KR 20-CL 17 02,14,2
4487680,17/07/2017,20:20:00,1,1,4.0,1.0,CL 129-KR 87B 28,11,1
4487818,18/07/2017,00:30:00,3,1,4.0,10.0,AV AVENIDA DEL SUR-KR 72 2,11,4
4488029,19/07/2017,14:30:00,3,1,4.0,4.0,CL 128B-KR 60 57,11,1
4488042,19/07/2017,23:45:00,3,1,4.0,10.0,KR 69D-CL 1 S 60,8,10
4488016,20/07/2017,04:30:00,3,1,4.0,11.0,KR 9-CL 140 2,11,2
4488074,20/07/2017,04:50:00,3,1,4.0,2.0,KR 91-CL 127F 02,11,1
4488209,20/07/2017,05:55:00,2,1,4.0,2.0,DG 38A-KR 31 S 02,18,1
4488210,20/07/2017,21:20:00,3,1,4.0,6.0,CL 128A-KR 52A 8,11,1
4487938,20/07/2017,21:30:00,3,1,4.0,8.0,KR 13-CL 31 S 02,18,1
4488201,20/07/2017,22:00:00,3,1,4.0,2.0,CL 73-KR 101 02,10,10
4488116,20/07/2017,23:55:00,1,1,4.0,2.0,AV AVENIDA CIRCUNVALAR-CL 85 02,2,1
4488137,21/07/2017,15:40:00,3,1,4.0,10.0,AK 68-CL 38H S 77,16,1
4488093,21/07/2017,16:30:00,2,1,4.0,1.0,TR 72F-CL 41 S 02,8,1
4488334,22/07/2017,01:00:00,3,1,4.0,1.0,DG 77A-KR 18D S 74,19,1
4488337,22/07/2017,10:30:00,3,1,4.0,10.0,CL 56A-KR 27 S 75,6,1
4488327,22/07/2017,15:30:00,3,1,4.0,6.0,KR 8-CL 82 ES 15,5,1
4488433,23/07/2017,05:30:00,3,1,4.0,2.0,CL 23-KR 95A 02,9,1
4488215,24/07/2017,01:30:00,2,1,4.0,1.0,KR 47-CL 134 02,11,2
4488579,24/07/2017,21:30:00,3,1,4.0,1.0,KR 24-CL 83 02,12,1
4488461,25/07/2017,01:30:00,3,1,4.0,11.0,DG 38-TR 83 S 2,8,1
4488471,25/07/2017,03:15:00,3,1,4.0,2.0,KR 31-CL 26 2,13,1
4488470,25/07/2017,03:59:00,3,1,4.0,1.0,AK 45-CL 146 02,1,1
4488647,25/07/2017,12:00:00,3,1,4.0,9.0,CL 86-KR 69H 35,10,2
4488634,25/07/2017,13:01:00,2,1,4.0,6.0,CL 13-KR 19A SE 02,4,1
4488522,25/07/2017,14:00:00,3,1,4.0,1.0,CL 127-KR 19A 28,1,10
4488546,25/07/2017,17:00:00,3,1,4.0,5.0,CL 8-KR 39 S 02,16,2
4488655,26/07/2017,04:30:00,3,1,4.0,3.0,AK 45-CL 134 02,1,1
4489039,27/07/2017,14:10:00,2,1,4.0,2.0,CL 23H-KR 100 31,9,1
4488731,27/07/2017,16:00:00,3,1,4.0,1.0,AV AVENIDA CIUDAD DE CALI-CL 13C 51,8,10
4488978,27/07/2017,16:00:00,3,1,4.0,2.0,CL 42F-KR 99F S 06,8,1
4488831,28/07/2017,11:20:00,3,1,4.0,10.0,CL 110-KR 9 25,1,10
4488815,28/07/2017,17:00:00,3,1,4.0,6.0,CL 74A-KR 61 2,12,1
4488841,28/07/2017,19:40:00,3,1,4.0,2.0,KR 68-CL 15 S 02,16,1
4488951,29/07/2017,11:00:00,3,1,4.0,10.0,CL 49-KR 9 02,2,10
4488934,29/07/2017,12:00:00,3,1,4.0,10.0,KR 77-CL 67 02,10,1
4489152,31/07/2017,05:30:00,3,1,4.0,11.0,KR 18-CL 19 2,15,1
4489132,31/07/2017,06:05:00,3,1,4.0,1.0,KR 50-CL 86D 02,12,1
4489276,31/07/2017,09:30:00,2,1,4.0,10.0,CL 165-KR 13C 2,1,1
4489158,31/07/2017,11:50:00,3,1,4.0,2.0,DG 52H-KR 12 2,18,1
4489169,31/07/2017,19:45:00,2,1,4.0,6.0,KR 9-CL 29 ES 02,4,1
4489714,03/08/2017,14:40:00,2,1,4.0,1.0,AK 96-CL 71A 2,10,2
4489571,04/08/2017,00:05:00,3,1,4.0,8.0,KR 9-CL 155 2,1,1
4489825,05/08/2017,08:19:00,3,1,4.0,10.0,TR 42-CL 4A 2,16,2
4489725,05/08/2017,10:40:00,3,1,4.0,10.0,CL 31F-KR 12D S 81,18,10
4489691,05/08/2017,20:01:00,3,1,4.0,2.0,CL 128-KR 87D 26,11,1
4489736,06/08/2017,11:00:00,3,1,4.0,2.0,KR 13-CL 62 02,2,1
4489574,06/08/2017,13:10:00,2,1,4.0,2.0,KR 68-CL 24 2,9,1
4489818,07/08/2017,08:00:00,3,1,4.0,2.0,KR 14-CL 24 02,3,1
4489840,07/08/2017,16:50:00,3,1,4.0,2.0,CL 6A-KR 3A 02,17,1
4489721,08/08/2017,00:00:00,3,1,4.0,8.0,CL 24-KR 95A 2,9,1
4489761,08/08/2017,08:44:00,2,1,4.0,6.0,KR 2-CL 10 2,17,2
4489847,08/08/2017,13:50:00,3,1,4.0,1.0,CL 80A-KR 18C S 70,19,1
4489892,08/08/2017,15:10:00,3,1,4.0,10.0,CL 138-KR 149 34,11,1
4489831,08/08/2017,17:45:00,3,1,4.0,10.0,CL 58-KR 48D S 13,19,1
4489876,08/08/2017,23:30:00,3,1,4.0,10.0,AC 23-KR 72A 10,9,1
4489939,09/08/2017,01:30:00,3,1,4.0,6.0,CL 10-KR 1 29,17,1
4490019,09/08/2017,11:30:00,2,1,4.0,1.0,AV AVENIDA BOYACA-CL 64 02,10,2
4490021,10/08/2017,07:11:00,2,1,4.0,10.0,AC 26-KR 106 74,9,1
4490102,10/08/2017,09:50:00,3,1,4.0,6.0,CL 119-KR 50 61,11,1
4490073,10/08/2017,18:20:00,3,1,4.0,1.0,KR 7-CL 220 02,1,1
4490183,11/08/2017,17:00:00,3,1,4.0,6.0,CL 19-KR 33 02,15,1
4490453,12/08/2017,03:45:00,3,1,4.0,10.0,DG 16-KR 96B 68,9,10
4490357,12/08/2017,04:40:00,3,1,4.0,11.0,AK 45-CL 114 78,1,1
4490284,12/08/2017,05:20:00,1,1,4.0,1.0,AV AVENIDA CIUDAD DE CALI-CL 15A 91,8,1
4490430,12/08/2017,07:10:00,3,1,4.0,2.0,CL 71A-KR 77BIS 2,10,2
4490281,12/08/2017,18:00:00,3,1,4.0,1.0,CL 63-KR 28A 2,12,1
4490362,12/08/2017,20:40:00,3,1,4.0,10.0,KR 61B-DG 52A S 2,6,1
4490294,12/08/2017,22:10:00,1,1,4.0,1.0,CL 59C-KR 78C S 42,7,1
4490446,13/08/2017,07:30:00,3,1,4.0,2.0,KR 107-CL 140 12,11,1
4490268,13/08/2017,11:22:00,3,1,4.0,10.0,KR 70C-CL 80 48,10,1
4490457,14/08/2017,18:00:00,3,1,4.0,10.0,KR 25-CL 15 2,14,1
4490564,15/08/2017,04:45:00,3,1,4.0,2.0,TR 78L-CL 68 S 02,7,1
4490684,16/08/2017,06:15:00,3,1,4.0,6.0,KR 37-CL 25 63,13,10
4490694,16/08/2017,08:00:00,3,1,4.0,10.0,KR 59A-CL 139 47,11,1
4490767,16/08/2017,19:40:00,3,1,4.0,1.0,CL 85D-KR 22 27,12,1
4490693,16/08/2017,20:00:00,3,1,4.0,10.0,KR 18-CL 3 43,3,1
4490793,17/08/2017,02:40:00,3,1,4.0,1.0,CL 147A-KR 45 06,11,1
4490717,17/08/2017,05:30:00,2,1,4.0,1.0,CL 94-KR 30 02,2,1
4490854,18/08/2017,23:30:00,2,1,4.0,1.0,CL 24-KR 40 02,13,2
4491061,19/08/2017,10:00:00,3,1,4.0,10.0,KR 51-CL 180 2,11,1
4491068,19/08/2017,13:30:00,3,1,4.0,4.0,AV AVENIDA SUBA-KR 72 02,11,8
4491421,19/08/2017,14:00:00,3,1,4.0,10.0,KR 55A-CL 169 2,11,1
4491058,19/08/2017,18:45:00,3,1,4.0,2.0,CL 63-KR 19A S 02,19,1
4491130,20/08/2017,03:30:00,3,1,4.0,6.0,KR 71A-CL 8 S 35,8,10
4491136,20/08/2017,14:10:00,3,1,4.0,10.0,KR 54-CL 4G 49,16,1
4491246,21/08/2017,13:00:00,3,1,4.0,1.0,CL 51-KR 5D S 70,5,10
4491238,22/08/2017,17:30:00,3,1,4.0,10.0,KR 13-CL 65 02,2,1
4491216,22/08/2017,17:50:00,3,1,4.0,6.0,KR 77J-CL 65I 64,7,1
4491350,23/08/2017,13:00:00,3,1,4.0,6.0,KR 18I-CL 81C S 02,19,1
4491437,23/08/2017,19:17:00,3,1,4.0,10.0,CL 87-KR 95B 15,10,1
4491514,23/08/2017,21:15:00,3,1,4.0,6.0,AV AVENIDA CIRCUNVALAR-CL 72A 02,2,1
4491290,23/08/2017,22:10:00,2,1,4.0,2.0,AV AVENIDA CARACAS-CL 49 38,2,1
4491604,24/08/2017,08:35:00,3,1,4.0,5.0,AV AVENIDA CIUDAD DE CALI-AC 26 02,8,7
4491618,24/08/2017,15:20:00,2,1,4.0,10.0,CL 46-KR 30 02,13,1
4494865,24/08/2017,15:50:00,1,1,4.0,10.0,AK 45-CL 94 2,2,1
4491485,24/08/2017,17:50:00,3,1,4.0,10.0,AV AVENIDA BOYACA-CL 71 S 02,19,1
4491553,25/08/2017,02:50:00,3,1,4.0,1.0,KR 19C-CL 57 S 02,6,1
4491758,25/08/2017,07:00:00,3,1,4.0,9.0,KR 14A-CL 11 S 02,15,1
4491629,25/08/2017,14:40:00,2,1,4.0,2.0,CL 161-KR 18A 02,1,1
4491671,26/08/2017,10:30:00,3,1,4.0,1.0,KR 90-CL 152 2,11,2
4491733,26/08/2017,13:20:00,2,1,4.0,6.0,KR 20-CL 73B S 02,19,1
4491673,26/08/2017,19:10:00,3,1,4.0,2.0,AK 1-CL 118 S 62,5,1
4491687,26/08/2017,19:50:00,3,1,4.0,6.0,KR 10-CL 2B ES 6,4,1
4491761,27/08/2017,06:15:00,3,1,4.0,10.0,KR 80-CL 2 S 51,8,1
4491614,27/08/2017,07:20:00,2,1,4.0,1.0,KR 30-CL 71A 02,12,1
4491937,29/08/2017,07:00:00,3,1,4.0,2.0,KR 103CBIS-CL 139 2,11,1
4491922,29/08/2017,17:40:00,3,1,4.0,1.0,AC 26-KR 113 85,9,1
4492066,30/08/2017,07:40:00,3,1,4.0,10.0,KR 27-CL 19 02,14,10
4492019,30/08/2017,08:07:00,2,1,4.0,3.0,AC 1-KR 19A 18,14,1
4492089,30/08/2017,08:15:00,3,1,4.0,6.0,KR 95-CL 165 50,11,1
4492105,30/08/2017,14:10:00,2,1,4.0,10.0,KR 73-CL 48 46,10,1
4492188,30/08/2017,16:05:00,2,1,4.0,10.0,KR 8-CL 174 02,1,1
4492098,30/08/2017,16:16:00,3,1,4.0,2.0,AK 1-CL 19 02,3,1
4492251,31/08/2017,14:40:00,3,1,4.0,2.0,KR 71B-CL 48A 02,10,1
4492426,31/08/2017,15:05:00,3,1,4.0,6.0,CL 71-KR 24 94,2,1
4492358,31/08/2017,21:20:00,2,1,4.0,10.0,CL 150A-KR 101 20,11,1
4492640,01/09/2017,01:00:00,2,1,4.0,8.0,AV AVENIDA PRIMERA DE MAYO-KR 68 02,8,1
4492530,01/09/2017,06:55:00,3,1,4.0,2.0,AV AVENIDA CARACAS-CL 26A S 02,18,2
4492278,01/09/2017,08:40:00,3,1,4.0,8.0,AV AVENIDA BOYACA-CL 99 02,11,1
4492428,01/09/2017,09:15:00,3,1,4.0,1.0,KR 7-CL 195 02,1,1
4492208,01/09/2017,18:05:00,2,1,4.0,10.0,CL 3-KR 70 49,8,1
4492578,02/09/2017,05:00:00,3,1,4.0,2.0,KR 56-CL 18A 02,16,1
4492417,02/09/2017,06:30:00,3,1,4.0,4.0,AV AVENIDA CIRCUNVALAR-CL 18 2,17,1
4492444,02/09/2017,10:10:00,3,1,4.0,1.0,KR 72-CL 69B 02,10,1
4495351,02/09/2017,11:40:00,3,1,4.0,2.0,CL 69A-KR 80A 2,10,2
4492322,02/09/2017,15:00:00,2,1,4.0,2.0,KR 43-CL 12 02,16,2
4493067,03/09/2017,01:00:00,3,1,4.0,2.0,DG 62G-KR 73 2,19,1
4492535,03/09/2017,07:30:00,3,1,4.0,10.0,CL 44-KR 68BBIS 02,10,1
4492639,03/09/2017,12:10:00,3,1,4.0,10.0,TR 93-CL 53 51,10,1
4492454,04/09/2017,03:10:00,3,1,4.0,1.0,AV AVENIDA BOYACA-CL 129 01,11,1
4492697,05/09/2017,13:00:00,3,1,4.0,6.0,KR 25-CL 24 S 09,4,1
4492886,05/09/2017,20:20:00,3,1,4.0,10.0,CL 74-KR 1 S 2,5,1
4492711,05/09/2017,22:40:00,3,1,4.0,2.0,AK 89B-CL 51 S 2,7,2
4492846,06/09/2017,05:40:00,3,1,4.0,1.0,KR 68-CL 75A 02,12,1
4492838,06/09/2017,09:00:00,3,1,4.0,2.0,CL 186C-KR 18A 02,1,1
4492958,06/09/2017,20:56:00,3,1,4.0,6.0,CL 35A-KR 26G S 06,18,2
4492802,07/09/2017,00:53:00,1,1,4.0,1.0,AK 30-CL 20 02,16,1
4492929,08/09/2017,06:40:00,3,1,4.0,1.0,CL 215-KR 45 45,11,1
4492960,08/09/2017,10:00:00,3,1,4.0,2.0,CL 63A-KR 18 2,12,1
4493115,08/09/2017,15:20:00,3,1,4.0,10.0,KR 5-CL 72 76,2,1
4493116,08/09/2017,23:00:00,3,1,4.0,1.0,CL 155-KR 7 02,1,10
4492981,08/09/2017,23:45:00,3,1,4.0,2.0,TR 44-CL 52 S 02,6,2
4493182,09/09/2017,06:30:00,3,1,4.0,2.0,CL 109-KR 76D 11,10,1
4493191,09/09/2017,08:30:00,3,1,4.0,9.0,CL 110-KR 9 80,1,10
4493080,09/09/2017,09:15:00,2,1,4.0,2.0,KR 13A-CL 127 26,1,1
4493125,09/09/2017,12:00:00,3,1,4.0,1.0,KR 28A-CL 17A 20,14,10
4493127,09/09/2017,19:30:00,3,1,4.0,2.0,CL 97-KR 63 16,12,2
4493060,10/09/2017,04:50:00,2,1,4.0,1.0,AV AVENIDA CARACAS-CL 51 S 02,18,2
4493091,10/09/2017,10:20:00,3,1,4.0,10.0,AC 23-KR 82 02,9,1
4493236,11/09/2017,12:30:00,3,1,4.0,10.0,KR 4-CL 18 02,3,10
4493383,12/09/2017,15:30:00,3,1,4.0,6.0,KR 64-CL 8I 08,19,1
4493509,13/09/2017,05:00:00,2,1,4.0,5.0,KR 86-CL 23 2,9,1
4493477,13/09/2017,10:30:00,3,1,4.0,2.0,KR 17B-CL 67 S 48,19,1
4493455,13/09/2017,11:20:00,3,1,4.0,9.0,KR 32-CL 18 10,16,10
4493599,13/09/2017,23:30:00,3,1,4.0,6.0,KR 86-CL 90A 47,10,1
4493538,14/09/2017,04:00:00,2,1,4.0,2.0,CL 132D-KR 145 08,11,1
4493801,14/09/2017,13:50:00,3,1,4.0,1.0,KR 28A-CL 15 07,14,1
4493791,14/09/2017,20:10:00,3,1,4.0,10.0,KR 8-CL 27A ES 29,4,1
4493811,14/09/2017,22:30:00,3,1,4.0,10.0,CL 26-KR 19B 02,13,1
4493687,15/09/2017,20:49:00,3,1,4.0,6.0,CL 1F-KR 35 32,16,1
4493671,16/09/2017,00:25:00,1,1,4.0,1.0,AV AVENIDA DEL SUR-TR 73I 02,7,1
4493725,16/09/2017,07:53:00,2,1,4.0,2.0,AK 33-CL 30 2,13,1
4493927,17/09/2017,06:30:00,3,1,4.0,2.0,AK 45-CL 170 02,1,1
4493948,17/09/2017,07:00:00,3,1,4.0,10.0,CL 89-KR 89A 2,10,1
4493717,17/09/2017,07:10:00,2,1,4.0,2.0,AV AVENIDA CIUDAD DE CALI-CL 128B 02,11,1
4493920,17/09/2017,14:20:00,3,1,4.0,2.0,KR 112A-CL 72 55,10,1
4493984,18/09/2017,13:00:00,2,1,4.0,10.0,CL 91-KR 5A SE 25,5,1
4494008,19/09/2017,11:20:00,2,1,4.0,10.0,KR 58-CL 90 39,12,1
4494078,19/09/2017,19:30:00,3,1,4.0,1.0,CL 36-KR 78P S 68,8,1
4494210,20/09/2017,09:45:00,1,1,4.0,4.0,AK 30-CL 41 97,13,1
4494174,20/09/2017,16:00:00,3,1,4.0,2.0,CL 63A-KR 18 02,12,2
4494207,20/09/2017,21:15:00,3,1,4.0,1.0,KR 76-CL 75 S 2,19,1
4494252,21/09/2017,04:50:00,2,1,4.0,1.0,AV AVENIDA CIUDAD DE CALI-CL 13 2,9,1
4494969,21/09/2017,08:15:00,3,1,4.0,6.0,KR 102-CL 23J 15,9,1
4494261,21/09/2017,08:40:00,3,1,4.0,6.0,CL 13-KR 126 02,9,10
4494352,22/09/2017,10:30:00,2,1,4.0,8.0,AV AVENIDA DE LAS AMERICAS-KR 74 51,8,1
4494379,22/09/2017,18:19:00,2,1,4.0,6.0,CL 68-KR 28A 31,12,1
4494381,22/09/2017,21:00:00,3,1,4.0,10.0,CL 64-KR 112B 82,10,10
4494385,22/09/2017,23:50:00,3,1,4.0,2.0,KR 30-CL 39A 88,13,1
4494521,23/09/2017,02:10:00,3,1,4.0,2.0,AC 72-KR 75 2,10,1
4494581,23/09/2017,09:10:00,2,1,4.0,10.0,CL 33-KR 87 S 33,8,1
4494506,23/09/2017,12:00:00,3,1,4.0,2.0,AV AVENIDA BOYACA-KR 73 2,19,1
4494528,23/09/2017,16:00:00,3,1,4.0,2.0,KR 73C-CL 39D S 02,8,1
4495170,24/09/2017,10:00:00,3,1,4.0,8.0,AK 45-CL 106 15,1,1
4494542,24/09/2017,13:40:00,3,1,4.0,2.0,KR 15-CL 68 S 02,4,1
4494638,25/09/2017,10:35:00,3,1,4.0,1.0,CL 100-KR 60D 02,12,1
4494749,26/09/2017,06:56:00,3,1,4.0,6.0,CL 80-KR 64 91,12,1
4494719,26/09/2017,11:10:00,3,1,4.0,10.0,CL 94-KR 23 43,2,10
4494799,26/09/2017,22:50:00,2,1,4.0,10.0,AC 6-KR 31B 27,16,1
4494956,27/09/2017,09:30:00,3,1,4.0,10.0,AK 45-CL 150 02,1,1
4494900,27/09/2017,14:10:00,2,1,4.0,10.0,CL 3-KR 78M 23,8,1
4494771,28/09/2017,00:00:00,2,1,4.0,1.0,CL 13-KR 34 02,16,1
4494816,28/09/2017,00:30:00,3,1,4.0,6.0,CL 63BIS-KR 74C S 90,19,10
4495204,30/09/2017,00:05:00,3,1,4.0,2.0,KR 2-CL 31F S 02,6,1
4495187,30/09/2017,00:30:00,3,1,4.0,2.0,KR 57-CL 52B 02,16,2
4495303,30/09/2017,07:00:00,3,1,4.0,2.0,CL 36F-KR 1 S 02,4,1
4495315,30/09/2017,15:30:00,3,1,4.0,10.0,KR 68-CL 1 63,16,10
4495244,30/09/2017,15:55:00,3,1,4.0,6.0,KR 74A-CL 168A 85,11,10
4495146,30/09/2017,21:10:00,2,1,4.0,10.0,CL 26-KR 50 02,13,1
4495335,01/10/2017,06:57:00,3,1,4.0,2.0,CL 6-KR 18 02,14,1
4495359,01/10/2017,15:00:00,3,1,4.0,2.0,CL 75-KR 105 02,10,3
4495439,01/10/2017,15:10:00,3,1,4.0,10.0,KR 64-CL 74A 02,12,1
4495428,02/10/2017,14:40:00,2,1,4.0,10.0,CL 32-KR 13B 02,3,1
4495688,02/10/2017,23:49:00,3,1,4.0,1.0,AK 45-CL 152 02,1,1
4501479,03/10/2017,15:10:00,3,1,4.0,9.0,KR 14-CL 39 02,3,1
4495692,05/10/2017,12:00:00,2,1,4.0,8.0,CL 40D-KR 80H S 02,8,1
4495650,05/10/2017,16:30:00,3,1,4.0,1.0,CL 13-KR 50 02,16,1
4495718,06/10/2017,03:19:00,2,1,4.0,2.0,CL 22-KR 17 02,14,1
4495797,06/10/2017,07:30:00,3,1,4.0,11.0,AC 145-KR 99B 02,11,1
4498055,06/10/2017,09:30:00,3,1,4.0,1.0,AV AVENIDA SUBA-CL 127B 02,11,1
4496015,06/10/2017,11:20:00,3,1,4.0,11.0,KR 43A-CL 20 02,16,1
4495882,07/10/2017,06:40:00,3,1,4.0,5.0,KR 7-CL 12 2,17,2
4495876,07/10/2017,19:40:00,3,1,4.0,2.0,KR 28A-CL 63G 50,12,2
4495861,07/10/2017,21:00:00,3,1,4.0,11.0,AV AVENIDA BOYACA-CL 26 S 02,8,1
4495898,08/10/2017,13:00:00,3,1,4.0,6.0,CL 131A-KR 100A 32,11,1
4496113,08/10/2017,18:30:00,3,1,4.0,2.0,KR 27-CL 41 S 56,18,1
4496030,09/10/2017,05:30:00,3,1,4.0,2.0,KR 77I-CL 65G S 02,7,2
4496094,09/10/2017,10:00:00,3,1,4.0,9.0,AV AVENIDA DE LAS AMERICAS-KR 54 02,16,1
4496063,09/10/2017,14:30:00,2,1,4.0,1.0,CL 44-KR 24 S 02,18,1
4496024,09/10/2017,18:10:00,3,1,4.0,2.0,KR 24-CL 5 02,14,2
4496161,10/10/2017,01:30:00,3,1,4.0,2.0,AK 12B-CL 32C S 31,18,1
4496288,10/10/2017,03:40:00,3,1,4.0,5.0,CL 26-KR 33 02,13,1
4496183,10/10/2017,09:45:00,3,1,4.0,1.0,CL 12B-KR 9 56,17,1
4496148,10/10/2017,11:00:00,3,1,4.0,10.0,KR 32-CL 12 70,16,10
4496229,11/10/2017,12:15:00,3,1,4.0,2.0,CL 35-KR 26A S 02,18,1
4496362,11/10/2017,20:45:00,3,1,4.0,8.0,AC 19-KR 17 64,14,1
4496343,12/10/2017,00:10:00,3,1,4.0,2.0,CL 43-KR 86 S 2,8,1
4496411,12/10/2017,02:35:00,2,1,4.0,10.0,KR 72-CL 57R 02,19,1
4496353,12/10/2017,09:20:00,3,1,4.0,8.0,AK 45-CL 81 1,2,1
4496398,12/10/2017,12:26:00,2,1,4.0,4.0,KR 30-CL 42 02,13,1
4496358,12/10/2017,13:00:00,3,1,4.0,10.0,DG 45-KR 24A S 70,18,1
4496408,12/10/2017,13:00:00,2,1,4.0,6.0,KR 8-CL 4B E 09,3,1
4496680,13/10/2017,11:40:00,3,1,4.0,6.0,CL 76-KR 18F S 02,19,1
4496540,13/10/2017,12:58:00,2,1,4.0,3.0,KR 19-CL 128B 2,1,1
4496396,13/10/2017,13:00:00,3,1,4.0,1.0,KR 19-CL 39 02,13,1
4496556,13/10/2017,14:00:00,3,1,4.0,10.0,CL 161A-KR 7B 2,1,1
4496601,14/10/2017,08:00:00,3,1,4.0,1.0,CL 170-KR 90 02,11,1
4496573,14/10/2017,12:45:00,3,1,4.0,2.0,AC 23-KR 72A 02,9,1
4496588,14/10/2017,20:00:00,3,1,4.0,10.0,KR 123A-CL 22J S 2,9,1
4496676,14/10/2017,21:30:00,3,1,4.0,3.0,KR 36-CL 1C 13,16,1
4496644,15/10/2017,04:40:00,3,1,4.0,2.0,AK 45-CL 162 02,1,1
4496665,16/10/2017,06:12:00,3,1,4.0,1.0,CL 2-KR 53G 02,16,2
4496638,16/10/2017,08:00:00,3,1,4.0,10.0,KR 69B-CL 19 2,9,1
4496728,16/10/2017,15:00:00,3,1,4.0,10.0,CL 55-KR 71D 52,10,1
4496672,16/10/2017,18:58:00,3,1,4.0,10.0,CL 10B-KR 86 50,8,10
4496798,18/10/2017,18:00:00,2,1,4.0,10.0,KR 60-CL 4 64,16,1
4496868,19/10/2017,07:15:00,2,1,4.0,10.0,CL 81-KR 1 S 02,5,1
4497196,21/10/2017,04:30:00,3,1,4.0,3.0,KR 5-CL 33B 80,3,1
4497265,21/10/2017,21:40:00,3,1,4.0,1.0,AK 45-CL 116 02,1,1
4497223,22/10/2017,05:25:00,2,1,4.0,2.0,CL 170-KR 72 02,11,1
4497240,23/10/2017,06:20:00,2,1,4.0,1.0,KR 26-CL 77 S 02,19,1
4497375,23/10/2017,06:50:00,3,1,4.0,10.0,CL 40-KR 4 SE 02,4,2
4497302,23/10/2017,19:15:00,3,1,4.0,2.0,CL 66BIS-KR 18T 2,19,1
4497495,24/10/2017,19:20:00,3,1,4.0,10.0,CL 94-KR 14J 02,5,1
4497710,25/10/2017,20:50:00,3,1,4.0,2.0,AK 45-CL 116 2,1,1
4497639,26/10/2017,21:30:00,3,1,4.0,2.0,AK 5-CL 87 02,2,1
4497838,27/10/2017,11:06:00,3,1,4.0,1.0,KR 68D-CL 23 2,9,1
4497821,28/10/2017,00:00:00,2,1,4.0,9.0,CL 134-KR 11B 08,1,1
4497887,28/10/2017,09:40:00,3,1,4.0,6.0,CL 160-KR 64 11,11,10
4497933,28/10/2017,18:00:00,3,1,4.0,6.0,KR 3-CL 1 04,3,1
4498003,29/10/2017,00:05:00,3,1,4.0,2.0,KR 30-CL 63 02,12,1
4498020,29/10/2017,01:00:00,3,1,4.0,10.0,DG 65C-KR 19A S 19,19,10
4498017,29/10/2017,06:20:00,3,1,4.0,8.0,KR 92-CL 162 40,11,10
4498182,29/10/2017,08:00:00,3,1,4.0,1.0,KR 45-CL 116 02,1,1
4498041,29/10/2017,11:40:00,3,1,4.0,2.0,CL 67-KR 68G 2,10,2
4498871,29/10/2017,16:50:00,2,1,4.0,2.0,CL 18-KR 11 E 02,4,1
4498007,29/10/2017,20:50:00,3,1,4.0,6.0,KR 70B-CL 6A 31,8,1
4498204,30/10/2017,05:30:00,3,1,4.0,5.0,KR 10-CL 1B 65,3,1
4498048,30/10/2017,05:40:00,3,1,4.0,10.0,CL 58D-KR 51 S 10,19,10
4498060,30/10/2017,05:55:00,3,1,4.0,10.0,CL 15-KR 27 2,14,1
4498057,30/10/2017,06:30:00,3,1,4.0,10.0,AV AVENIDA CARACAS-CL 2 2,14,2
4498014,30/10/2017,07:20:00,3,1,4.0,2.0,KR 102-CL 73 02,10,1
4498002,30/10/2017,08:00:00,3,1,4.0,11.0,KR 27-CL 17 S 02,15,1
4498354,30/10/2017,14:33:00,3,1,4.0,1.0,KR 46-CL 152 46,11,1
4498242,30/10/2017,23:30:00,3,1,4.0,1.0,KR 50-CL 5B 69,16,1
4498244,31/10/2017,01:50:00,3,1,4.0,6.0,KR 69D-CL 1 57,8,1
4498094,31/10/2017,03:40:00,2,1,4.0,10.0,KR 6-CL 0 S 69,3,1
4498311,31/10/2017,17:20:00,3,1,4.0,2.0,CL 126BBIS-KR 118 02,11,1
4498281,01/11/2017,01:30:00,2,1,4.0,1.0,KR 68-CL 17 2,16,2
4498294,01/11/2017,21:40:00,3,1,4.0,1.0,DG 18-KR 16A 2,14,1
4498440,02/11/2017,11:00:00,3,1,4.0,1.0,AC 80-KR 119 02,10,1
4498993,03/11/2017,12:30:00,3,1,4.0,1.0,KR 68B-CL 169 02,11,2
4498574,03/11/2017,12:40:00,3,1,4.0,1.0,CL 13-KR 124 02,9,1
4498550,03/11/2017,16:30:00,3,1,4.0,1.0,CL 162-KR 22 02,1,1
4498591,03/11/2017,17:00:00,3,1,4.0,10.0,KR 11A-CL 69 2,2,1
4498535,03/11/2017,20:50:00,3,1,4.0,6.0,KR 22-CL 70 S 05,19,1
4498568,04/11/2017,03:00:00,3,1,4.0,1.0,AK 45-CL 170 02,1,1
4498816,04/11/2017,04:00:00,3,1,4.0,8.0,CL 24A-KR 69B 02,9,1
4498716,04/11/2017,18:00:00,3,1,4.0,10.0,CL 44-KR 21 S 50,18,1
4498665,05/11/2017,03:35:00,2,1,4.0,1.0,KR 43-CL 10A 02,16,1
4498693,06/11/2017,02:40:00,1,1,4.0,1.0,AK 30-CL 24 2,16,1
4498676,06/11/2017,14:30:00,3,1,4.0,5.0,KR 68-CL 40 S 02,16,1
4499072,06/11/2017,16:30:00,2,1,4.0,10.0,CL 17A-KR 10A S 02,4,1
4498632,06/11/2017,23:20:00,2,1,4.0,10.0,AV AVENIDA BOYACA-CL 2 02,8,1
4498773,07/11/2017,06:15:00,1,1,4.0,8.0,CL 169B-KR 65 2,11,1
4498953,07/11/2017,07:10:00,2,1,4.0,2.0,AC 23-KR 95 02,9,1
4500943,07/11/2017,07:25:00,2,1,4.0,11.0,CL 49A-KR 35 S 02,6,1
4498944,07/11/2017,14:40:00,3,1,4.0,10.0,KR 17-CL 8 68,14,1
4498924,07/11/2017,18:15:00,3,1,4.0,10.0,DG 32A-KR 3 S 02,4,1
4499033,08/11/2017,02:07:00,3,1,4.0,2.0,CL 80-KR 96 02,10,1
4499099,08/11/2017,13:40:00,2,1,4.0,1.0,KR 30-CL 45 2,13,1
4499188,08/11/2017,15:45:00,3,1,4.0,10.0,KR 3-CL 10 E 02,3,1
4499064,08/11/2017,18:30:00,3,1,4.0,1.0,CL 42-KR 1 E 38,4,1
4498960,08/11/2017,21:47:00,2,1,4.0,1.0,CL 12-KR 38 02,16,1
4498976,09/11/2017,01:00:00,3,1,4.0,3.0,TR 42-CL 6 02,16,1
4499554,09/11/2017,10:30:00,3,1,4.0,10.0,KR 14-CL 138F S 02,5,1
4499196,09/11/2017,13:15:00,3,1,4.0,1.0,KR 93B-CL 34 S 15,8,10
4499532,10/11/2017,10:30:00,3,1,4.0,1.0,KR 69L-CL 65 69,10,1
4499228,10/11/2017,21:15:00,3,1,4.0,1.0,CL 134A-KR 13 29,1,2
4499177,11/11/2017,03:30:00,3,1,4.0,10.0,DG 68A-TR 14QBISA S 2,5,1
4499378,11/11/2017,11:20:00,3,1,4.0,2.0,CL 129F-KR 104F 02,11,1
4499317,11/11/2017,12:00:00,2,1,4.0,10.0,CL 77-KR 24 27,12,1
4499357,11/11/2017,13:00:00,3,1,4.0,2.0,KR 4-CL 48 ES 02,4,2
4499425,12/11/2017,01:20:00,3,1,4.0,6.0,CL 154A-KR 90 02,11,2
4499489,12/11/2017,06:10:00,3,1,4.0,3.0,KR 68-CL 100 02,12,1
4499499,13/11/2017,04:15:00,3,1,4.0,1.0,KR 68-CL 51 02,16,1
4499688,14/11/2017,08:35:00,3,1,4.0,8.0,CL 72-KR 70G 02,10,1
4499583,14/11/2017,17:40:00,3,1,4.0,10.0,KR 11A-CL 190 02,1,1
4500302,15/11/2017,20:00:00,3,1,4.0,10.0,AV AVENIDA CARACAS-CL 11 02,3,1
4499703,15/11/2017,23:20:00,3,1,4.0,1.0,AK 45-CL 100 02,1,1
4499794,16/11/2017,11:40:00,3,1,4.0,10.0,KR 17-CL 17 02,14,10
4499977,17/11/2017,16:20:00,2,1,4.0,2.0,AK 68-CL 51 02,12,1
4499857,17/11/2017,17:20:00,2,1,4.0,6.0,KR 14-CL 76A 08,5,1
4499975,17/11/2017,17:20:00,2,1,4.0,10.0,KR 5-CL 32 03,3,1
4499914,17/11/2017,18:30:00,3,1,4.0,10.0,KR 24C-DG 47B S 2,6,1
4500164,18/11/2017,10:30:00,3,1,4.0,2.0,CL 97-KR 4B 13,5,1
4500007,18/11/2017,22:50:00,2,1,4.0,1.0,AK 45-CL 185 02,1,1
4500039,19/11/2017,00:00:00,3,1,4.0,10.0,CL 192-KR 11A 52,1,1
4499969,19/11/2017,02:33:00,2,1,4.0,10.0,TR 76-CL 81A 2,10,1
4500051,19/11/2017,03:00:00,3,1,4.0,3.0,KR 103B-CL 150A 2,11,1
4500227,20/11/2017,06:30:00,3,1,4.0,10.0,CL 127-KR 19 02,1,1
4500324,20/11/2017,09:00:00,3,1,4.0,10.0,CL 1G-KR 25 57,14,1
4500228,20/11/2017,14:30:00,3,1,4.0,2.0,KR 53B-CL 32 02,6,2
4500333,21/11/2017,08:30:00,3,1,4.0,1.0,KR 9-CL 24 2,3,2
4500176,21/11/2017,12:45:00,3,1,4.0,3.0,CL 127A-KR 89 02,11,1
4500358,21/11/2017,14:30:00,3,1,4.0,2.0,CL 130-KR 104 02,11,1
4500569,22/11/2017,16:15:00,3,1,4.0,10.0,KR 73B-CL 146F 02,11,2
4500720,23/11/2017,01:00:00,2,1,4.0,10.0,CL 54-KR 46 S 16,6,1
4500601,23/11/2017,14:30:00,3,1,4.0,2.0,DG 49A-KR 27 S 43,6,1
4500686,23/11/2017,23:00:00,3,1,4.0,2.0,CL 53-KR 12 S 37,5,1
4500705,24/11/2017,04:15:00,3,1,4.0,10.0,AV AVENIDA BOYACA-CL 1A S 2,8,1
4500667,24/11/2017,06:20:00,2,1,4.0,2.0,AV AVENIDA CARACAS-CL 60 S 02,5,1
4500848,24/11/2017,10:00:00,3,1,4.0,10.0,CL 158-KR 7 02,1,1
4500716,24/11/2017,14:15:00,2,1,4.0,5.0,CL 9-KR 3 02,17,1
4500920,25/11/2017,19:50:00,3,1,4.0,2.0,AK 45-CL 187 02,1,1
4501065,26/11/2017,01:15:00,2,1,4.0,2.0,CL 31B-KR 26B S 38,18,1
4500778,26/11/2017,03:20:00,2,1,4.0,1.0,AK 45-CL 153 02,1,1
4501075,26/11/2017,06:20:00,3,1,4.0,5.0,KR 50-CL 39A S 02,16,1
4500962,26/11/2017,10:00:00,3,1,4.0,10.0,CL 170-KR 100 2,11,1
4500837,26/11/2017,18:25:00,1,1,4.0,4.0,KR 73-CL 36A 46,8,1
4500886,27/11/2017,06:21:00,2,1,4.0,2.0,DG 61C-KR 27A 20,13,1
4501103,27/11/2017,07:30:00,3,1,4.0,2.0,CL 20-KR 69B 35,9,1
4501093,27/11/2017,11:09:00,3,1,4.0,10.0,KR 92-CL 82 49,10,1
4501071,27/11/2017,12:20:00,3,1,4.0,2.0,CL 2-KR 16A 2,14,1
4501035,27/11/2017,15:00:00,3,1,4.0,6.0,CL 149-KR 91 02,11,1
4501080,28/11/2017,20:40:00,3,1,4.0,10.0,CL 70-KR 92C 02,10,1
4500978,28/11/2017,23:20:00,1,1,4.0,1.0,AV AVENIDA DE LAS AMERICAS-KR 68A 94,8,1
4501438,29/11/2017,05:00:00,3,1,4.0,2.0,AV AVENIDA PRIMERO DE MAYO-KR 51F 02,16,1
4501322,29/11/2017,11:00:00,3,1,4.0,6.0,CL 27A-KR 2 S 18,4,1
4501450,30/11/2017,10:00:00,3,1,4.0,10.0,CL 70B-KR 105F 46,10,1
4501432,30/11/2017,23:55:00,3,1,4.0,10.0,KR 7-CL 23 S 2,1,1
4501522,01/12/2017,07:40:00,2,1,4.0,4.0,KR 84B-CL 145B 2,11,1
4501519,01/12/2017,11:15:00,2,1,4.0,2.0,CL 72-KR 80 53,10,1
4502965,02/12/2017,03:50:00,1,1,4.0,1.0,AV AVENIDA BOYACA-KR 22 2,1,1
4501476,02/12/2017,04:30:00,3,1,4.0,10.0,KR 7-CL 118 2,1,1
4501525,02/12/2017,05:15:00,2,1,4.0,8.0,AK 68-CL 55 65,12,1
4501605,02/12/2017,11:00:00,3,1,4.0,11.0,CL 82-KR 16 02,2,1
4501787,02/12/2017,21:20:00,3,1,4.0,10.0,KR 77L-CL 70ABIS 02,7,1
4501701,03/12/2017,00:01:00,3,1,4.0,10.0,KR 77J-CL 65J S 35,7,1
4501698,03/12/2017,03:40:00,3,1,4.0,6.0,TR 113-CL 66 91,10,10
4501739,03/12/2017,11:00:00,3,1,4.0,2.0,KR 77H-CL 70A 2,7,1
4501860,03/12/2017,22:50:00,3,1,4.0,1.0,KR 19B-CL 61 S 63,19,1
4501848,03/12/2017,23:30:00,3,1,4.0,3.0,AV AVENIDA BOYACA-CL 20 98,9,1
4501896,04/12/2017,10:40:00,2,1,4.0,10.0,AV AVENIDA PRIMERA DE MAYO-CL 42A S 2,8,1
4501865,04/12/2017,15:40:00,3,1,4.0,2.0,CL 74-KR 14B 71,5,1
4501866,04/12/2017,15:40:00,3,1,4.0,1.0,CL 72A-KR 00 E 20,2,1
4502074,05/12/2017,05:20:00,2,1,4.0,6.0,KR 10-CL 31 S 02,4,1
4501968,05/12/2017,06:30:00,3,1,4.0,2.0,DG 182-KR 20 72,1,1
4501907,05/12/2017,07:06:00,2,1,4.0,1.0,KR 80-CL 2 51,8,1
4502018,05/12/2017,11:00:00,3,1,4.0,2.0,CL 18F-KR 104DBIS 2,11,1
4502214,05/12/2017,19:50:00,3,1,4.0,2.0,CL 22C-KR 18BIS 02,14,1
4502039,06/12/2017,08:00:00,3,1,4.0,2.0,KR 34C-CL 32A S 18,15,1
4501883,06/12/2017,10:30:00,3,1,4.0,5.0,AV AVENIDA CIUDAD DE CALI-KR 90 02,10,1
4502136,06/12/2017,13:43:00,3,1,4.0,8.0,KR 46-CL 152 46,11,1
4502013,07/12/2017,00:30:00,3,1,4.0,2.0,KR 81D-CL 24D 70,9,1
4501991,07/12/2017,03:51:00,2,1,4.0,2.0,AV AVENIDA CARACAS-CL 73 11,2,1
4502312,07/12/2017,04:55:00,3,1,4.0,2.0,CL 38-KR 86C S 2,8,1
4502131,07/12/2017,08:15:00,2,1,4.0,10.0,CL 190-KR 4 02,1,1
4502266,07/12/2017,13:40:00,3,1,4.0,2.0,KR 160B-CL 4 2,1,1
4502060,08/12/2017,05:00:00,1,1,4.0,2.0,AC 9-KR 166 02,1,1
4502412,08/12/2017,05:35:00,3,1,4.0,2.0,KR 92C-CL 6A 02,8,1
4502459,08/12/2017,06:10:00,3,1,4.0,2.0,AK 45-CL 170 2,1,1
4502250,08/12/2017,07:45:00,3,1,4.0,1.0,AV AVENIDA CIRCUNVALAR-CL 17 02,3,1
4502058,08/12/2017,10:05:00,2,1,4.0,6.0,CL 42-KR 31 02,18,1
4502552,09/12/2017,14:40:00,3,1,4.0,4.0,KR 10-CL 37 S 02,4,1
4502523,09/12/2017,18:00:00,3,1,4.0,2.0,CL 18-KR 111A 09,9,1
4502524,09/12/2017,19:45:00,3,1,4.0,2.0,KR 7-CL 103 02,1,1
4502608,09/12/2017,21:30:00,3,1,4.0,1.0,KR 74-CL 25F 20,9,1
4502137,10/12/2017,03:00:00,1,1,4.0,4.0,KR 28-CL 40 2,13,1
4502519,12/12/2017,03:00:00,2,1,4.0,2.0,AV AVENIDA BOYACA-CL 127 02,11,1
4502760,12/12/2017,17:30:00,3,1,4.0,2.0,KR 25A-CL 35A S 02,18,2
4502806,13/12/2017,07:40:00,3,1,4.0,4.0,KR 9-CL 37 S 02,4,1
4502861,13/12/2017,19:50:00,2,1,4.0,10.0,CL 100-KR 54 S 02,7,2
4502803,13/12/2017,23:40:00,3,1,4.0,2.0,AV AVENIDA CARACAS-CL 24A 15,3,1
4503309,14/12/2017,04:30:00,3,1,4.0,6.0,CL 35-KR 72L S 2,8,1
4503226,14/12/2017,22:14:00,3,1,4.0,9.0,KR 14-CL 30 S 03,5,1
4502967,15/12/2017,01:25:00,1,1,4.0,4.0,AK 45-CL 94 30,2,1
4503087,15/12/2017,21:17:00,3,1,4.0,6.0,KR 8-CL 163 03,1,2
4503320,16/12/2017,00:01:00,3,1,4.0,10.0,CL 84-KR 49A 02,12,1
4503121,16/12/2017,03:30:00,3,1,4.0,5.0,KR 96-CL 63 02,10,1
4503074,16/12/2017,08:55:00,3,1,4.0,3.0,CL 90-KR 12 2,2,1
4503069,16/12/2017,16:30:00,3,1,4.0,6.0,TR 3-CL 83 31,2,1
4503149,16/12/2017,16:30:00,3,1,4.0,10.0,KR 5D-CL 49A 2,18,1
4503331,17/12/2017,00:01:00,3,1,4.0,10.0,CL 46-KR 81H S 25,8,1
4503094,17/12/2017,03:10:00,2,1,4.0,11.0,AV AVENIDA BOYACA-CL 23 02,9,1
4503851,17/12/2017,09:20:00,3,1,4.0,10.0,KR 14R-CL 74C S 31,5,1
4503258,17/12/2017,12:45:00,3,1,4.0,5.0,AV AVENIDA CIUDAD DE CALI-KR 13 02,8,1
4503259,18/12/2017,06:50:00,3,1,4.0,6.0,CL 130A-KR 89 14,11,1
4503442,18/12/2017,08:30:00,3,1,4.0,10.0,AK 1-CL 22 2,3,1
4503354,18/12/2017,09:30:00,3,1,4.0,10.0,KR 18-CL 8 95,14,1
4503410,18/12/2017,12:00:00,3,1,4.0,1.0,KR 87-CL 75 2,10,1
4503518,18/12/2017,18:30:00,2,1,4.0,10.0,CL 63-KR 80I 39,7,1
4503505,18/12/2017,20:20:00,3,1,4.0,11.0,KR 45-CL 188 2,1,1
4504477,19/12/2017,12:00:00,3,1,4.0,2.0,CL 50-KR 12A 2,18,1
4504382,20/12/2017,02:30:00,3,1,4.0,2.0,CL 26-KR 71 2,9,1
4503562,20/12/2017,11:00:00,3,1,4.0,6.0,KR 58-CL 9 83,15,1
4503569,20/12/2017,22:00:00,3,1,4.0,10.0,CL 51-KR 96A 54,10,1
4503679,20/12/2017,22:30:00,3,1,4.0,6.0,CL 168A-KR 53 52,11,1
4503548,20/12/2017,23:58:00,3,1,4.0,1.0,KR 5-CL 22 2,3,1
4503587,21/12/2017,02:50:00,3,1,4.0,6.0,AV AVENIDA CARACAS-CL 45 S 02,18,1
4503620,21/12/2017,07:10:00,2,1,4.0,4.0,AK 30-CL 71 40,12,1
4503694,21/12/2017,10:00:00,3,1,4.0,6.0,CL 23-KR 13 2,3,1
4503850,21/12/2017,10:55:00,2,1,4.0,2.0,KR 18L-CL 69P S 02,6,1
4503658,21/12/2017,15:00:00,3,1,4.0,2.0,CL 22K-KR 98A 2,9,1
4503689,21/12/2017,17:40:00,3,1,4.0,10.0,KR 20A-CL 6B 2,14,1
4503699,21/12/2017,18:08:00,3,1,4.0,2.0,CL 45A-KR 6A SE 2,4,1
4503646,21/12/2017,18:15:00,3,1,4.0,10.0,KR 80-DG 45 S 2,8,1
4503760,22/12/2017,08:21:00,2,1,4.0,2.0,AK 45-CL 128 2,1,1
4505724,22/12/2017,17:50:00,3,1,4.0,2.0,KR 101-CL 47C 2,11,1
4503913,22/12/2017,18:30:00,2,1,4.0,4.0,CL 80-KR 55B 02,12,1
4503988,23/12/2017,02:30:00,3,1,4.0,2.0,CL 142-KR 12B 02,1,1
4503923,23/12/2017,10:55:00,3,1,4.0,11.0,KR 27A-CL 74 28,12,1
4503987,23/12/2017,13:00:00,3,1,4.0,10.0,CL 5C-KR 71A 52,8,1
4503843,23/12/2017,23:00:00,2,1,4.0,1.0,KR 41B-CL 3 02,16,1
4504042,23/12/2017,23:08:00,3,1,4.0,6.0,KR 10A-CL 2F E 25,3,1
4504091,24/12/2017,00:05:00,3,1,4.0,2.0,KR 89A-CL 81 57,10,1
4504129,24/12/2017,05:15:00,3,1,4.0,2.0,CL 91-KR 3 S 25,5,1
4504072,24/12/2017,08:00:00,3,1,4.0,1.0,AC 6-KR 68 78,8,1
4504060,24/12/2017,08:25:00,3,1,4.0,1.0,KR 30-CL 71 26,12,1
4504007,25/12/2017,05:00:00,1,1,4.0,1.0,KR 4-CL 42A ES 02,4,1
4504048,25/12/2017,05:30:00,3,1,4.0,6.0,KR 87B-CL 38ABIS S 2,8,1
4504004,25/12/2017,18:31:00,1,1,4.0,3.0,AV AVENIDA CIRCUNVALAR-CL 68 02,1,1
4504163,26/12/2017,12:30:00,3,1,4.0,10.0,AV AVENIDA DE LAS AMERICAS-KR 78 34,8,1
4504350,27/12/2017,06:50:00,3,1,4.0,10.0,CL 75-KR 95 27,10,1
4504278,27/12/2017,12:00:00,3,1,4.0,6.0,CL 11A-KR 79A 2,8,1
4504359,28/12/2017,17:20:00,3,1,4.0,9.0,CL 175-KR 22 13,1,1
4504460,29/12/2017,09:00:00,3,1,4.0,2.0,CL 72-KR 73A 2,10,10
4504437,29/12/2017,19:05:00,2,1,4.0,6.0,CL 87-KR 7F 2,5,1
4504566,30/12/2017,09:50:00,3,1,4.0,1.0,CL 52-KR 13 70,2,1
4504608,30/12/2017,12:45:00,3,1,4.0,10.0,AV AVENIDA DE LAS AMERICAS-KR 60 2,16,10
4504494,30/12/2017,17:57:00,1,1,4.0,11.0,CL 26-KR 44A 29,13,1
4504537,30/12/2017,20:00:00,2,1,4.0,5.0,AV AVENIDA BOYACA-KR 24 02,6,1
4504516,31/12/2017,00:05:00,2,1,4.0,11.0,KR 30-CL 45 2,13,1
4504681,31/12/2017,07:45:00,3,1,4.0,10.0,KR 12-CL 84 2,2,1
4504652,31/12/2017,17:00:00,3,1,4.0,4.0,AC 145-KR 92 2,11,1
4504647,31/12/2017,17:30:00,3,1,4.0,10.0,KR 113-CL 26 2,9,1
4504540,31/12/2017,18:30:00,3,1,4.0,2.0,CL 92B-KR 14A S 2,5,2
4504696,01/01/2018,02:00:00,2,1,4.0,10.0,AC 80-KR 85 32,10,1
4504669,02/01/2018,04:00:00,3,1,4.0,2.0,KR 101A-CL 152A 2,11,2
4504742,02/01/2018,19:30:00,2,1,4.0,4.0,CL 11A-KR 86 2,8,3
4504719,03/01/2018,13:20:00,3,1,4.0,6.0,KR 25A-CL 44 2,18,1
4504718,03/01/2018,15:10:00,3,1,4.0,1.0,AC 152-KR 46 2,11,1
4504738,03/01/2018,18:30:00,3,1,4.0,10.0,CL 26-KR 113 81,9,1
4504804,04/01/2018,09:45:00,3,1,4.0,2.0,KR 14L-CL 73C S 2,5,1
4504790,04/01/2018,17:00:00,3,1,4.0,10.0,KR 21-CL 197 2,1,10
4504841,04/01/2018,17:30:00,3,1,4.0,11.0,CL 65-KR 78H S 54,7,10
4504974,05/01/2018,22:40:00,3,1,4.0,6.0,KR 80A-CL 71A 20,10,1
4504946,06/01/2018,09:00:00,3,1,4.0,2.0,CL 17F-KR 123A 39,9,1
4504937,06/01/2018,20:30:00,3,1,4.0,4.0,CL 133-KR 9 2,1,1
4504952,07/01/2018,01:30:00,3,1,4.0,5.0,CL 57B-KR 71B 2,7,2
4504889,07/01/2018,02:55:00,2,1,4.0,2.0,KR 94-CL 68 02,10,1
4504915,07/01/2018,22:53:00,2,1,4.0,11.0,AK 68-CL 25 2,13,1
4505082,08/01/2018,16:00:00,3,1,4.0,10.0,AV AVENIDA BOYACA-CL 55 2,10,1
4505019,08/01/2018,18:30:00,3,1,4.0,10.0,KR 4B-CL 33A S 40,4,1
4504987,09/01/2018,06:40:00,2,1,4.0,10.0,KR 87-CL 68A 2,10,1
4505122,09/01/2018,14:50:00,3,1,4.0,6.0,CL 107A-KR 7 61,1,1
4505026,09/01/2018,15:30:00,3,1,4.0,10.0,CL 87-KR 91 S 85,7,1
4505154,10/01/2018,09:00:00,3,1,4.0,2.0,CL 181C-KR 13 91,1,1
4505809,10/01/2018,13:50:00,3,1,4.0,10.0,CL 63-KR 72 2,19,1
4505634,10/01/2018,15:50:00,2,1,4.0,6.0,KR 15-CL 69 ES 2,4,2
4505208,10/01/2018,16:45:00,3,1,4.0,10.0,CL 72-KR 69B 11,10,1
4505195,11/01/2018,08:19:00,3,1,4.0,2.0,KR 5-CL 19 E 2,3,1
4505206,11/01/2018,14:00:00,3,1,4.0,8.0,CL 134-KR 55A 02,11,2
4505276,12/01/2018,13:00:00,3,1,4.0,6.0,AK 9-CL 182 2,1,1
4505307,13/01/2018,05:45:00,1,1,4.0,10.0,AV AVENIDA JORGE GAITAN CORTES-CL 58 S 20,6,1
4505407,13/01/2018,12:40:00,3,1,4.0,2.0,CL 87-KR 10 2,2,2
4505518,13/01/2018,21:36:00,3,1,4.0,1.0,CL 23C-KR 80B 9,9,10
4505430,14/01/2018,07:15:00,3,1,4.0,4.0,CL 34-KR 27 2,13,1
4505442,14/01/2018,15:15:00,3,1,4.0,1.0,CL 29A-KR 35 S 10,16,10
4505537,15/01/2018,12:30:00,3,1,4.0,4.0,KR 45-CL 127 02,1,1
4505613,16/01/2018,19:40:00,3,1,4.0,1.0,CL 86A-KR 14 20,2,1
4505714,17/01/2018,06:40:00,3,1,4.0,2.0,KR 6-CL 90D S 70,5,1
4505812,17/01/2018,22:00:00,3,1,4.0,10.0,AV AVENIDA BOYACA-AV AVENIDA DEL SUR 2,8,10
4505798,18/01/2018,15:00:00,3,1,4.0,10.0,KR 98A-CL 15A 2,9,1
4505894,19/01/2018,05:00:00,3,1,4.0,10.0,KR 123-CL 13D 38,9,1
4505899,19/01/2018,11:50:00,3,1,4.0,6.0,KR 4F-CL 53 S 40,4,1
4505960,19/01/2018,11:50:00,3,1,4.0,2.0,CL 128C-KR 15 2,11,1
4505940,19/01/2018,13:56:00,3,1,4.0,1.0,CL 128-KR 7B 02,1,1
4505893,19/01/2018,14:00:00,3,1,4.0,10.0,KR 17A-CL 100 02,1,1
4505895,19/01/2018,18:30:00,3,1,4.0,2.0,CL 36-KR 1A S 2,4,1
4505999,20/01/2018,06:00:00,3,1,4.0,1.0,DG 52A-KR 33 02,6,1
10479263,20/01/2018,20:50:00,1,1,4.0,1.0,KR 20-CL 71 S 05,19,1
4506072,21/01/2018,17:05:00,3,1,4.0,10.0,CL 54A-KR 37 S 81,6,10
4506075,21/01/2018,20:50:00,3,1,4.0,10.0,CL 189-KR 121A 2,9,1
4506115,22/01/2018,00:30:00,3,1,4.0,6.0,KR 74-CL 62H S 33,19,1
4506047,22/01/2018,08:00:00,2,1,4.0,8.0,CL 63-KR 103 2,10,1
4506123,22/01/2018,11:10:00,3,1,4.0,10.0,KR 18C-CL 1C 51,14,1
4506083,22/01/2018,11:40:00,3,1,4.0,10.0,KR 75-CL 23B 35,9,1
4506531,22/01/2018,20:30:00,3,1,4.0,10.0,CL 100-KR 13 2,1,1
10454994,23/01/2018,08:50:00,2,1,4.0,10.0,AV AVENIDA BOYACA-KR 35 2,6,1
4506128,23/01/2018,13:00:00,1,1,4.0,1.0,KR 9-CL 100 2,1,1
4506260,23/01/2018,14:30:00,3,1,4.0,1.0,CL 18A-KR 68D 02,9,1
4506307,24/01/2018,03:30:00,3,1,4.0,8.0,TR 85C-CL 23G 2,9,1
4506325,24/01/2018,05:10:00,3,1,4.0,8.0,KR 30-CL 78 2,12,1
4506621,25/01/2018,09:10:00,3,1,4.0,10.0,CL 17D-KR 120 2,9,1
4506471,25/01/2018,11:30:00,3,1,4.0,2.0,KR 36-CL 78 S 2,19,1
4506487,25/01/2018,13:00:00,3,1,4.0,10.0,KR 15-CL 122 2,1,1
4506412,26/01/2018,00:20:00,2,1,4.0,1.0,CL 128-KR 93 2,11,1
4506678,26/01/2018,15:00:00,3,1,4.0,3.0,AV AVENIDA PRIMERA DE MAYO-CL 51 2,16,1
4507227,29/01/2018,05:30:00,3,1,4.0,10.0,CL 53C-KR 87 S 2,7,10
4506893,30/01/2018,10:15:00,3,1,4.0,2.0,KR 154B-CL 138C 2,11,1
4506870,31/01/2018,01:30:00,2,1,4.0,2.0,CL 76A-KR 89A 36,10,1
4507023,31/01/2018,15:00:00,3,1,4.0,10.0,AV AVENIDA CENTENARIO-KR 90 70,9,10
4507082,31/01/2018,23:10:00,1,1,4.0,1.0,AK 30-CL 23 02,16,1
4506996,01/02/2018,04:30:00,2,1,4.0,2.0,KR 15-CL 95 02,2,2
4507118,01/02/2018,09:30:00,3,1,4.0,1.0,KR 25A-CL 22 S 15,4,1
4507152,01/02/2018,14:20:00,3,1,4.0,6.0,KR 13C-CL 72A ES 28,4,1
4507424,03/02/2018,01:50:00,3,1,4.0,1.0,AV AVENIDA BOYACA-CL 22 02,9,1
4507276,03/02/2018,03:04:00,2,1,4.0,2.0,KR 23-CL 125 2,1,1
4507411,03/02/2018,11:00:00,3,1,4.0,1.0,KR 115-CL 149B 10,11,1
4507293,03/02/2018,12:40:00,2,1,4.0,1.0,CL 100-KR 9 2,1,1
4507419,03/02/2018,15:05:00,2,1,4.0,2.0,CL 75-KR 34 S 2,19,1
4507248,04/02/2018,00:30:00,1,1,4.0,2.0,CL 163A-KR 15 36,1,1
4507462,04/02/2018,03:00:00,3,1,4.0,8.0,CL 61-KR 13 2,2,1
4507457,04/02/2018,16:06:00,3,1,4.0,2.0,KR 30-CL 71 2,13,1
4507566,05/02/2018,17:30:00,3,1,4.0,10.0,CL 13-KR 69F 2,9,10
4507609,06/02/2018,09:00:00,3,1,4.0,2.0,AV AVENIDA CIUDAD DE CALI-CL 13 91,8,1
4507633,06/02/2018,09:10:00,3,1,4.0,7.0,KR 6-CL 131 2,1,1
4507657,06/02/2018,11:40:00,3,1,4.0,3.0,CL 32-KR 15 66,13,1
4507720,06/02/2018,16:40:00,3,1,4.0,6.0,CL 66A-KR 87 2,10,1
4507865,07/02/2018,09:30:00,2,1,4.0,1.0,KR 6D-CL 88G 2,5,1
4507796,08/02/2018,10:30:00,2,1,4.0,6.0,CL 51A-KR 78G S 48,8,1
4508154,09/02/2018,12:50:00,3,1,4.0,10.0,KR 80-CL 2 51,8,10
4507893,09/02/2018,17:39:00,3,1,4.0,1.0,DG 67C-KR 18I S 33,19,1
4508185,10/02/2018,09:10:00,3,1,4.0,6.0,CL 48C-KR 11 E 02,4,1
4509089,10/02/2018,12:45:00,1,1,4.0,4.0,CL 61C-KR 30 2,12,8
4508148,10/02/2018,13:10:00,3,1,4.0,2.0,KR 70-CL 19 2,9,1
4508201,10/02/2018,13:10:00,3,1,4.0,1.0,TR 8C-DG 69BIS S 2,19,1
4508089,10/02/2018,17:30:00,3,1,4.0,1.0,KR 17F-CL 77 S 20,19,1
4508354,12/02/2018,20:56:00,3,1,4.0,1.0,CL 93-KR 10 26,2,1
4508275,13/02/2018,17:05:00,2,1,4.0,8.0,CL 72-KR 185 2,19,1
4508443,13/02/2018,23:50:00,3,1,4.0,6.0,AK 68-CL 9A 34,16,1
10451275,14/02/2018,04:50:00,3,1,4.0,2.0,KR 24-CL 20 S 2,15,1
4508440,14/02/2018,08:30:00,3,1,4.0,10.0,CL 42F-KR 72I S 76,8,10
4508476,14/02/2018,08:30:00,3,1,4.0,6.0,KR 3-CL 48R S 2,18,1
4508555,14/02/2018,17:40:00,2,1,4.0,6.0,CL 25-KR 68P S 63,8,1
4508465,14/02/2018,20:01:00,3,1,4.0,2.0,CL 5B-TR 43 2,16,1
4508575,15/02/2018,06:40:00,3,1,4.0,10.0,KR 93BBIS-CL 130A 38,11,1
4508490,15/02/2018,15:45:00,3,1,4.0,2.0,KR 79G-CL 42 S 2,8,1
4508752,16/02/2018,08:30:00,2,1,4.0,10.0,CL 66A-KR 83 02,10,1
4508937,16/02/2018,13:20:00,3,1,4.0,10.0,CL 22G-KR 116 75,9,1
4508617,17/02/2018,03:30:00,2,1,4.0,6.0,CL 174A-KR 49A 06,11,1
4508754,17/02/2018,11:50:00,2,1,4.0,4.0,CL 45-KR 30 2,13,1
4508878,17/02/2018,21:25:00,3,1,4.0,10.0,KR 73A-CL 75 7,10,1
4508815,18/02/2018,02:30:00,2,1,4.0,11.0,CL 57-KR 72D S 2,7,1
4508996,18/02/2018,05:50:00,3,1,4.0,10.0,KR 111A-CL 151D 2,11,1
4508814,18/02/2018,08:00:00,1,1,4.0,1.0,AV AVENIDA DEL SUR-KR 68 02,16,1
4508949,18/02/2018,09:20:00,3,1,4.0,1.0,CL 63B-KR 27A 02,12,1
4508988,18/02/2018,11:00:00,3,1,4.0,10.0,KR 95A-CL 136 42,11,10
4508780,18/02/2018,11:30:00,2,1,4.0,1.0,AV AVENIDA BOYACA-CL 2 36,8,1
4509357,19/02/2018,10:20:00,3,1,4.0,10.0,CL 140-KR 7B 2,1,1
4508992,19/02/2018,14:30:00,3,1,4.0,8.0,AV AVENIDA DE LAS AMERICAS-KR 48 02,16,1
4508927,19/02/2018,19:00:00,3,1,4.0,10.0,CL 20-KR 82 52,9,10
10454873,19/02/2018,20:15:00,3,1,4.0,10.0,KR 17-CL 55 S 2,6,1
4509132,20/02/2018,09:00:00,3,1,4.0,10.0,DG 38-TR 81D 2,8,1
4509084,20/02/2018,12:30:00,3,1,4.0,2.0,CL 74-KR 57A 2,12,2
4509106,20/02/2018,14:00:00,3,1,4.0,2.0,CL 31-KR 3 02,3,1
4509154,21/02/2018,00:30:00,3,1,4.0,2.0,CL 132D-KR 147 2,11,1
4509170,21/02/2018,12:15:00,3,1,4.0,6.0,CL 143-KR 127A 2,11,1
4509209,21/02/2018,20:46:00,2,1,4.0,8.0,AK 45-CL 170 2,1,1
4509214,21/02/2018,22:30:00,2,1,4.0,2.0,KR 100-CL 19 2,9,1
4509567,22/02/2018,01:00:00,3,1,4.0,1.0,AV AVENIDA SUBA-CL 138 21,11,1
4509384,22/02/2018,01:50:00,2,1,4.0,2.0,CL 43-KR 82B S 2,1,1
4509326,22/02/2018,10:20:00,3,1,4.0,2.0,CL 48XBIS-KR 1 S 2,18,1
4509388,22/02/2018,18:45:00,2,1,4.0,10.0,CL 80-KR 78G S 85,7,1
4509412,23/02/2018,11:30:00,3,1,4.0,10.0,CL 1-KR 11 S 02,16,1
4509581,23/02/2018,16:00:00,3,1,4.0,2.0,CL 56-KR 81A S 02,8,1
4509572,23/02/2018,20:05:00,3,1,4.0,10.0,CL 13-KR 69 30,9,1
4509701,24/02/2018,00:55:00,3,1,4.0,2.0,AV AVENIDA BOYACA-CL 26 S 02,8,1
4509594,24/02/2018,02:40:00,3,1,4.0,2.0,AK 68-CL 23 2,13,1
4509662,24/02/2018,04:15:00,2,1,4.0,2.0,AV AVENIDA CIUDAD DE CALI-CL 8A 02,8,1
4509627,24/02/2018,09:52:00,3,1,4.0,4.0,AV AVENIDA CIRCUNVALAR-CL 18 02,3,1
4509664,26/02/2018,05:50:00,2,1,4.0,1.0,KR 6-CL 12 48,4,1
4509896,26/02/2018,07:30:00,3,1,4.0,8.0,CL 100-KR 13 2,1,1
4509800,26/02/2018,13:10:00,3,1,4.0,8.0,AC 129-KR 53 26,11,1
4510009,26/02/2018,19:10:00,3,1,4.0,10.0,CL 64-KR 114 10,10,1
4509874,27/02/2018,11:50:00,3,1,4.0,4.0,AV AVENIDA BOYACA-KR 33A 02,19,1
4509919,28/02/2018,04:30:00,3,1,4.0,2.0,CL 1-KR 116 2,5,1
4510002,28/02/2018,09:00:00,3,1,4.0,10.0,CL 80-KR 119 51,10,1
4510016,28/02/2018,16:00:00,3,1,4.0,2.0,DG 76-KR 3 39,2,1
4510136,28/02/2018,22:40:00,3,1,4.0,10.0,AC 3-KR 34 83,16,10
4510061,01/03/2018,00:10:00,3,1,4.0,8.0,CL 24-KR 69B 2,9,1
4510078,01/03/2018,10:35:00,3,1,4.0,2.0,CL 81C-KR 7BIS SE 02,5,1
4510140,01/03/2018,11:00:00,3,1,4.0,1.0,CL 59C-KR 49 S 29,19,1
4510065,01/03/2018,15:00:00,3,1,4.0,2.0,CL 6A-KR 25A 5,14,2
4510343,02/03/2018,01:20:00,2,1,4.0,5.0,CL 27A-KR 10C S 02,18,2
4510049,02/03/2018,04:00:00,3,1,4.0,2.0,CL 151-KR 91 2,11,1
4510607,02/03/2018,11:30:00,3,1,4.0,2.0,CL 64C-KR 74A 2,10,1
4510327,03/03/2018,11:30:00,2,1,4.0,6.0,CL 7A-KR 5 S 33,18,1
4510477,03/03/2018,16:00:00,3,1,4.0,2.0,CL 129F-KR 86A 2,11,1
4510347,03/03/2018,21:45:00,3,1,4.0,9.0,AC 80-KR 114 46,10,1
4510255,04/03/2018,06:10:00,1,1,4.0,8.0,AK 86-CL 72B 2,10,1
4510408,04/03/2018,12:10:00,3,1,4.0,1.0,CL 86-KR 69 02,11,1
4510400,04/03/2018,14:50:00,3,1,4.0,2.0,CL 26-KR 38A 02,13,1
4510393,04/03/2018,17:20:00,3,1,4.0,7.0,CL 85-KR 16A 2,2,1
4510603,04/03/2018,20:10:00,3,1,4.0,10.0,KR 80-CL 2 39,8,1
4510626,04/03/2018,20:40:00,3,1,4.0,10.0,DG 34A-KR 81 S 2,8,1
4510485,04/03/2018,22:15:00,3,1,4.0,6.0,CL 41-KR 99A S 17,8,1
4510656,05/03/2018,16:20:00,3,1,4.0,4.0,AV AVENIDA CIRCUNVALAR-CL 12 2,17,1
4510583,06/03/2018,04:30:00,2,1,4.0,10.0,AV AVENIDA BOYACA-CL 44B S 66,8,1
4510774,06/03/2018,09:00:00,3,1,4.0,1.0,KR 5-CL 6B 50,17,5
4510689,06/03/2018,10:00:00,3,1,4.0,5.0,CL 94-KR 9 2,2,1
4510683,06/03/2018,10:30:00,3,1,4.0,6.0,KR 19-CL 184 13,1,1
4510733,07/03/2018,06:50:00,3,1,4.0,2.0,CL 65C-KR 1 02,2,1
4510757,07/03/2018,14:40:00,3,1,4.0,11.0,KR 11-CL 123 02,1,1
4510729,07/03/2018,21:45:00,2,1,4.0,10.0,CL 75-KR 71D 31,10,1
4510882,08/03/2018,08:50:00,3,1,4.0,6.0,KR 3C-CL 36H ES 44,4,1
4510935,08/03/2018,11:30:00,3,1,4.0,2.0,TR 36-CL 78C S 2,19,1
4510926,08/03/2018,16:15:00,3,1,4.0,10.0,CL 71F-KR 14 S 2,5,1
4511021,09/03/2018,02:25:00,3,1,4.0,8.0,CL 13-KR 86 2,9,1
4511269,10/03/2018,12:10:00,3,1,4.0,10.0,KR 80-DG 2 02,1,1
4511414,10/03/2018,16:40:00,3,1,4.0,10.0,CL 85-KR 13 28,2,1
4511233,10/03/2018,17:50:00,3,1,4.0,6.0,KR 6BIS-CL 148 25,1,1
4511417,10/03/2018,19:30:00,3,1,4.0,10.0,CL 50-KR 7 2,18,1
4511492,12/03/2018,10:00:00,3,1,4.0,6.0,KR 10B-CL 36D ES 2,4,1
4511519,12/03/2018,11:00:00,3,1,4.0,10.0,KR 108-CL 22I 2,9,1
4511489,12/03/2018,12:10:00,3,1,4.0,10.0,CL 64-KR 10 SE 2,4,1
4511242,12/03/2018,21:30:00,2,1,4.0,2.0,KR 4-CL 58BIS 40,2,1
4511629,13/03/2018,10:15:00,3,1,4.0,8.0,AC 26-KR 113 2,9,1
4511525,13/03/2018,17:05:00,3,1,4.0,2.0,CL 63A-KR 86 2,7,1
4511638,14/03/2018,09:30:00,3,1,4.0,8.0,CL 26-KR 102 02,9,1
4511541,14/03/2018,10:30:00,2,1,4.0,2.0,AV AVENIDA BOYACA-CL 64 02,6,1
4511744,14/03/2018,14:30:00,3,1,4.0,10.0,KR 19-CL 63 2,12,1
4514944,15/03/2018,00:15:00,3,1,4.0,1.0,KR 82B-CL 64 S 02,7,1
4511739,15/03/2018,14:50:00,3,1,4.0,1.0,CL 100-KR 11B 2,1,1
4511649,15/03/2018,15:00:00,3,1,4.0,2.0,CL 91C-KR 18H S 56,19,1
4512110,16/03/2018,04:10:00,3,1,4.0,2.0,CL 22-KR 16 2,14,1
4511871,16/03/2018,16:20:00,2,1,4.0,1.0,KR 19-CL 102 2,1,1
4512234,16/03/2018,22:30:00,3,1,4.0,5.0,AV AVENIDA PRIMERA DE MAYO-CL 19B 65,15,1
4511850,17/03/2018,01:05:00,2,1,4.0,2.0,KR 90-CL 154A 02,11,1
4511965,17/03/2018,04:20:00,3,1,4.0,2.0,KR 19C-CL 54 S 2,6,1
4512338,17/03/2018,16:20:00,3,1,4.0,1.0,KR 45-CL 116 02,1,1
4512211,18/03/2018,00:06:00,3,1,4.0,6.0,KR 34C-CL 73F S 59,7,1
4512099,19/03/2018,19:27:00,3,1,4.0,3.0,KR 24C-CL 47 2,6,1
4512239,20/03/2018,02:00:00,3,1,4.0,6.0,CL 146F-KR 73 08,11,1
4512326,21/03/2018,03:35:00,3,1,4.0,10.0,KR 18L-DG 68A S 02,19,1
4512128,21/03/2018,03:51:00,2,1,4.0,2.0,AK 45-CL 95 2,1,1
4512427,21/03/2018,09:20:00,3,1,4.0,10.0,KR 80-CL 2 51,8,1
4512121,21/03/2018,10:10:00,2,1,4.0,10.0,KR 95B-CL 139 48,11,1
4512604,21/03/2018,10:45:00,3,1,4.0,4.0,CL 22C-KR 68F 02,9,1
4512324,21/03/2018,14:00:00,3,1,4.0,11.0,CL 47B-KR 24 02,6,1
4512610,21/03/2018,16:25:00,3,1,4.0,7.0,CL 22-KR 68F 02,9,1
4512874,22/03/2018,08:50:00,3,1,4.0,3.0,CL 26-KR 57 41,13,1
4512435,22/03/2018,09:00:00,3,1,4.0,10.0,CL 2B-KR 38A 02,16,1
4512572,22/03/2018,21:15:00,3,1,4.0,2.0,AV AVENIDA BOYACA-CL 127B 2,11,1
4512587,23/03/2018,02:30:00,3,1,4.0,6.0,KR 7-CL 110 S 26,5,1
4512823,23/03/2018,14:00:00,3,1,4.0,1.0,KR 94A-CL 42B S 67,8,1
4512804,24/03/2018,05:10:00,3,1,4.0,3.0,CL 3-KR 50 2,16,1
4512653,24/03/2018,15:30:00,1,1,4.0,2.0,AK 70-CL 68 12,10,1
4512774,25/03/2018,04:50:00,3,1,4.0,8.0,DG 79A-KR 72 51,10,1
4512966,26/03/2018,14:00:00,2,1,4.0,8.0,AC 26-KR 75 2,9,1
4513039,27/03/2018,05:45:00,3,1,4.0,2.0,CL 41B-KR 14A SE 60,4,1
4513066,27/03/2018,06:35:00,2,1,4.0,1.0,CL 49A-KR 5 S 41,18,1
4512988,27/03/2018,06:50:00,3,1,4.0,3.0,CL 134-KR 59 02,11,1
4513240,27/03/2018,07:30:00,3,1,4.0,6.0,KR 100A-CL 73 34,10,1
4513023,27/03/2018,12:30:00,3,1,4.0,4.0,KR 4A-CL 54B 12,5,1
4513008,27/03/2018,13:20:00,3,1,4.0,2.0,AC 26-KR 62 47,13,1
4513087,27/03/2018,22:30:00,2,1,4.0,2.0,KR 45-CL 209 02,11,1
4513310,28/03/2018,07:20:00,3,1,4.0,2.0,KR 76-CL 58 16,19,1
4513369,28/03/2018,07:40:00,3,1,4.0,10.0,CL 2A-KR 70 29,9,1
4513217,28/03/2018,08:35:00,3,1,4.0,2.0,AV AVENIDA JIMENEZ DE QUESADA-KR 6 2,17,1
4513201,29/03/2018,06:00:00,2,1,4.0,1.0,KR 72-CL 8 02,8,1
4513384,29/03/2018,08:00:00,3,1,4.0,2.0,CL 68BIS-KR 80H 70,7,1
4513068,29/03/2018,16:40:00,1,1,4.0,1.0,AV AVENIDA DE LAS AMERICAS-KR 70B 58,8,1
4513325,29/03/2018,21:30:00,3,1,4.0,1.0,AK 45-CL 133 02,1,1
4513412,30/03/2018,04:10:00,3,1,4.0,1.0,KR 1A-CL 19 27,17,1
4513408,30/03/2018,09:30:00,3,1,4.0,2.0,KR 73B-CL 2A 32,8,1
4513427,30/03/2018,20:00:00,3,1,4.0,8.0,CL 24-KR 18 91,3,1
4513466,30/03/2018,20:41:00,3,1,4.0,2.0,KR 105A-CL 130F 16,11,1
4513502,31/03/2018,03:20:00,3,1,4.0,8.0,KR 30-CL 25 02,16,1
4513487,31/03/2018,06:35:00,3,1,4.0,1.0,CL 71-KR 27B 02,12,1
4513639,01/04/2018,00:05:00,3,1,4.0,2.0,CL 15-KR 71 29,2,1
4513637,01/04/2018,04:00:00,3,1,4.0,1.0,KR 27-CL 70 66,12,1
4513391,01/04/2018,17:30:00,3,1,4.0,2.0,TR 72BIS-CL 44B 02,8,1
4513263,02/04/2018,03:10:00,2,1,4.0,2.0,CL 42-KR 13D S 22,18,1
4513274,02/04/2018,09:00:00,2,1,4.0,9.0,CL 25-KR 35 39,13,1
4513425,02/04/2018,11:12:00,2,1,4.0,1.0,CL 63F-KR 18BIS S 02,19,1
4513419,02/04/2018,16:59:00,3,1,4.0,2.0,DG 103-KR 2B 17,1,1
4513401,03/04/2018,00:12:00,3,1,4.0,2.0,CL 24-KR 18 89,14,1
4513512,03/04/2018,20:30:00,3,1,4.0,2.0,TR 72A-CL 45 S 2,8,1
10446729,04/04/2018,07:30:00,3,1,4.0,11.0,AV AVENIDA BOYACA-CL 26 2,6,1
4513776,04/04/2018,12:30:00,3,1,4.0,6.0,CL 42-KR 13B SE 32,4,1
4513678,04/04/2018,12:36:00,3,1,4.0,6.0,KR 28-CL 11 68,14,1
4513688,04/04/2018,16:00:00,3,1,4.0,2.0,CL 132-KR 145A 2,11,1
4513671,04/04/2018,16:15:00,3,1,4.0,1.0,AV AVENIDA DEL SUR-KR 67 02,7,1
4513934,05/04/2018,01:10:00,3,1,4.0,2.0,AV AVENIDA CIRCUNVALAR-CL 45 02,2,1
4513810,05/04/2018,10:00:00,3,1,4.0,2.0,KR 100B-CL 75A 20,10,1
4513816,05/04/2018,15:10:00,3,1,4.0,2.0,KR 30-CL 48 2,13,1
4513979,06/04/2018,10:00:00,3,1,4.0,6.0,TR 100A-CL 80A 20,10,1
4514031,07/04/2018,08:00:00,3,1,4.0,1.0,KR 51-CL 106 67,11,1
4514129,07/04/2018,17:40:00,3,1,4.0,6.0,CL 1D-KR 8 E 19,3,1
4514024,07/04/2018,19:00:00,2,1,4.0,1.0,AV AVENIDA CIUDAD DE CALI-KR 71A S 02,7,1
4513929,07/04/2018,21:00:00,2,1,4.0,10.0,KR 28-CL 74 02,12,1
4514193,08/04/2018,01:25:00,2,1,4.0,2.0,KR 7-CL 220 02,1,1
4514065,08/04/2018,18:00:00,2,1,4.0,7.0,DG 86-KR 111A 2,10,1
4514229,09/04/2018,09:20:00,3,1,4.0,3.0,KR 11-CL 87 02,2,1
4514152,09/04/2018,10:50:00,3,1,4.0,2.0,KR 10H-CL 28 ES 42,4,1
4514230,09/04/2018,12:00:00,2,1,4.0,2.0,KR 56-CL 2B 02,16,1
4514148,09/04/2018,13:00:00,3,1,4.0,2.0,DG 32H-KR 12I S 07,18,1
4514213,09/04/2018,16:50:00,3,1,4.0,10.0,CL 93A-KR 19 39,2,1
4514324,10/04/2018,05:30:00,3,1,4.0,2.0,CL 69I-KR 46B S 77,19,1
4514307,10/04/2018,06:00:00,3,1,4.0,1.0,TR 96-CL 66A 38,10,1
4514297,10/04/2018,08:40:00,3,1,4.0,3.0,CL 150A-KR 7F 23,1,1
4514322,10/04/2018,16:15:00,3,1,4.0,5.0,KR 72-CL 37 S 2,8,2
4514349,10/04/2018,19:00:00,3,1,4.0,6.0,CL 43B-KR 1F SE 02,4,1
4514326,10/04/2018,20:30:00,3,1,4.0,1.0,KR 68-CL 2C 30,16,1
4514247,10/04/2018,20:50:00,2,1,4.0,11.0,KR 30-CL 8 S 02,16,1
4514448,11/04/2018,03:30:00,3,1,4.0,11.0,CL 71-KR 21 02,12,1
4514573,11/04/2018,11:00:00,3,1,4.0,2.0,CL 127D-KR 95A 7,11,1
4514530,12/04/2018,00:50:00,3,1,4.0,2.0,KR 78GBIS-CL 65GBISA S 2,7,1
4514580,12/04/2018,01:22:00,3,1,4.0,10.0,KR 91-CL 94 2,10,10
4514486,12/04/2018,04:30:00,3,1,4.0,2.0,KR 100-CL 25 02,9,1
4514581,12/04/2018,13:50:00,3,1,4.0,10.0,CL 17A-KR 69B 2,9,1
4514612,13/04/2018,05:30:00,2,1,4.0,10.0,AV AVENIDA CARACAS-CL 28B 07,18,1
4514643,13/04/2018,05:55:00,2,1,4.0,7.0,CL 68C-KR 42A S 2,19,1
4514635,13/04/2018,10:30:00,2,1,4.0,10.0,AV AVENIDA DEL SUR-CL 30 2,16,1
4514637,13/04/2018,20:06:00,2,1,4.0,10.0,CL 39-KR 68B S 2,8,1
4514651,13/04/2018,21:30:00,3,1,4.0,1.0,CL 19-KR 30 02,16,1
4514633,13/04/2018,23:50:00,2,1,4.0,10.0,AV AVENIDA DE LAS AMERICAS-KR 65 2,16,1
4514799,14/04/2018,02:31:00,2,1,4.0,4.0,KR 13-CL 36 02,3,1
4515611,14/04/2018,02:45:00,2,1,4.0,11.0,AK 9-CL 119 10,1,1
4514901,14/04/2018,11:03:00,3,1,4.0,8.0,KR 109-CL 151B 02,11,1
4514759,14/04/2018,11:40:00,2,1,4.0,10.0,CL 2-KR 87 98,8,1
4514765,14/04/2018,14:15:00,2,1,4.0,8.0,CL 100-KR 49 87,12,1
4514822,14/04/2018,17:45:00,3,1,4.0,8.0,CL 22-KR 69F 02,9,1
4514811,14/04/2018,18:40:00,3,1,4.0,10.0,KR 21-CL 9A 31,14,1
4514871,15/04/2018,13:40:00,2,1,4.0,10.0,CL 131C-KR 90 2,11,1
4514943,15/04/2018,13:45:00,3,1,4.0,2.0,CL 30-KR 1 SE 02,4,1
4514968,16/04/2018,04:25:00,3,1,4.0,4.0,AC 30-KR 49A 72,13,1
4515097,16/04/2018,05:30:00,2,1,4.0,4.0,AK 30-CL 60 63,12,1
4514843,16/04/2018,05:45:00,1,1,4.0,1.0,CL 68-KR 68 02,10,1
4514956,16/04/2018,16:00:00,3,1,4.0,10.0,CL 102A-KR 70B 86,11,1
4515077,16/04/2018,17:00:00,3,1,4.0,2.0,CL 27-KR 18C S 02,18,1
4515074,16/04/2018,17:30:00,2,1,4.0,1.0,KR 30-CL 13 02,15,1
4515072,16/04/2018,17:40:00,3,1,4.0,4.0,KR 72-CL 19 02,9,1
4515101,17/04/2018,05:30:00,3,1,4.0,10.0,AV AVENIDA DEL SUR-CL 75B 47,7,1
4515002,17/04/2018,21:00:00,2,1,4.0,2.0,KR 13-CL 47 2,2,1
4515146,17/04/2018,23:40:00,1,1,4.0,10.0,DG 61-KR 22 04,19,1
4515330,18/04/2018,14:10:00,2,1,4.0,9.0,KR 59-CL 132 35,11,1
4515323,18/04/2018,17:32:00,2,1,4.0,2.0,KR 7-CL 181A 02,1,1
4515272,18/04/2018,23:10:00,3,1,4.0,10.0,KR 45-CL 145 15,1,1
4515344,19/04/2018,08:00:00,3,1,4.0,2.0,CL 16-KR 51 2,16,1
4515326,19/04/2018,20:50:00,3,1,4.0,2.0,CL 35D-KR 68L 2,8,1
4515369,20/04/2018,02:05:00,3,1,4.0,3.0,TR 94L-CL 80 53,10,1
4515616,20/04/2018,03:12:00,3,1,4.0,1.0,CL 10-KR 80F 40,8,1
4515425,20/04/2018,09:15:00,2,1,4.0,10.0,KR 71-CL 62A S 25,19,1
4515516,20/04/2018,11:30:00,2,1,4.0,1.0,KR 24-CL 28 S 02,18,1
4515555,20/04/2018,14:20:00,3,1,4.0,2.0,KR 3B-CL 36C S 02,4,1
4515564,20/04/2018,19:50:00,3,1,4.0,10.0,CL 10-KR 38 2,16,1
4515535,21/04/2018,02:05:00,3,1,4.0,6.0,KR 65-CL 166A 01,11,1
4515518,21/04/2018,21:20:00,2,1,4.0,10.0,KR 99-CL 16J 2,9,1
4515577,22/04/2018,06:45:00,3,1,4.0,6.0,KR 96H-CL 17 02,9,1
4515585,22/04/2018,14:00:00,3,1,4.0,10.0,CL 66A-KR 73 41,10,1
4515766,23/04/2018,20:23:00,3,1,4.0,2.0,KR 69F-CL 18A 02,9,1
4515969,24/04/2018,04:00:00,3,1,4.0,2.0,KR 78K-CL 6 02,8,1
4516003,24/04/2018,12:00:00,2,1,4.0,3.0,CL 24-KR 68 02,9,1
4515852,24/04/2018,16:30:00,3,1,4.0,1.0,KR 8-CL 160A 02,1,1
4516005,25/04/2018,13:57:00,3,1,4.0,10.0,CL 12C-KR 5 14,3,1
4516094,25/04/2018,19:30:00,3,1,4.0,2.0,KR 18HBIS-CL 69 S 02,19,1
4515941,25/04/2018,20:40:00,2,1,4.0,2.0,CL 46A-KR 3BIS SE 02,4,1
4516100,25/04/2018,23:45:00,3,1,4.0,2.0,CL 26-KR 36 2,13,1
4516176,26/04/2018,02:10:00,2,1,4.0,1.0,CL 80-KR 69H 02,10,1
4516175,26/04/2018,03:00:00,2,1,4.0,4.0,AV AVENIDA PRIMERA DE MAYO-TR 35 02,16,2
4516138,26/04/2018,06:15:00,3,1,4.0,5.0,CL 170-KR 92 02,11,1
4516040,26/04/2018,07:54:00,3,1,4.0,1.0,KR 65-CL 11 50,16,1
4516154,26/04/2018,13:20:00,3,1,4.0,10.0,KR 99-CL 25F 02,9,1
4516155,26/04/2018,22:00:00,3,1,4.0,10.0,KR 128-CL 22G 02,9,1
4516201,27/04/2018,03:15:00,3,1,4.0,2.0,AC 26-KR 68D 02,10,1
4516443,27/04/2018,05:35:00,3,1,4.0,10.0,KR 106A-CL 70C 02,10,1
4516220,27/04/2018,11:20:00,3,1,4.0,1.0,KR 11-CL 76 61,2,1
4516308,28/04/2018,01:30:00,3,1,4.0,11.0,KR 55A-CL 165 27,11,1
4516298,28/04/2018,04:40:00,2,1,4.0,1.0,KR 68-CL 53 02,12,1
10446674,28/04/2018,04:58:00,1,1,4.0,1.0,CL 130F-KR 94 02,11,1
4516405,28/04/2018,14:13:00,3,1,4.0,4.0,CL 145-KR 96 2,11,1
4516270,28/04/2018,14:23:00,2,1,4.0,10.0,KR 74A-CL 63 92,10,1
4516265,28/04/2018,17:20:00,2,1,4.0,10.0,KR 86-CL 146 78,11,1
4516394,29/04/2018,12:55:00,3,1,4.0,10.0,CL 19-KR 109 2,9,1
4516409,29/04/2018,13:30:00,2,1,4.0,3.0,CL 115-KR 6C E 02,5,1
4516524,30/04/2018,11:50:00,3,1,4.0,2.0,TR 12B-CL 49 ES 07,4,1
4516894,30/04/2018,12:23:00,3,1,4.0,3.0,CL 82-KR 102C 2,10,1
4516601,30/04/2018,15:40:00,3,1,4.0,10.0,KR 86-CL 13C 31,8,1
4516470,01/05/2018,03:50:00,2,1,4.0,10.0,KR 50A-CL 55A S 02,16,1
4516530,01/05/2018,12:29:00,3,1,4.0,6.0,CL 45D-KR 4 SE 54,4,1
4516665,01/05/2018,15:25:00,3,1,4.0,6.0,CL 81-KR 89A 22,10,1
4516578,02/05/2018,01:20:00,1,1,4.0,2.0,CL 170-KR 80 02,11,1
4516667,02/05/2018,12:50:00,3,1,4.0,10.0,CL 130-KR 126 2,11,1
10446762,02/05/2018,20:00:00,3,1,4.0,2.0,KR 3-CL 41 ES 2,4,1
10446790,03/05/2018,02:00:00,3,1,4.0,11.0,KR 30-CL 6 2,13,1
4516838,03/05/2018,09:30:00,3,1,4.0,2.0,CL 53B-KR 32 02,6,2
4516901,03/05/2018,16:45:00,3,1,4.0,6.0,CL 19-KR 8 48,3,1
10446679,03/05/2018,23:00:00,2,1,4.0,8.0,CL 49A-KR 5A S 2,18,1
10448081,04/05/2018,10:45:00,3,1,4.0,2.0,AV AVENIDA CIUDAD DE VILLAVICENCIO-KR 88B 02,8,1
10446741,04/05/2018,21:50:00,2,1,4.0,3.0,KR 50-CL 26 2,13,1
10447070,05/05/2018,06:10:00,3,1,4.0,2.0,CL 94A-KR 14BBIS S 02,5,1
10446904,05/05/2018,07:30:00,3,1,4.0,1.0,CL 89C-KR 20 S 17,5,1
10446695,06/05/2018,04:00:00,2,1,4.0,4.0,KR 10-CL 6 02,3,1
10447145,06/05/2018,05:00:00,3,1,4.0,5.0,TR 5D-CL 48P 02,18,1
10446903,06/05/2018,05:50:00,3,1,4.0,2.0,AV AVENIDA CARACAS-CL 42 65,13,1
10447133,06/05/2018,09:40:00,3,1,4.0,4.0,KR 7-CL 79 46,2,1
10447055,06/05/2018,16:11:00,3,1,4.0,6.0,KR 87L-CL 61A S 21,7,10
10447143,06/05/2018,18:00:00,3,1,4.0,1.0,TR 1-CL 56 02,2,1
10446886,06/05/2018,21:30:00,3,1,4.0,4.0,CL 119A-KR 58 99,11,1
10447244,07/05/2018,06:20:00,3,1,4.0,2.0,KR 10-CL 48HBIS S 02,18,1
10447230,07/05/2018,17:00:00,3,1,4.0,2.0,KR 45-CL 134 02,1,1
10447221,07/05/2018,18:30:00,3,1,4.0,1.0,CL 46GBIS-KR 13A SE 16,4,1
10447021,08/05/2018,17:40:00,2,1,4.0,10.0,CL 42-KR 93I 03,8,2
10447417,09/05/2018,07:50:00,3,1,4.0,10.0,CL 74-KR 86 40,10,2
10447371,09/05/2018,09:00:00,3,1,4.0,10.0,CL 49-KR 1C E 07,18,1
10447212,09/05/2018,10:00:00,2,1,4.0,2.0,KR 69P-CL 75 02,10,1
10447328,09/05/2018,14:00:00,3,1,4.0,2.0,KR 80GBIS-CL 42A 2,8,1
10447168,09/05/2018,18:45:00,2,1,4.0,5.0,CL 57B-KR 71B 2,7,1
10447919,10/05/2018,13:15:00,3,1,4.0,1.0,KR 103-CL 74 S 74,7,1
10447268,10/05/2018,18:00:00,2,1,4.0,11.0,KR 80G-CL 02 S 2,8,1
10479251,10/05/2018,20:03:00,1,1,4.0,1.0,CL 51-KR 6A S 11,6,1
10447693,11/05/2018,01:20:00,3,1,4.0,2.0,KR 79-CL 40 S 02,8,1
10447625,11/05/2018,02:05:00,3,1,4.0,2.0,AC 26-KR 70C 2,9,1
10447672,11/05/2018,11:40:00,3,1,4.0,4.0,KR 11-CL 93 29,2,10
10447678,11/05/2018,16:30:00,3,1,4.0,2.0,CL 195-KR 22 02,1,1
10447517,11/05/2018,17:12:00,2,1,4.0,10.0,CL 71B-KR 96 02,10,1
10447783,11/05/2018,19:15:00,3,1,4.0,8.0,AC 80-KR 69Q 50,10,1
10447770,12/05/2018,03:00:00,3,1,4.0,6.0,CL 147-KR 13 67,1,1
10453702,12/05/2018,04:50:00,3,1,4.0,1.0,AK 45-CL 100 2,1,1
10447492,12/05/2018,06:00:00,2,1,4.0,1.0,AC 80-KR 29 16,12,1
10447912,12/05/2018,18:45:00,3,1,4.0,10.0,KR 11-CL 89A 25,10,1
10448075,13/05/2018,04:05:00,3,1,4.0,2.0,KR 78F-CL 41B S 2,8,1
10448025,13/05/2018,14:10:00,3,1,4.0,2.0,KR 45-CL 127BBIS 2,1,1
10447508,13/05/2018,23:40:00,2,1,4.0,11.0,KR 30-CL 6 02,14,1
10448083,14/05/2018,02:41:00,3,1,4.0,1.0,CL 40G-KR 78D S 09,8,1
10447489,14/05/2018,07:02:00,2,1,4.0,4.0,AV AVENIDA SUBA-AV AVENIDA BOYACA 02,11,1
10448063,14/05/2018,15:00:00,3,1,4.0,6.0,CL 51-KR 15 53,13,1
10447474,14/05/2018,22:30:00,2,1,4.0,10.0,CL 40A-KR 79 S 52,8,1
10447665,15/05/2018,07:20:00,2,1,4.0,10.0,KR 88D-CL 6D 27,8,1
10448001,15/05/2018,17:10:00,3,1,4.0,2.0,KR 80-CL 73 S 02,7,1
10448413,15/05/2018,18:49:00,3,1,4.0,2.0,CL 45A-KR 50A 91,6,1
10447895,15/05/2018,21:00:00,3,1,4.0,1.0,CL 131C-KR 88B 24,11,1
10448011,17/05/2018,05:00:00,3,1,4.0,2.0,KR 12B-CL 73D S 28,5,1
10448476,17/05/2018,16:20:00,3,1,4.0,1.0,KR 49-CL 98A 02,12,1
10448250,18/05/2018,14:00:00,3,1,4.0,10.0,KR 69M-CL 71 2,10,1
10449419,18/05/2018,21:00:00,3,1,4.0,6.0,CL 64-KR 18D 2,19,1
10448246,19/05/2018,01:43:00,2,1,4.0,1.0,KR 30-DG 32 S 02,15,1
10448345,19/05/2018,03:20:00,3,1,4.0,1.0,KR 111C-CL 64D 40,10,1
10448547,19/05/2018,10:30:00,3,1,4.0,10.0,KR 27-CL 12B 32,14,1
10448467,19/05/2018,22:00:00,3,1,4.0,11.0,CL 116-KR 50 2,11,2
10448327,19/05/2018,23:42:00,3,1,4.0,2.0,KR 76-CL 159C 1,1,1
10448369,20/05/2018,02:20:00,3,1,4.0,1.0,KR 59A-CL 138 2,11,1
10448219,20/05/2018,02:50:00,2,1,4.0,1.0,CL 24B-KR 68A 42,9,1
10448498,20/05/2018,13:00:00,2,1,4.0,8.0,KR 71G-CL 62C S 37,19,1
10448461,20/05/2018,15:50:00,3,1,4.0,2.0,CL 72-KR 7 2,2,1
10448496,20/05/2018,17:16:00,3,1,4.0,1.0,KR 18A-DG 81BISA S 02,19,1
10448493,21/05/2018,11:00:00,3,1,4.0,2.0,KR 71-CL 19 02,9,1
10448532,21/05/2018,11:02:00,3,1,4.0,2.0,KR 37-CL 62 2,19,1
10448530,21/05/2018,11:40:00,3,1,4.0,2.0,KR 113B-CL 63C 2,10,1
10448523,21/05/2018,14:30:00,3,1,4.0,3.0,CL 17-KR 130 2,9,1
10448643,22/05/2018,19:30:00,3,1,4.0,2.0,CL 128-KR 88A 24,11,1
10448801,22/05/2018,22:30:00,2,1,4.0,3.0,AC 26-KR 75 2,9,2
10448734,23/05/2018,12:05:00,3,1,4.0,1.0,CL 59C-KR 88C S 2,7,1
10448757,23/05/2018,23:50:00,1,1,4.0,1.0,AC 26-KR 113 85,10,1
10448711,24/05/2018,01:01:00,3,1,4.0,2.0,AV AVENIDA DE LAS AMERICAS-CL 43 2,16,1
10448634,24/05/2018,03:45:00,2,1,4.0,5.0,KR 7-CL 127 2,1,1
10448894,24/05/2018,14:00:00,3,1,4.0,2.0,KR 11ABIS-CL 68 ES 2,4,1
10449109,25/05/2018,03:30:00,3,1,4.0,2.0,AV AVENIDA DE LAS AMERICAS-KR 65 2,16,1
10448885,25/05/2018,21:50:00,1,1,4.0,11.0,AK 1A-CL 43 85,2,1
10449412,26/05/2018,03:50:00,2,1,4.0,2.0,AC 134-KR 48 14,11,1
10448988,26/05/2018,04:20:00,2,1,4.0,11.0,KR 45-CL 159A 13,1,1
10448985,26/05/2018,08:15:00,2,1,4.0,3.0,CL 15B-KR 97A 02,9,1
10449129,26/05/2018,08:26:00,3,1,4.0,1.0,AV AVENIDA CARACAS-KR 22 2,3,1
10449315,26/05/2018,09:20:00,3,1,4.0,11.0,AV AVENIDA CIUDAD DE VILLAVICENCIO-CL 82B 2,8,1
10449225,26/05/2018,21:45:00,3,1,4.0,4.0,AC 9-KR 146 2,1,1
10449307,27/05/2018,02:05:00,3,1,4.0,1.0,CL 170-KR 58 02,11,1
10449326,27/05/2018,07:30:00,3,1,4.0,2.0,CL 171-KR 92 2,11,1
10449261,27/05/2018,19:00:00,2,1,4.0,2.0,KR 73-CL 66 S 2,19,1
10449340,28/05/2018,07:30:00,3,1,4.0,2.0,KR 14-CL 168 2,1,1
10449367,28/05/2018,08:00:00,3,1,4.0,1.0,AK 30-CL 94 2,2,1
10449354,28/05/2018,19:55:00,3,1,4.0,2.0,CL 188-KR 15 02,1,1
10449226,29/05/2018,13:40:00,1,1,4.0,11.0,AV AVENIDA CIUDAD DE VILLAVICENCIO-TR 63 02,19,1
10449604,29/05/2018,19:00:00,3,1,4.0,10.0,KR 58-CL 130BIS 02,11,1
10449520,29/05/2018,23:00:00,3,1,4.0,6.0,KR 92A-CL 72A 02,10,1
10449560,30/05/2018,18:00:00,2,1,4.0,11.0,KR 14-CL 41 02,2,1
10449963,01/06/2018,21:40:00,3,1,4.0,2.0,KR 30-CL 74 02,12,1
10449719,02/06/2018,02:04:00,2,1,4.0,11.0,CL 13-KR 100 2,9,1
10449966,02/06/2018,02:50:00,3,1,4.0,3.0,CL 118-KR 52B 04,11,1
10449796,02/06/2018,06:30:00,2,1,4.0,1.0,KR 1-CL 32 02,3,1
10449776,02/06/2018,08:10:00,1,1,4.0,2.0,AV AVENIDA BOYACA-KR 22 02,19,1
10450100,02/06/2018,09:55:00,3,1,4.0,6.0,KR 22-CL 74 31,12,1
10449790,02/06/2018,12:39:00,2,1,4.0,2.0,KR 9-CL 120 02,1,1
10450104,02/06/2018,21:00:00,3,1,4.0,5.0,CL 13-KR 25 02,14,1
10449726,03/06/2018,04:05:00,2,1,4.0,1.0,KR 45-CL 170 02,1,1
10452979,03/06/2018,06:20:00,3,1,4.0,2.0,CL 64-KR 113F 2,10,1
10450099,03/06/2018,16:00:00,3,1,4.0,5.0,KR 80-CL 38C S 02,8,1
10450155,03/06/2018,23:30:00,3,1,4.0,1.0,KR 30-CL 22 02,16,1
10450258,04/06/2018,00:01:00,3,1,4.0,2.0,CL 9-KR 115 02,1,1
10450011,04/06/2018,05:52:00,3,1,4.0,2.0,CL 80-KR 90 02,10,1
10450006,04/06/2018,12:00:00,3,1,4.0,10.0,CL 170-KR 45 02,11,1
10450343,04/06/2018,20:20:00,3,1,4.0,1.0,CL 52A-KR 90 02,10,1
10450224,04/06/2018,23:00:00,3,1,4.0,2.0,AK 30-CL 70 50,12,1
10450282,05/06/2018,11:25:00,3,1,4.0,5.0,KR 7-CL 83 29,2,1
10450196,05/06/2018,15:00:00,3,1,4.0,10.0,KR 72-CL 62D 46,19,1
10450231,05/06/2018,15:00:00,3,1,4.0,10.0,CL 14-KR 33 02,16,1
10450139,05/06/2018,15:30:00,3,1,4.0,2.0,KR 27A-CL 72 02,12,2
10450341,05/06/2018,17:30:00,3,1,4.0,10.0,CL 82-KR 90A 2,10,1
10450207,06/06/2018,01:00:00,3,1,4.0,11.0,KR 9-CL 134 02,1,1
10450475,07/06/2018,02:43:00,3,1,4.0,5.0,CL 153-KR 19 02,1,2
10450788,07/06/2018,13:20:00,3,1,4.0,2.0,CL 32-KR 5 02,3,1
10450291,08/06/2018,01:30:00,2,1,4.0,1.0,AV AVENIDA CARACAS-CL 1 02,3,1
10450565,08/06/2018,04:15:00,3,1,4.0,1.0,CL 17-KR 97 2,9,1
10450589,08/06/2018,08:10:00,3,1,4.0,2.0,AV AVENIDA CIRCUNVALAR-CL 26 05,3,1
10450681,08/06/2018,10:30:00,3,1,4.0,2.0,AV AVENIDA BOYACA-CL 24B 2,9,1
10450836,08/06/2018,13:50:00,3,1,4.0,1.0,KR 13-CL 48 63,2,1
10452585,09/06/2018,01:10:00,3,1,4.0,1.0,CL 74A-KR 67A 2,10,1
10450301,09/06/2018,01:38:00,1,1,4.0,11.0,AK 30-CL 6 2,16,1
10450398,09/06/2018,03:00:00,2,1,4.0,2.0,CL 128-KR 87D 2,11,1
10450732,09/06/2018,08:30:00,3,1,4.0,10.0,AK 19-CL 151 45,1,10
10450670,09/06/2018,09:00:00,3,1,4.0,1.0,CL 31A-KR 1A S 66,4,1
10450691,09/06/2018,14:10:00,3,1,4.0,8.0,AV AVENIDA DE LAS AMERICAS-KR 36 2,16,1
10450744,09/06/2018,18:30:00,3,1,4.0,10.0,TR 74DBIS-CL 69 S 04,19,1
10450552,09/06/2018,20:15:00,2,1,4.0,11.0,CL 65-KR 84 2,7,1
10450677,09/06/2018,21:35:00,3,1,4.0,10.0,KR 1A-CL 1D E 2,3,1
10450951,11/06/2018,09:57:00,3,1,4.0,10.0,KR 52-CL 165 58,11,1
10451015,11/06/2018,13:00:00,3,1,4.0,2.0,KR 28-CL 75A 2,12,2
10452549,11/06/2018,16:30:00,3,1,4.0,4.0,CL 13-KR 66 02,16,1
10450953,12/06/2018,11:50:00,3,1,4.0,2.0,CL 74B-KR 12 02,10,1
10451133,12/06/2018,14:15:00,3,1,4.0,2.0,KR 71-CL 21 91,16,1
10451152,13/06/2018,04:00:00,3,1,4.0,3.0,KR 30-CL 63B 2,12,1
10451036,13/06/2018,09:00:00,3,1,4.0,10.0,KR 87J-CL 52A S 02,7,1
10451125,14/06/2018,08:00:00,3,1,4.0,2.0,CL 73-KR 20A 20,12,1
10451261,14/06/2018,10:55:00,3,1,4.0,10.0,CL 168-KR 19B 2,1,1
10451158,15/06/2018,03:10:00,2,1,4.0,11.0,KR 30-CL 40A 2,13,1
10451453,15/06/2018,03:30:00,3,1,4.0,11.0,CL 26-KR 75 02,9,1
10451336,15/06/2018,12:00:00,3,1,4.0,1.0,DG 157-TR 77 2,11,1
10451042,15/06/2018,20:45:00,1,1,4.0,1.0,AV AVENIDA DE LAS AMERICAS-KR 52 02,16,1
10451124,15/06/2018,23:50:00,1,1,4.0,3.0,KR 86-CL 25D 2,9,1
10451105,16/06/2018,03:15:00,3,1,4.0,1.0,DG 48LBISA-TR 5LBIS S 2,18,1
10451450,16/06/2018,14:00:00,3,1,4.0,6.0,KR 16-CL 12 66,14,1
10451262,17/06/2018,13:00:00,3,1,4.0,2.0,KR 7-CL 1 54,3,1
10451166,18/06/2018,01:30:00,2,1,4.0,3.0,CL 116-KR 0F 20,11,1
10451739,18/06/2018,13:00:00,3,1,4.0,2.0,KR 16A-CL 24 12,14,1
10451910,18/06/2018,18:20:00,2,1,4.0,4.0,CL 145-KR 88 24,11,1
10451570,18/06/2018,20:40:00,3,1,4.0,11.0,CL 10-KR 6 SE 56,4,1
10451733,19/06/2018,10:20:00,3,1,4.0,1.0,CL 114-KR 6 02,1,1
10451795,19/06/2018,23:00:00,3,1,4.0,8.0,AV AVENIDA JORGE ELIECER GAITAN-KR 106 28,9,3
10451732,20/06/2018,00:25:00,2,1,4.0,2.0,KR 6-CL 90 ES 02,5,1
10451692,20/06/2018,06:45:00,2,1,4.0,10.0,CL 83A-KR 115 2,10,1
10451775,20/06/2018,08:00:00,3,1,4.0,11.0,CL 80-KR 78C 2,7,1
10451824,20/06/2018,10:30:00,3,1,4.0,6.0,CL 23F-KR 109 2,9,1
10451786,20/06/2018,11:10:00,2,1,4.0,10.0,KR 1A-CL 161 E 2,1,1
10451776,20/06/2018,21:45:00,3,1,4.0,5.0,AC 80-KR 69 02,10,2
10451893,21/06/2018,10:30:00,3,1,4.0,5.0,KR 27-CL 1F 02,14,1
10451949,22/06/2018,02:33:00,2,1,4.0,1.0,AK 30-CL 49A 44,13,1
10451916,22/06/2018,09:35:00,3,1,4.0,10.0,CL 99-KR 48 02,12,1
10452001,22/06/2018,19:30:00,3,1,4.0,2.0,CL 17BIS-KR 120 02,9,1
10452092,23/06/2018,04:00:00,2,1,4.0,11.0,KR 30-CL 45 02,13,1
10452046,23/06/2018,06:40:00,2,1,4.0,3.0,KR 106-CL 72 2,10,1
10452263,23/06/2018,16:30:00,3,1,4.0,8.0,CL 75C-KR 93A 2,10,1
10452059,24/06/2018,02:50:00,2,1,4.0,10.0,KR 10-CL 75A 19,5,1
10452002,24/06/2018,04:00:00,1,1,4.0,8.0,KR 1-CL 97F S 2,5,1
10452374,24/06/2018,08:30:00,2,1,4.0,2.0,KR 68-CL 76A 2,10,1
10452218,24/06/2018,10:00:00,3,1,4.0,10.0,CL 4B-KR 10 E 15,3,1
10452107,25/06/2018,00:25:00,2,1,4.0,3.0,CL 3-KR 27 2,14,1
10452313,25/06/2018,02:10:00,3,1,4.0,4.0,CL 47-KR 22 95,6,1
10452392,25/06/2018,08:10:00,3,1,4.0,6.0,KR 30-CL 70 2,12,1
10452370,25/06/2018,18:20:00,3,1,4.0,1.0,CL 72B-KR 101 29,10,1
10452382,26/06/2018,15:30:00,3,1,4.0,10.0,KR 18T-CL 66BIS 2,19,1
10452522,26/06/2018,17:00:00,2,1,4.0,8.0,CL 26-KR 110 2,9,1
10452342,26/06/2018,18:45:00,2,1,4.0,2.0,KR 34-CL 48 E 33,2,1
10452581,26/06/2018,19:50:00,3,1,4.0,6.0,CL 160-KR 57 2,11,1
10452426,27/06/2018,06:30:00,1,1,4.0,2.0,AV AVENIDA BOYACA-KR 24 60,6,1
10452433,27/06/2018,09:20:00,2,1,4.0,11.0,AV AVENIDA CIRCUNVALAR-CL 18 2,17,1
10452643,27/06/2018,18:30:00,3,1,4.0,6.0,KR 54-CL 5A 2,16,1
10452654,28/06/2018,17:35:00,3,1,4.0,1.0,KR 28-CL 74A 2,12,1
10452724,29/06/2018,05:04:00,2,1,4.0,1.0,CL 4BIS-KR 18C 2,14,1
10452778,29/06/2018,13:40:00,3,1,4.0,10.0,KR 80G-CL 6 02,8,1
10452865,30/06/2018,06:30:00,2,1,4.0,2.0,CL 20D-KR 96G 2,9,1
10452974,30/06/2018,14:30:00,3,1,4.0,2.0,CL 25G-KR 101B 16,9,1
10452879,30/06/2018,23:30:00,2,1,4.0,1.0,CL 90-KR 94L 2,10,1
10452846,01/07/2018,04:00:00,2,1,4.0,10.0,KR 30-CL 45 02,13,1
10452834,01/07/2018,04:45:00,2,1,4.0,6.0,AV AVENIDA DE LAS AMERICAS-CL 56 2,16,1
10453077,02/07/2018,02:00:00,3,1,4.0,3.0,CL 116-KR 14B 21,1,1
10452941,02/07/2018,12:37:00,2,1,4.0,4.0,TR 60-CL 130 02,11,1
10453076,03/07/2018,11:30:00,3,1,4.0,10.0,TR 42-CL 3 2,16,1
10453031,03/07/2018,16:04:00,3,1,4.0,10.0,CL 41B-KR 0 SE 50,4,1
10453199,04/07/2018,01:59:00,3,1,4.0,10.0,AK 45-CL 106 2,1,1
10453142,04/07/2018,06:30:00,2,1,4.0,10.0,KR 30-CL 8 2,14,1
10453175,04/07/2018,07:30:00,3,1,4.0,5.0,AV AVENIDA CIUDAD DE VILLAVICENCIO-KR 22B 02,19,1
10453202,04/07/2018,13:00:00,3,1,4.0,10.0,CL 80-KR 2 51,8,1
10453294,04/07/2018,22:10:00,3,1,4.0,1.0,KR 14-CL 43 2,2,1
10453345,05/07/2018,11:30:00,2,1,4.0,2.0,CL 31-KR 72 S 2,8,1
10453233,05/07/2018,13:30:00,1,1,4.0,10.0,AC 63-KR 105G 2,10,1
10453376,06/07/2018,22:00:00,2,1,4.0,10.0,AC 80-KR 71 02,10,1
10453374,07/07/2018,02:00:00,2,1,4.0,5.0,KR 7-CL 72 02,2,2
10453691,07/07/2018,06:10:00,3,1,4.0,2.0,KR 9-CL 170 2,1,1
10453466,07/07/2018,10:20:00,2,1,4.0,10.0,CL 139-TR 138 02,11,1
10453617,07/07/2018,17:20:00,3,1,4.0,2.0,KR 69F-CL 17 2,9,10
10453620,07/07/2018,18:00:00,3,1,4.0,10.0,KR 21-CL 9A 31,14,1
10453591,07/07/2018,22:50:00,3,1,4.0,2.0,CL 127-KR 46 02,11,1
10453738,09/07/2018,05:05:00,3,1,4.0,1.0,AV AVENIDA DE LAS AMERICAS-KR 69F 35,8,1
10453818,09/07/2018,11:30:00,3,1,4.0,10.0,KR 97-CL 23A 2,9,1
10453848,10/07/2018,11:10:00,3,1,4.0,10.0,CL 92A-KR 86 S 02,8,1
10453931,10/07/2018,13:40:00,3,1,4.0,1.0,CL 13-KR 128 2,9,1
10453800,10/07/2018,14:20:00,3,1,4.0,10.0,CL 18A-KR 28A 11,14,1
10453905,11/07/2018,05:20:00,3,1,4.0,5.0,CL 63-TR 93 2,10,2
10454062,11/07/2018,23:00:00,3,1,4.0,2.0,AC 80-KR 107 2,10,1
10454124,13/07/2018,18:42:00,3,1,4.0,4.0,CL 47-KR 69 02,10,1
10454073,13/07/2018,20:50:00,1,1,4.0,4.0,AV AVENIDA CIRCUNVALAR-CL 21 2,3,1
10454230,13/07/2018,21:40:00,3,1,4.0,10.0,CL 93-KR 14 29,2,1
10454265,13/07/2018,23:47:00,3,1,4.0,1.0,CL 67-KR 20B S 2,19,1
10454273,14/07/2018,10:35:00,1,1,4.0,11.0,AC 80-KR 114 81,10,1
10454296,14/07/2018,11:00:00,3,1,4.0,2.0,CL 153-KR 8A 02,1,1
10454258,15/07/2018,05:00:00,3,1,4.0,6.0,KR 18R-CL 63F 64,19,1
10454297,15/07/2018,16:30:00,3,1,4.0,10.0,CL 47A-KR 3B E 2,2,1
10454345,15/07/2018,16:50:00,3,1,4.0,4.0,CL 34-KR 17 S 02,4,1
10454266,15/07/2018,18:15:00,3,1,4.0,10.0,AV AVENIDA BOYACA-CL 147B 04,11,1
10454251,15/07/2018,23:30:00,3,1,4.0,10.0,CL 52-KR 13 S 49,18,1
10455118,16/07/2018,06:00:00,3,1,4.0,2.0,AC 26-KR 60 2,13,1
10454421,16/07/2018,09:00:00,3,1,4.0,11.0,AC 3-KR 67 02,16,1
10454443,16/07/2018,12:30:00,3,1,4.0,3.0,KR 8A-CL 95 2,2,1
10454408,16/07/2018,17:20:00,3,1,4.0,4.0,KR 45-CL 136 02,1,1
10454407,16/07/2018,17:40:00,3,1,4.0,11.0,AV AVENIDA DEL SUR-CL 137 02,1,1
10454550,17/07/2018,06:40:00,3,1,4.0,10.0,CL 13A-KR 81F 13,8,1
10454477,17/07/2018,09:10:00,3,1,4.0,4.0,CL 183-KR 9 02,1,1
10454452,17/07/2018,22:15:00,3,1,4.0,4.0,KR 45-CL 100 02,1,1
10454664,18/07/2018,09:45:00,2,1,4.0,10.0,AV AVENIDA CARACAS-CL 55 S 02,18,1
10454678,18/07/2018,11:13:00,2,1,4.0,11.0,AV AVENIDA BOYACA-CL 24C 02,9,1
10454680,19/07/2018,00:10:00,2,1,4.0,4.0,AV AVENIDA DE LAS AMERICAS-KR 72 02,8,1
10454918,20/07/2018,00:20:00,3,1,4.0,10.0,KR 111A-CL 145 60,11,1
10454916,20/07/2018,01:10:00,3,1,4.0,3.0,CL 150-KR 48 2,11,1
10454764,20/07/2018,04:30:00,2,1,4.0,2.0,CL 80-KR 89A 2,10,1
10454850,20/07/2018,12:10:00,2,1,4.0,4.0,CL 51-KR 31 98,6,1
10455215,20/07/2018,13:00:00,3,1,4.0,2.0,KR 32A-CL 25B 2,13,1
10454915,20/07/2018,14:30:00,3,1,4.0,10.0,KR 40-CL 97 2,12,2
10454803,21/07/2018,02:05:00,1,1,4.0,8.0,CL 62-KR 82G 2,7,1
10454816,21/07/2018,11:00:00,2,1,4.0,10.0,KR 83-CL 1 S 2,8,1
10454822,21/07/2018,23:02:00,2,1,4.0,2.0,CL 5-KR 68F 16,8,1
10454819,22/07/2018,00:10:00,2,1,4.0,10.0,CL 139-KR 112 36,11,1
10455044,22/07/2018,08:49:00,3,1,4.0,4.0,AC 24-KR 66 2,13,1
10454829,22/07/2018,10:30:00,2,1,4.0,11.0,AV AVENIDA DE LAS AMERICAS-KR 78M 26,8,1
10455057,22/07/2018,13:00:00,3,1,4.0,1.0,KR 3-CL 3B E 50,3,1
10455220,22/07/2018,23:30:00,3,1,4.0,11.0,CL 143-TR 118 2,11,1
10455103,23/07/2018,09:00:00,3,1,4.0,4.0,AV AVENIDA SUBA-CL 100 2,11,1
10455111,23/07/2018,10:12:00,3,1,4.0,2.0,CL 19-KR 69B 2,9,1
10455114,23/07/2018,11:45:00,3,1,4.0,2.0,CL 86A-KR 112F 2,10,1
10455195,24/07/2018,14:15:00,3,1,4.0,8.0,AK 45-CL 193 2,1,10
10455368,25/07/2018,11:40:00,3,1,4.0,10.0,KR 20-CL 24 S 2,18,1
10455465,26/07/2018,00:35:00,3,1,4.0,6.0,CL 132D-KR 145 20,11,1
10455475,26/07/2018,02:10:00,3,1,4.0,8.0,KR 15-CL 72 62,2,1
10455291,26/07/2018,02:47:00,2,1,4.0,2.0,KR 70-CL 108 43,11,1
10455450,26/07/2018,06:00:00,3,1,4.0,4.0,CL 59-KR 78H S 21,7,1
10455382,26/07/2018,11:30:00,3,1,4.0,10.0,CL 72-KR 97A 22,10,1
10455409,26/07/2018,14:30:00,3,1,4.0,2.0,CL 71A-KR 18Q 2,19,1
10455418,26/07/2018,16:00:00,3,1,4.0,6.0,CL 94-KR 64 2,12,1
10455472,26/07/2018,23:18:00,3,1,4.0,10.0,KR 71-CL 79A 22,10,1
10455459,27/07/2018,02:50:00,3,1,4.0,1.0,AV AVENIDA CIRCUNVALAR-CL 87 60,2,1
10455538,27/07/2018,14:10:00,3,1,4.0,2.0,CL 93-KR 10 S 2,5,1
10455688,27/07/2018,22:40:00,3,1,4.0,1.0,CL 49B-KR 99 S 94,18,10
10455572,28/07/2018,00:20:00,2,1,4.0,11.0,KR 20-CL 53 2,13,7
10455741,28/07/2018,03:30:00,3,1,4.0,11.0,AV AVENIDA BOYACA-KR 25 02,6,1
10455750,28/07/2018,06:00:00,3,1,4.0,2.0,KR 100-CL 130 2,11,1
10455752,28/07/2018,06:20:00,3,1,4.0,1.0,CL 170-KR 9 02,1,2
10455575,28/07/2018,14:30:00,2,1,4.0,10.0,CL 153-KR 7B 61,1,1
10455645,28/07/2018,16:00:00,3,1,4.0,1.0,CL 170-KR 20A 64,1,1
10455762,28/07/2018,20:15:00,3,1,4.0,10.0,KR 53A-CL 47A S 20,6,1
10455612,29/07/2018,01:05:00,2,1,4.0,1.0,KR 68-CL 63 2,10,1
10455609,29/07/2018,02:50:00,2,1,4.0,1.0,KR 100-CL 23F 51,9,1
10455865,29/07/2018,05:15:00,3,1,4.0,2.0,AV AVENIDA CIUDAD DE VILLAVICENCIO-CL 49 S 2,19,1
10455585,29/07/2018,06:00:00,2,1,4.0,1.0,AV AVENIDA CIUDAD DE VILLAVICENCIO-KR 78L 05,8,1
10455711,29/07/2018,07:39:00,3,1,4.0,10.0,KR 14L-CL 87 S 2,5,1
10455738,29/07/2018,10:30:00,3,1,4.0,6.0,KR 13-CL 73 68,2,1
10455637,29/07/2018,20:15:00,2,1,4.0,4.0,KR 3B-CL 139A S 02,20,1
10455819,30/07/2018,04:40:00,3,1,4.0,2.0,CL 11-KR 7A S 2,4,1
10455767,30/07/2018,05:53:00,3,1,4.0,8.0,KR 68-CL 59 2,13,1
10455841,30/07/2018,09:00:00,3,1,4.0,9.0,CL 100-KR 9A 2,1,1
10455843,30/07/2018,16:30:00,3,1,4.0,2.0,CL 78B-KR 17F 2,19,1
10455799,30/07/2018,22:59:00,2,1,4.0,10.0,AV AVENIDA CARACAS-CL 4 2,3,1
10455816,30/07/2018,23:00:00,3,1,4.0,2.0,CL 68B-KR 1B S 2,5,1
10456750,30/07/2018,23:03:00,3,1,4.0,2.0,KR 10-CL 22 02,14,1
10456084,02/08/2018,03:25:00,2,1,4.0,11.0,AC 100-KR 67 55,12,1
10456115,02/08/2018,03:30:00,3,1,4.0,5.0,AV AVENIDA CIUDAD DE CALI-CL 13C 31,8,1
10456123,02/08/2018,16:56:00,2,1,4.0,4.0,AV AVENIDA CIRCUNVALAR-CL 60 2,2,1
10456322,03/08/2018,02:30:00,2,1,4.0,10.0,KR 45-CL 224 2,1,1
10456145,03/08/2018,03:10:00,3,1,4.0,1.0,CL 102-KR 9 02,10,1
10456254,03/08/2018,11:15:00,3,1,4.0,10.0,KR 18-CL 93 55,2,1
10456401,04/08/2018,08:00:00,2,1,4.0,3.0,CL 97-KR 71A 2,11,1
10456301,04/08/2018,14:03:00,2,1,4.0,2.0,AK 7-CL 76 2,2,1
10456508,04/08/2018,16:20:00,3,1,4.0,2.0,AV AVENIDA CIRCUNVALAR-CL 72 2,2,1
10456620,04/08/2018,21:10:00,2,1,4.0,2.0,AV AVENIDA CIUDAD DE VILLAVICENCIO-KR 78C 02,8,1
10456652,05/08/2018,03:00:00,3,1,4.0,6.0,KR 45-CL 73 2,19,1
10456624,05/08/2018,03:15:00,3,1,4.0,11.0,KR 11-CL 64 02,2,1
10456560,05/08/2018,04:15:00,3,1,4.0,3.0,CL 157-KR 106A 75,11,1
10456330,05/08/2018,11:57:00,2,1,4.0,6.0,KR 15-CL 61 ES 02,4,1
10456623,06/08/2018,10:20:00,3,1,4.0,2.0,CL 28-KR 9C E 2,4,1
10456610,06/08/2018,19:35:00,3,1,4.0,10.0,AV AVENIDA CIUDAD DE CALI-KR 13C 51,8,1
10456552,06/08/2018,22:10:00,3,1,4.0,4.0,KR 75-CL 167 59,11,1
10456540,07/08/2018,01:50:00,2,1,4.0,4.0,AV AVENIDA PRIMERO DE MAYO-KR null 2,8,1
10456548,07/08/2018,06:03:00,3,1,4.0,6.0,CL 1-KR 72C 08,8,1
10456789,07/08/2018,11:00:00,3,1,4.0,10.0,DG 3-KR 71C 04,8,1
10456562,07/08/2018,13:30:00,3,1,4.0,10.0,CL 21-KR 68F S 02,8,1
10456550,08/08/2018,04:00:00,3,1,4.0,4.0,AV AVENIDA DEL SUR-TR 73B 02,7,1
10456599,08/08/2018,06:34:00,2,1,4.0,6.0,KR 21-CL 5C 2,14,2
10456809,08/08/2018,08:45:00,3,1,4.0,2.0,CL 127-KR 12 2,1,1
10456860,09/08/2018,14:05:00,3,1,4.0,3.0,AV AVENIDA CARACAS-CL 69 2,2,1
10457064,10/08/2018,01:00:00,2,1,4.0,11.0,AV AVENIDA CIUDAD DE CALI-CL 13C 2,8,1
10457055,10/08/2018,08:00:00,3,1,4.0,2.0,CL 17-KR 42ABIS 2,16,1
10456919,10/08/2018,23:40:00,3,1,4.0,5.0,CL 72-KR 110G 02,10,1
10457027,11/08/2018,10:05:00,3,1,4.0,10.0,CL 18-KR 1 93,3,1
10457058,11/08/2018,13:00:00,3,1,4.0,2.0,CL 55-KR 86 S 2,7,1
10456968,12/08/2018,03:55:00,2,1,4.0,1.0,KR 45-CL 170 02,1,1
10457135,12/08/2018,04:13:00,3,1,4.0,1.0,KR 53-CL 159 97,11,1
10457272,12/08/2018,21:04:00,3,1,4.0,1.0,DG 48-KR 2 E 02,2,1
10457240,13/08/2018,03:50:00,3,1,4.0,1.0,CL 1-KR 10 S 2,4,1
10457150,13/08/2018,10:10:00,3,1,4.0,10.0,CL 20B-KR 111A 02,9,1
10457238,13/08/2018,10:10:00,3,1,4.0,1.0,KR 1B-CL 40A ES 2,4,1
10457190,13/08/2018,10:56:00,2,1,4.0,10.0,CL 40B-KR 86G 21,8,1
10457281,13/08/2018,16:30:00,3,1,4.0,6.0,KR 85-CL 129C 2,11,1
10457405,14/08/2018,08:30:00,3,1,4.0,2.0,KR 127-CL 22G 16,9,1
10457385,14/08/2018,12:10:00,3,1,4.0,10.0,DG 38A-KR 29 S 76,18,1
10457360,14/08/2018,14:30:00,3,1,4.0,1.0,KR 59-CL 24A 2,13,1
10457470,14/08/2018,17:53:00,2,1,4.0,2.0,CL 22-KR 1 12,3,1
10457276,15/08/2018,02:00:00,3,1,4.0,4.0,KR 9-CL 170 2,1,2
10457487,15/08/2018,14:10:00,3,1,4.0,6.0,DG 2B-KR 85 10,8,10
10457465,15/08/2018,22:36:00,2,1,4.0,6.0,DG 100C-KR 4 2,5,1
10457576,16/08/2018,02:31:00,2,1,4.0,1.0,CL 62-KR 82H S 2,7,1
10457567,16/08/2018,19:35:00,3,1,4.0,11.0,AV AVENIDA BOYACA-KR 147 2,11,1
10457638,17/08/2018,02:45:00,3,1,4.0,6.0,KR 17G-CL 66A S 2,19,2
10457686,17/08/2018,03:12:00,2,1,4.0,2.0,AK 30-CL 78 2,12,1
10457935,18/08/2018,08:45:00,3,1,4.0,6.0,KR 5A-CL 44 ES 2,4,1
10458081,18/08/2018,09:16:00,3,1,4.0,8.0,KR 5A-CL 35 61,3,1
10457979,18/08/2018,20:00:00,3,1,4.0,2.0,KR 11-CL 75 29,2,1
10458256,19/08/2018,00:10:00,1,1,4.0,1.0,AV AVENIDA BOYACA-CL 45A S 2,6,1
10457962,19/08/2018,02:00:00,3,1,4.0,8.0,CL 1F-KR 28 2,14,1
10457940,19/08/2018,03:30:00,3,1,4.0,6.0,KR 78H-CL 40 S 15,8,1
10457670,19/08/2018,13:30:00,1,1,4.0,11.0,KR 104-CL 128C S 2,11,1
10460821,19/08/2018,19:50:00,2,1,4.0,10.0,CL 75D-KR 75A S 2,19,1
10457844,20/08/2018,06:10:00,3,1,4.0,8.0,KR 78B-CL 38B 09,16,1
10457790,20/08/2018,23:25:00,1,1,4.0,1.0,AV AVENIDA CIUDAD DE CALI-CL 23F 2,9,1
10458020,21/08/2018,07:50:00,2,1,4.0,4.0,KR 10-CL 36B 2,4,1
10458125,21/08/2018,07:59:00,3,1,4.0,1.0,KR 79D-CL 53 S 2,8,1
10458027,21/08/2018,09:00:00,3,1,4.0,10.0,CL 77-KR 29 38,12,1
10458061,21/08/2018,09:30:00,3,1,4.0,2.0,KR 86-CL 130C 16,11,1
10458129,21/08/2018,13:00:00,3,1,4.0,10.0,CL 62-KR 13 9,2,1
10458097,22/08/2018,04:00:00,3,1,4.0,2.0,AC 13-KR 106 2,9,2
10458190,22/08/2018,05:40:00,3,1,4.0,4.0,KR 4-CL 18 E 23,3,1
10457983,22/08/2018,09:47:00,2,1,4.0,10.0,KR 90-CL 135B 68,11,1
10458209,22/08/2018,17:30:00,2,1,4.0,10.0,AV AVENIDA PRIMERO DE MAYO-CL 50 S 47,8,1
10458255,23/08/2018,13:50:00,3,1,4.0,1.0,CL 127C-KR 13 2,1,1
10458384,23/08/2018,19:50:00,3,1,4.0,10.0,KR 7-CL 41 2,2,1
10458294,23/08/2018,20:15:00,3,1,4.0,2.0,KR 28N-CL 17 35,14,1
10458233,24/08/2018,04:40:00,2,1,4.0,1.0,CL 25B-KR 37 2,13,1
10458429,24/08/2018,10:30:00,3,1,4.0,6.0,CL 17B-KR 39 2,16,1
10458406,24/08/2018,13:50:00,3,1,4.0,2.0,CL 66C-KR 87B S 2,7,1
10458538,25/08/2018,01:14:00,3,1,4.0,2.0,KR 45-CL 209 2,1,1
10458383,25/08/2018,07:05:00,2,1,4.0,8.0,KR 4-CL 91 2,2,1
10458587,25/08/2018,08:30:00,3,1,4.0,10.0,AV AVENIDA BOYACA-CL 3A 38,8,1
10458387,25/08/2018,10:15:00,2,1,4.0,2.0,CL 11-KR 16 88,15,1
10458493,26/08/2018,01:10:00,3,1,4.0,10.0,CL 6A-KR 89 47,8,1
10458467,26/08/2018,02:40:00,3,1,4.0,6.0,AV AVENIDA DE LAS AMERICAS-KR 78C 2,8,1
10458329,26/08/2018,02:50:00,3,1,4.0,2.0,CL 85-KR 5 2,2,2
10458614,26/08/2018,08:00:00,3,1,4.0,10.0,AV AVENIDA BOYACA-CL 135 2,11,1
10458433,26/08/2018,10:00:00,3,1,4.0,1.0,CL 37BISB-KR 3 SE 08,4,10
10458562,27/08/2018,16:50:00,3,1,4.0,6.0,TR 4-CL 52A 63,2,1
10458631,28/08/2018,06:20:00,2,1,4.0,4.0,AV AVENIDA DE LAS AMERICAS-KR 36 2,13,1
10458666,28/08/2018,06:25:00,2,1,4.0,10.0,CL 42K-KR 90B 2,8,1
10458793,28/08/2018,15:00:00,3,1,4.0,5.0,AV AVENIDA PRIMERA DE MAYO-KR 24 02,15,1
10459234,28/08/2018,15:20:00,3,1,4.0,2.0,AV AVENIDA BOYACA-CL 53 2,10,1
10458643,28/08/2018,15:30:00,2,1,4.0,4.0,CL 45-KR 30 2,2,1
10458870,28/08/2018,21:00:00,3,1,4.0,1.0,CL 85-KR 13 28,2,1
10458872,28/08/2018,22:30:00,3,1,4.0,10.0,CL 80-KR 96 2,10,1
10458662,28/08/2018,23:05:00,2,1,4.0,11.0,CL 80-KR 76 2,10,2
10459173,29/08/2018,03:40:00,3,1,4.0,2.0,CL 3-KR 36 02,16,2
10459153,29/08/2018,06:00:00,3,1,4.0,10.0,CL 20C-KR 93 2,9,1
10458777,29/08/2018,23:05:00,2,1,4.0,2.0,AC 26-KR 70B 02,10,1
10459104,30/08/2018,04:15:00,3,1,4.0,10.0,KR 90G-CL 6 2,8,1
10458929,30/08/2018,11:40:00,3,1,4.0,5.0,CL 27-KR 21 S 02,18,1
10458899,30/08/2018,15:23:00,3,1,4.0,2.0,KR 42B-CL 10B 2,16,1
10458859,30/08/2018,16:50:00,1,1,4.0,2.0,CL 69J-KR 39 S 02,19,1
10458939,30/08/2018,22:14:00,3,1,4.0,2.0,CL 163A-KR 14D 2,1,1
10459042,31/08/2018,02:00:00,2,1,4.0,10.0,KR 111-CL 157 30,11,1
10459139,31/08/2018,05:00:00,3,1,4.0,6.0,CL 63-KR 18Q 74,19,1
10459170,31/08/2018,05:15:00,3,1,4.0,11.0,CL 80-KR 115 2,10,1
10459194,31/08/2018,06:30:00,3,1,4.0,10.0,AV AVENIDA BOYACA-CL 53 2,10,1
10459174,31/08/2018,10:30:00,3,1,4.0,1.0,CL 71A-KR 77 2,10,1
10459252,31/08/2018,16:50:00,3,1,4.0,10.0,CL 45-KR 7 2,2,1
10459251,01/09/2018,14:00:00,3,1,4.0,10.0,CL 138-KR 56 2,11,5
10459326,01/09/2018,15:15:00,3,1,4.0,6.0,CL 75-KR 65 48,12,1
10459350,01/09/2018,19:10:00,3,1,4.0,2.0,CL 127-KR 56 2,11,1
10459051,01/09/2018,20:00:00,2,1,4.0,1.0,KR 30-CL 62 2,12,1
10459358,02/09/2018,04:00:00,3,1,4.0,2.0,CL 174-KR 135 2,11,1
10459519,02/09/2018,05:23:00,3,1,4.0,1.0,AV AVENIDA BOYACA-CL 76 2,10,1
10459074,02/09/2018,06:42:00,2,1,4.0,2.0,KR 27-CL 10 69,14,1
10459317,02/09/2018,12:30:00,3,1,4.0,2.0,AK 68-CL 1A 55,16,10
10459421,02/09/2018,17:10:00,3,1,4.0,4.0,KR 75-CL 162 5,11,1
10459412,02/09/2018,17:30:00,3,1,4.0,10.0,CL 23-KR 16 2,14,1
10459282,03/09/2018,05:45:00,2,1,4.0,2.0,CL 56F-KR 11 S 02,7,1
10459381,03/09/2018,23:30:00,1,1,4.0,2.0,KR 45-CL 150 02,1,1
10459568,04/09/2018,00:40:00,3,1,4.0,4.0,KR 30-CL 25 2,14,1
10459508,04/09/2018,05:39:00,3,1,4.0,6.0,KR 104-CL 64C 2,10,1
10459556,04/09/2018,17:10:00,3,1,4.0,2.0,CL 163-KR 7B 20,1,1
10459567,04/09/2018,17:10:00,3,1,4.0,6.0,CL 78-KR 14 S 72,5,1
10459668,05/09/2018,06:30:00,3,1,4.0,2.0,CL 128BIS-KR 93A 69,11,1
10459793,05/09/2018,06:45:00,3,1,4.0,2.0,KR 9-CL 75 2,2,1
10459669,05/09/2018,13:50:00,3,1,4.0,2.0,KR 10F-CL 36 2,18,1
10459767,05/09/2018,18:50:00,2,1,4.0,10.0,KR 79F-CL 26 2,8,1
10459787,06/09/2018,13:05:00,1,1,4.0,1.0,AV AVENIDA CARACAS-CL 15 S 20,15,1
10459704,06/09/2018,15:20:00,2,1,4.0,4.0,KR 39-CL 41 2,13,8
10459876,07/09/2018,15:00:00,3,1,4.0,10.0,CL 13-KR 133 2,9,1
10460071,07/09/2018,17:20:00,2,1,4.0,1.0,KR 33-CL 51 S 2,19,1
10459952,07/09/2018,22:00:00,3,1,4.0,2.0,KR 8-CL 84C S 2,5,1
10459945,08/09/2018,05:00:00,3,1,4.0,1.0,CL 12-KR 35 38,16,1
10460039,08/09/2018,07:00:00,3,1,4.0,4.0,KR 7A-CL 134A 66,1,1
10460051,08/09/2018,10:03:00,3,1,4.0,10.0,CL 1F-KR 24C 2,14,1
10459970,08/09/2018,10:07:00,3,1,4.0,6.0,KR 93-CL 49C S 2,7,1
10459982,08/09/2018,11:00:00,3,1,4.0,1.0,AC 134-KR 54 2,11,1
10459999,08/09/2018,15:20:00,3,1,4.0,3.0,KR 3B-CL 139A S 2,20,1
10460208,08/09/2018,23:35:00,2,1,4.0,10.0,KR 80-CL 2 S 51,8,1
10460034,09/09/2018,03:50:00,3,1,4.0,6.0,KR 100-CL 136 15,11,2
10460023,09/09/2018,04:30:00,3,1,4.0,2.0,KR 69-CL 78 59,10,1
10460122,10/09/2018,15:00:00,3,1,4.0,3.0,CL 22C-KR 72 2,9,1
10460156,10/09/2018,16:00:00,3,1,4.0,2.0,KR 3-CL 12C 2,17,1
10460137,10/09/2018,22:46:00,3,1,4.0,10.0,CL 64-KR 93 92,10,1
10460234,12/09/2018,00:30:00,2,1,4.0,11.0,CL 76-KR 22 2,12,1
10460344,12/09/2018,12:50:00,3,1,4.0,6.0,CL 48C-KR 10A E 2,4,1
10460361,12/09/2018,23:19:00,3,1,4.0,4.0,KR 30-CL 49A 2,13,1
10460385,13/09/2018,06:40:00,3,1,4.0,11.0,VIA NQS SENTIDO NORTE SUR KM 64 D,13,1
10460433,13/09/2018,09:35:00,3,1,4.0,1.0,KR 86-CL 25 2,10,1
10460395,13/09/2018,10:20:00,3,1,4.0,6.0,TR 11A-CL 64 ES 61,4,1
10460468,13/09/2018,17:30:00,3,1,4.0,2.0,CL 49-KR 4B SE 57,4,1
10460638,14/09/2018,03:50:00,3,1,4.0,11.0,KR 68-CL 78 2,10,1
10460524,14/09/2018,06:25:00,2,1,4.0,10.0,CL 23D-KR 86 2,9,1
10460699,14/09/2018,10:05:00,3,1,4.0,1.0,AV AVENIDA DE LAS AMERICAS-KR 50 2,16,4
10460726,14/09/2018,14:00:00,3,1,4.0,3.0,KR 69B-CL 99 43,11,1
10460565,14/09/2018,17:23:00,2,1,4.0,1.0,AV AVENIDA BOYACA-CL 73D 2,5,1
10460722,14/09/2018,19:10:00,3,1,4.0,6.0,CL 55BIS-KR 16 73,13,1
10460598,15/09/2018,02:15:00,3,1,4.0,6.0,TR 129B-CL 132D 15,11,2
10460572,15/09/2018,02:30:00,3,1,4.0,6.0,KR 107A-CL 71A 2,10,1
10460730,15/09/2018,10:00:00,3,1,4.0,10.0,CL 7-KR 28 49,14,1
10460976,15/09/2018,19:30:00,3,1,4.0,10.0,CL 64-KR 37B 2,6,1
10461242,15/09/2018,23:05:00,3,1,4.0,6.0,DG 182-KR 45 2,1,1
10460982,16/09/2018,01:43:00,3,1,4.0,11.0,CL 8-KR 29B S 22,14,1
10460923,16/09/2018,17:22:00,3,1,4.0,2.0,CL 1-KR 4 2,3,1
10460825,17/09/2018,16:25:00,3,1,4.0,1.0,KR 19-CL 19 2,14,2
10460885,17/09/2018,17:30:00,3,1,4.0,9.0,KR 90-CL 23J 22,9,1
10460848,18/09/2018,07:30:00,2,1,4.0,1.0,AK 19-CL 106A 2,1,2
10460985,18/09/2018,08:00:00,3,1,4.0,1.0,CL 100-KR 11B 67,1,1
10460937,18/09/2018,13:10:00,3,1,4.0,6.0,KR 53-CL 127B 2,1,1
10460955,18/09/2018,15:01:00,3,1,4.0,3.0,CL 44-KR 66A 2,12,1
10461035,18/09/2018,17:33:00,3,1,4.0,1.0,CL 107-KR 53 45,11,1
10461099,19/09/2018,14:00:00,3,1,4.0,1.0,CL 20-KR 4 2,3,1
10461083,19/09/2018,17:55:00,3,1,4.0,6.0,CL 16-KR 5 2,17,1
10461152,19/09/2018,19:40:00,3,1,4.0,5.0,AV AVENIDA BOYACA-CL 61 S 2,19,2
10461274,20/09/2018,05:40:00,2,1,4.0,10.0,KR 89-CL 37A S 15,8,1
10461212,20/09/2018,18:10:00,3,1,4.0,10.0,CL 10-KR 12A 2,17,1
10461436,21/09/2018,13:40:00,3,1,4.0,10.0,KR 28B-CL 68 74,12,1
10461389,21/09/2018,14:30:00,3,1,4.0,6.0,CL 48-KR 1 SE 2,4,1
10461293,21/09/2018,15:40:00,3,1,4.0,10.0,KR 78B-CL 44B S 2,8,1
10461438,21/09/2018,20:00:00,3,1,4.0,10.0,CL 17-KR 87B 2,9,1
10461309,21/09/2018,22:30:00,3,1,4.0,2.0,DG 79B-KR 61 2,12,1
10461409,21/09/2018,23:40:00,3,1,4.0,1.0,AV AVENIDA BOYACA-KR 129 2,11,1
10461535,22/09/2018,12:37:00,3,1,4.0,2.0,KR 9-CL 55 2,2,1
10461538,22/09/2018,16:35:00,3,1,4.0,2.0,KR 1-CL 47 ES 2,4,1
10461568,22/09/2018,17:20:00,3,1,4.0,1.0,KR 1-CL 23 S 03,4,1
10461509,22/09/2018,20:40:00,3,1,4.0,8.0,CL 49-KR 91 S 2,7,1
10461557,23/09/2018,00:40:00,3,1,4.0,2.0,CL 15-KR 22 73,14,1
10461578,23/09/2018,12:00:00,3,1,4.0,6.0,CL 46D-KR 4 E 36,4,1
10461466,23/09/2018,15:00:00,3,1,4.0,10.0,AK 68A-CL 49A 47,12,1
10461615,24/09/2018,09:22:00,3,1,4.0,6.0,CL 81BBIS-KR 10DBIS E 2,5,1
10461690,25/09/2018,13:30:00,3,1,4.0,10.0,KR 80B-CL 16 12,8,1
10461848,27/09/2018,03:13:00,3,1,4.0,1.0,KR 68-CL 63 2,13,1
10461894,27/09/2018,07:17:00,3,1,4.0,2.0,CL 156A-KR 98A 2,11,1
10461968,27/09/2018,12:15:00,2,1,4.0,1.0,CL 26C-KR 84 85,9,1
10461927,27/09/2018,13:30:00,3,1,4.0,10.0,KR 51-CL 104B 25,11,1
10462003,27/09/2018,23:11:00,2,1,4.0,2.0,KR 94-CL 6C 2,8,2
10462101,28/09/2018,00:30:00,2,1,4.0,11.0,KR 45-CL 128B 2,1,1
10462029,28/09/2018,20:15:00,3,1,4.0,1.0,CL 29-KR 4A 49,3,1
10462045,28/09/2018,23:15:00,2,1,4.0,3.0,KR 82-CL 46 2,10,1
10462176,29/09/2018,00:20:00,3,1,4.0,2.0,CL 24-KR 9 SE 59,4,1
10462020,29/09/2018,16:40:00,3,1,4.0,10.0,KR 72M-CL 36A 2,8,1
10462194,30/09/2018,17:15:00,3,1,4.0,6.0,KR 91ABIS-CL 71A 46,10,1
10462204,01/10/2018,16:00:00,2,1,4.0,2.0,KR 7-CL 106 2,1,1
10462286,01/10/2018,18:01:00,3,1,4.0,1.0,KR 14-CL 136A S 2,5,1
10463184,01/10/2018,18:45:00,2,1,4.0,2.0,KR 105-CL 65 2,10,1
10462487,02/10/2018,01:00:00,2,1,4.0,2.0,AV AVENIDA PRIMERO DE MAYO-AC 40A 20,8,1
10462399,02/10/2018,03:50:00,3,1,4.0,2.0,AV AVENIDA CIUDAD DE CALI-CL 64BBIS 2,10,2
10462423,02/10/2018,06:00:00,3,1,4.0,2.0,CL 26-KR 87F S 2,8,1
10462381,02/10/2018,22:40:00,3,1,4.0,6.0,CL 56-KR 81J S 91,8,1
10462504,03/10/2018,07:54:00,2,1,4.0,11.0,AK 45-CL 116 2,1,1
10462515,03/10/2018,10:30:00,3,1,4.0,2.0,KR 101-CL 130 19,11,1
10462684,03/10/2018,14:00:00,3,1,4.0,8.0,CL 43-KR 12BISA 2,18,1
10462542,03/10/2018,15:30:00,3,1,4.0,6.0,CL 71-KR 186 2,19,1
10462567,03/10/2018,23:50:00,3,1,4.0,1.0,KR 60-CL 12 72,16,1
10462626,04/10/2018,05:00:00,2,1,4.0,2.0,AK 68-CL 24 2,13,1
10462693,04/10/2018,07:45:00,2,1,4.0,11.0,CL 11-KR 12 2,15,1
10462650,04/10/2018,11:10:00,3,1,4.0,1.0,KR 7-CL 83 2,2,1
10463536,05/10/2018,01:30:00,1,1,4.0,1.0,CL 64-KR 19D S 2,19,2
10462818,05/10/2018,09:20:00,3,1,4.0,10.0,KR 27-CL 83A 2,12,1
10462812,05/10/2018,13:40:00,2,1,4.0,11.0,CL 43B-KR 22 2,18,1
10462872,06/10/2018,03:29:00,3,1,4.0,2.0,KR 70-CL 53 2,10,1
10462924,06/10/2018,06:12:00,2,1,4.0,10.0,KR 45-CL 89 2,12,1
10463031,07/10/2018,08:54:00,2,1,4.0,1.0,KR 8A-CL 111A 2,5,1
10463034,07/10/2018,14:00:00,3,1,4.0,2.0,AV AVENIDA PRIMERO DE MAYO-KR 21 25,15,1
10462955,07/10/2018,17:00:00,3,1,4.0,2.0,AC 26-KR 81 2,10,1
10462927,07/10/2018,18:30:00,2,1,4.0,10.0,KR 63B-CL 67 S 2,6,1
10463348,08/10/2018,06:10:00,2,1,4.0,2.0,AK 68-CL 19 81,16,1
10462935,08/10/2018,08:30:00,2,1,4.0,10.0,KR 52A-CL 41B S 4,16,1
10463029,08/10/2018,08:30:00,3,1,4.0,2.0,DG 41A-KR 26A S 2,18,1
10463161,09/10/2018,09:26:00,2,1,4.0,6.0,KR 30-CL 1B 2,16,1
10463063,09/10/2018,12:20:00,3,1,4.0,10.0,KR 2BIS-CL 44 S 2,4,1
10463180,09/10/2018,13:30:00,3,1,4.0,10.0,KR 37-CL 24 67,13,1
10463233,09/10/2018,23:40:00,2,1,4.0,1.0,KR 95-CL 71 S 2,7,1
10463336,10/10/2018,15:50:00,2,1,4.0,2.0,CL 43BIS-KR 78 S 2,8,1
10463278,10/10/2018,19:30:00,3,1,4.0,1.0,AV AVENIDA DEL SUR-AC 63 2,7,1
10463418,12/10/2018,07:55:00,3,1,4.0,8.0,KR 115-CL 8I 45,5,1
10463440,12/10/2018,08:10:00,2,1,4.0,8.0,CL 3-KR 71D 2,8,1
10463414,12/10/2018,12:45:00,3,1,4.0,2.0,CL 35-KR 69 64,8,1
10464137,13/10/2018,00:29:00,2,1,4.0,5.0,AV AVENIDA CIUDAD DE VILLAVICENCIO-KR 74 2,8,1
10463684,13/10/2018,04:00:00,3,1,4.0,10.0,CL 150D-KR 103F 45,11,1
10463497,13/10/2018,04:22:00,3,1,4.0,2.0,CL 152B-KR 72A 2,11,2
10463577,13/10/2018,06:07:00,2,1,4.0,10.0,KR 30-CL 8 2,13,1
10463635,13/10/2018,09:40:00,3,1,4.0,10.0,CL 19B-KR 32 2,16,1
10463678,13/10/2018,13:02:00,3,1,4.0,1.0,KR 7-CL 58 2,2,1
10463638,13/10/2018,13:16:00,3,1,4.0,6.0,AK 50-CL 15 20,16,1
10463681,13/10/2018,14:10:00,3,1,4.0,10.0,KR 40-CL 22 34,13,10
10463754,14/10/2018,02:55:00,3,1,4.0,2.0,CL 20B-KR 103A 9,9,1
10463550,14/10/2018,05:00:00,2,1,4.0,6.0,CL 42-KR 12A SE 46,4,1
10463560,14/10/2018,16:50:00,2,1,4.0,1.0,AV AVENIDA CIUDAD DE CALI-CL 40 S 2,8,1
10463810,15/10/2018,06:00:00,3,1,4.0,2.0,AV AVENIDA DE LAS AMERICAS-KR 60 2,16,1
10463732,15/10/2018,11:00:00,3,1,4.0,1.0,KR 100-CL 15A 93,9,1
10463820,15/10/2018,12:45:00,3,1,4.0,8.0,KR 68-CL 19 81,16,1
10463529,16/10/2018,01:55:00,1,1,4.0,4.0,KR 10-CL 31 S 2,18,1
10463839,16/10/2018,12:00:00,3,1,4.0,5.0,AK 33-CL 52F 2,19,1
10463805,16/10/2018,17:00:00,3,1,4.0,10.0,CL 43-KR 11B S 2,4,1
10463948,17/10/2018,07:08:00,3,1,4.0,11.0,CL 127-KR 12 2,1,1
10464027,17/10/2018,12:00:00,2,1,4.0,10.0,AV AVENIDA PRIMERA DE MAYO-KR 37B 2,16,1
10463913,17/10/2018,21:40:00,3,1,4.0,2.0,CL 24-KR 104 2,9,1
10464265,17/10/2018,23:00:00,2,1,4.0,5.0,KR 30-CL 45 2,12,1
10463976,17/10/2018,23:50:00,3,1,4.0,10.0,CL 7-KR 87B 70,8,1
10463960,18/10/2018,03:15:00,3,1,4.0,6.0,CL 132-KR 123A 04,11,1
10464042,18/10/2018,07:30:00,3,1,4.0,2.0,KR 14-CL 4 S 08,15,10
10464049,18/10/2018,11:10:00,3,1,4.0,2.0,KR 71-CL 79A 12,10,1
10464103,18/10/2018,18:40:00,2,1,4.0,2.0,KR 30-CL 92 02,12,1
10464455,18/10/2018,19:30:00,3,1,4.0,6.0,AC 26-KR 113 2,9,1
10464377,19/10/2018,09:20:00,2,1,4.0,2.0,CL 170-KR 14 2,1,1
10464174,19/10/2018,12:30:00,3,1,4.0,10.0,CL 23JBIS-KR 87 44,9,1
10464136,20/10/2018,00:05:00,2,1,4.0,6.0,KR 18-CL 55 S 2,6,1
10464259,20/10/2018,08:15:00,2,1,4.0,2.0,CL 41-KR 93 2,8,1
10464319,20/10/2018,10:40:00,3,1,4.0,10.0,CL 80-KR 119 2,10,1
10464386,20/10/2018,22:10:00,1,1,4.0,2.0,AV AVENIDA DEL SUR-KR 115 2,15,1
10464297,20/10/2018,22:31:00,2,1,4.0,2.0,CL 53A-KR 38A S 2,6,2
10464459,21/10/2018,03:50:00,3,1,4.0,2.0,KR 116-CL 18A 2,9,1
10464400,21/10/2018,20:00:00,3,1,4.0,2.0,KR 41-CL 4F 2,16,1
10464398,22/10/2018,00:06:00,2,1,4.0,2.0,KR 90-CL 147 2,11,1
10464562,22/10/2018,21:50:00,3,1,4.0,11.0,CL 26-KR 50 2,13,1
10464600,23/10/2018,05:30:00,3,1,4.0,2.0,KR 79-CL 42B S 34,8,1
10464738,24/10/2018,08:40:00,3,1,4.0,2.0,KR 11-CL 57 ES 2,4,2
10464675,24/10/2018,10:30:00,2,1,4.0,1.0,AV AVENIDA PRIMERO DE MAYO-CL 40 S 2,8,1
10464686,24/10/2018,12:28:00,3,1,4.0,2.0,KR 95BIS-CL 25G 2,9,1
10464795,24/10/2018,15:48:00,3,1,4.0,1.0,KR 19-CL 123 26,1,10
10464721,24/10/2018,19:10:00,3,1,4.0,5.0,CL 13-KR 128 2,9,1
10464844,25/10/2018,08:50:00,3,1,4.0,1.0,KR 80-CL 2 51,8,1
10465095,27/10/2018,01:28:00,3,1,4.0,10.0,AK 19-CL 136A 10,1,1
10465065,27/10/2018,06:30:00,3,1,4.0,2.0,KR 22-CL 9 2,14,1
10465013,27/10/2018,16:30:00,3,1,4.0,4.0,CL 5B-KR 3A S 2,13,1
10465027,27/10/2018,18:00:00,2,1,4.0,4.0,AV AVENIDA SUBA-CL 72 2,1,4
10465123,27/10/2018,18:52:00,3,1,4.0,1.0,CL 30-KR 63F 2,12,1
10465014,27/10/2018,21:10:00,3,1,4.0,1.0,CL 61-KR 37 51,12,6
10465017,27/10/2018,22:03:00,3,1,4.0,10.0,KR 71D-CL 8 S 2,8,1
10465022,27/10/2018,22:32:00,3,1,4.0,2.0,AC 20-KR 44 2,16,1
10465107,28/10/2018,02:40:00,3,1,4.0,2.0,KR 58-CL 19 2,12,3
10465117,28/10/2018,09:30:00,3,1,4.0,6.0,KR 77-CL 53 04,8,2
10465221,28/10/2018,17:50:00,3,1,4.0,6.0,CL 59-KR 100A S 2,7,1
10465282,29/10/2018,02:00:00,2,1,4.0,1.0,AV AVENIDA CIRCUNVALAR-CL 38 08,3,1
10465246,30/10/2018,02:20:00,3,1,4.0,2.0,CL 127-KR 58 2,11,1
10465329,30/10/2018,15:00:00,3,1,4.0,1.0,CL 35D-KR 73 S 2,8,2
10465253,30/10/2018,16:30:00,3,1,4.0,10.0,CL 24-KR 52 2,13,1
10465265,30/10/2018,20:10:00,3,1,4.0,4.0,KR 12A-CL 3 ES 2,4,1
10465484,30/10/2018,20:20:00,3,1,4.0,3.0,CL 113-KR 9A 2,1,1
10465486,31/10/2018,14:20:00,3,1,4.0,1.0,CL 2-KR 5B 02,3,1
10465781,31/10/2018,18:46:00,3,1,4.0,2.0,KR 74-CL 42 2,8,1
10465799,31/10/2018,21:00:00,3,1,4.0,1.0,CL 26-KR 98 2,9,1
10465528,01/11/2018,08:20:00,3,1,4.0,10.0,KR 68-CL 26 2,13,1
10465550,01/11/2018,10:49:00,3,1,4.0,11.0,DG 51A-AK 60C 2,6,1
10465774,01/11/2018,16:10:00,2,1,4.0,10.0,CL 67B-KR 68 67,10,1
10465583,02/11/2018,03:00:00,1,1,4.0,2.0,AV AVENIDA BOYACA-AC 71 2,5,1
10465837,02/11/2018,21:27:00,2,1,4.0,11.0,CL 80-KR 92L 2,10,1
10465892,03/11/2018,02:30:00,3,1,4.0,2.0,KR 4-CL 91 2,2,1
10465714,03/11/2018,21:20:00,2,1,4.0,1.0,KR 29B-CL 65 18,12,1
10465937,04/11/2018,02:00:00,3,1,4.0,2.0,AC 61-KR 18C S 2,19,1
10466021,05/11/2018,11:00:00,3,1,4.0,4.0,AK 45-CL 83 2,12,1
10465947,06/11/2018,08:18:00,2,1,4.0,2.0,KR 71C-CL 3 2,8,1
10465850,06/11/2018,09:30:00,2,1,4.0,11.0,CL 104-KR 21 2,1,2
10466106,06/11/2018,13:30:00,3,1,4.0,6.0,KR 31-CL 66A S 25,19,1
10465994,07/11/2018,02:15:00,2,1,4.0,2.0,KR 10-CL 2 S 2,15,1
10466150,07/11/2018,08:31:00,3,1,4.0,10.0,CL 71-KR 88J S 7,7,1
10466285,08/11/2018,09:40:00,3,1,4.0,10.0,CL 13-KR 133 9,9,1
10466350,08/11/2018,12:40:00,3,1,4.0,8.0,CL 63A-KR 69C 2,10,1
10466239,08/11/2018,16:30:00,3,1,4.0,6.0,CL 89C-KR 8B SE 2,5,10
10466260,08/11/2018,20:00:00,3,1,4.0,4.0,KR 8-CL 108A 59,1,1
10466496,09/11/2018,02:00:00,3,1,4.0,4.0,AV AVENIDA CIRCUNVALAR-KR 18 2,3,8
10466429,09/11/2018,02:40:00,2,1,4.0,11.0,KR 9-CL 117A 2,1,1
10466461,10/11/2018,00:50:00,2,1,4.0,11.0,AV AVENIDA CIUDAD DE CALI-CL 24 2,9,1
10466660,10/11/2018,06:10:00,3,1,4.0,10.0,CL 63A-KR 73 S 2,8,10
10466655,10/11/2018,07:00:00,2,1,4.0,2.0,KR 7-CL 73 2,2,1
10467035,10/11/2018,20:30:00,3,1,4.0,2.0,KR 1-CL 48Q ES 34,18,1
10466665,11/11/2018,04:30:00,3,1,4.0,1.0,KR 100-CL 140A 2,11,1
10466701,11/11/2018,06:00:00,3,1,4.0,1.0,KR 13-CL 75A S 28,5,1
10466624,11/11/2018,08:10:00,3,1,4.0,10.0,CL 180-KR 11 20,1,1
10466383,11/11/2018,12:15:00,2,1,4.0,1.0,AV AVENIDA SUBA-CL 103 2,11,1
10466395,11/11/2018,14:50:00,2,1,4.0,2.0,KR 11-CL 85 2,2,1
10466360,11/11/2018,23:20:00,2,1,4.0,1.0,KR 45-CL 116 2,1,1
10466712,12/11/2018,03:57:00,3,1,4.0,6.0,CL 61-KR 20D S 60,6,1
10466399,12/11/2018,04:00:00,2,1,4.0,6.0,CL 68A-KR 90 05,10,1
10466364,12/11/2018,12:21:00,1,1,4.0,10.0,KR 152-CL 131 16,11,1
10466704,12/11/2018,16:55:00,3,1,4.0,10.0,AC 116-KR 110 S 2,5,1
10466556,13/11/2018,08:15:00,2,1,4.0,2.0,CL 51-KR 3 2,2,2
10466794,13/11/2018,15:40:00,3,1,4.0,11.0,DG 49A-AK 17 S 01,4,1
10466793,13/11/2018,15:54:00,2,1,4.0,8.0,KR 50-CL 22BIS 2,13,1
10466754,13/11/2018,16:07:00,2,1,4.0,1.0,CL 80-KR 72 2,10,4
10466828,14/11/2018,01:00:00,3,1,4.0,5.0,AV AVENIDA CIUDAD DE CALI-CL 13C 52,9,1
10466719,14/11/2018,01:31:00,3,1,4.0,8.0,KR 72-CL 69A 2,10,1
10466913,14/11/2018,15:20:00,3,1,4.0,1.0,CL 35B-KR 25A S 2,18,1
10466945,15/11/2018,12:00:00,2,1,4.0,6.0,CL 145B-KR 84B 2,11,1
10470187,15/11/2018,13:30:00,2,1,4.0,1.0,CL 163B-KR 2 E 50,1,1
10466953,15/11/2018,16:00:00,3,1,4.0,2.0,CL 42B-KR 94C S 2,8,1
10467281,15/11/2018,17:00:00,2,1,4.0,11.0,AK 14-CL 74C S 2,5,11
10466907,15/11/2018,23:26:00,3,1,4.0,1.0,KR 1A-CL 65 2,2,1
10466970,16/11/2018,01:10:00,2,1,4.0,4.0,AV AVENIDA CARACAS-CL 2 S 2,14,1
10466904,16/11/2018,02:25:00,3,1,4.0,1.0,CL 127-KR 45 2,1,1
10467182,16/11/2018,08:26:00,3,1,4.0,11.0,CL 100-KR 21 2,1,1
10467100,16/11/2018,15:21:00,3,1,4.0,11.0,CL 21-KR 88A 49,9,1
10467295,17/11/2018,04:40:00,2,1,4.0,1.0,KR 36-CL 8 S 2,16,1
10467236,17/11/2018,08:15:00,3,1,4.0,2.0,KR 69A-CL 1 2,8,1
10467257,17/11/2018,13:30:00,3,1,4.0,6.0,CL 149-KR 6A 2,1,1
10467342,17/11/2018,17:40:00,3,1,4.0,1.0,AV AVENIDA DE LAS AMERICAS-KR 36 2,16,1
10467513,18/11/2018,03:00:00,3,1,4.0,2.0,CL 121-KR 6 46,1,1
10467420,18/11/2018,23:00:00,3,1,4.0,1.0,KR 87A-CL 33 S 2,8,1
10467233,19/11/2018,00:10:00,1,1,4.0,10.0,CL 90A-KR 6F SE 2,5,2
10467274,19/11/2018,09:30:00,2,1,4.0,10.0,KR 30-CL 3 2,14,1
10467648,19/11/2018,13:18:00,3,1,4.0,1.0,KR 60-CL 68F S 27,19,1
10467402,19/11/2018,13:20:00,3,1,4.0,10.0,CL 15-KR 98A 2,9,1
10467379,19/11/2018,16:18:00,3,1,4.0,10.0,KR 82A-CL 6 11,8,10
10467474,19/11/2018,19:26:00,3,1,4.0,8.0,CL 1-KR 10A 2,3,1
10467493,19/11/2018,22:49:00,3,1,4.0,11.0,KR 67A-CL 100 2,12,1
10467527,20/11/2018,23:30:00,3,1,4.0,2.0,KR 160-CL 138A 2,11,2
10467722,21/11/2018,00:29:00,3,1,4.0,5.0,AV AVENIDA CIUDAD DE CALI-CL 13C 31,8,2
10469246,21/11/2018,08:45:00,3,1,4.0,10.0,KR 25-CL 51 S 80,6,10
10467661,21/11/2018,09:00:00,3,1,4.0,2.0,KR 3A-CL 36H ES 06,4,1
10467619,21/11/2018,11:00:00,3,1,4.0,8.0,KR 86-CL 89 18,10,1
10467686,21/11/2018,11:00:00,3,1,4.0,6.0,DG 20-KR 79H 25,8,1
10467865,22/11/2018,18:10:00,3,1,4.0,10.0,CL 41G-KR 78DBISA S 2,8,1
10467735,22/11/2018,18:35:00,3,1,4.0,6.0,TR 34-AC 79 S 82,19,1
10467784,22/11/2018,19:40:00,3,1,4.0,6.0,KR 9-CL 36I ES 58,4,1
10467741,22/11/2018,19:48:00,3,1,4.0,2.0,CL 122-KR 22 2,1,1
10467880,23/11/2018,08:05:00,3,1,4.0,1.0,CL 127C-KR 5 2,1,1
10467828,23/11/2018,09:18:00,3,1,4.0,3.0,CL 209-KR 51 2,11,1
10467827,23/11/2018,12:00:00,3,1,4.0,10.0,KR 13A-CL 26A 2,3,1
10468029,24/11/2018,01:26:00,3,1,4.0,6.0,CL 78C-KR 109 2,10,1
10467869,24/11/2018,01:30:00,3,1,4.0,1.0,AV AVENIDA DEL SUR-AV AVENIDA CIUDAD DE VILLAVICENCIO 2,7,1
10467927,24/11/2018,02:20:00,2,1,4.0,2.0,KR 13-CL 49 2,2,1
10467984,24/11/2018,18:00:00,3,1,4.0,2.0,KR 15A-CL 112 2,1,1
10468014,24/11/2018,18:50:00,3,1,4.0,1.0,KR 45-CL 174 2,1,1
10468093,24/11/2018,20:46:00,3,1,4.0,6.0,KR 4-CL 100 S 71,5,1
10468160,25/11/2018,01:55:00,3,1,4.0,10.0,KR 56-CL 156 84,11,1
10467854,25/11/2018,03:20:00,1,1,4.0,4.0,AV AVENIDA PRIMERA DE MAYO-AV AVENIDA BOYACA 2,8,1
10467906,25/11/2018,03:20:00,2,1,4.0,10.0,AC 68-KR 63 S 67,19,1
10468169,25/11/2018,04:30:00,3,1,4.0,11.0,AV AVENIDA BOYACA-CL 119 2,11,1
10468024,25/11/2018,08:10:00,3,1,4.0,2.0,AC 73ABIS-TR 36B S 2,19,1
10467983,25/11/2018,11:16:00,3,1,4.0,1.0,CL 47B-KR 24B S 2,6,10
10467990,25/11/2018,12:30:00,3,1,4.0,10.0,CL 9-KR 39 2,16,10
10467985,25/11/2018,13:24:00,3,1,4.0,1.0,KR 1-CL 70 54,2,1
10468015,25/11/2018,18:30:00,3,1,4.0,4.0,KR 18R-CL 72 S 2,19,1
10467857,25/11/2018,18:45:00,2,1,4.0,1.0,KR 24-CL 82 9,12,1
10468060,26/11/2018,09:58:00,2,1,4.0,10.0,CL 80-KR 96 2,10,1
10468274,26/11/2018,14:40:00,3,1,4.0,10.0,AV AVENIDA BOYACA-CL 12B 2,8,1
10468216,26/11/2018,19:40:00,2,1,4.0,4.0,KR 45-CL 224 2,1,1
10468238,27/11/2018,21:30:00,2,1,4.0,11.0,KR 68-CL 63 2,12,1
10468366,28/11/2018,15:40:00,3,1,4.0,1.0,KR 24-CL 80 70,12,1
10468410,29/11/2018,00:20:00,3,1,4.0,2.0,KR 45-CL 170 2,1,1
10468426,29/11/2018,04:29:00,3,1,4.0,1.0,KR 45-CL 116 2,1,1
10468513,29/11/2018,09:05:00,3,1,4.0,10.0,CL 6D-KR 5 2,3,1
10468475,29/11/2018,09:20:00,2,1,4.0,10.0,KR 95A-CL 35A S 2,8,1
10468553,29/11/2018,09:40:00,3,1,4.0,10.0,KR 13-CL 52A 2,2,1
10468760,30/11/2018,09:15:00,3,1,4.0,10.0,TR 70C-AC 68 S 33,19,1
10468830,01/12/2018,00:21:00,3,1,4.0,6.0,KR 111A-CL 22D 26,9,1
10468917,01/12/2018,01:00:00,3,1,4.0,1.0,AV AVENIDA BOYACA-AV AVENIDA SUBA 2,11,1
10468742,01/12/2018,10:30:00,3,1,4.0,6.0,KR 53-CL 103B 29,11,1
10468721,01/12/2018,10:50:00,2,1,4.0,10.0,KR 50-CL 38B S 16,16,1
10468818,01/12/2018,14:10:00,3,1,4.0,2.0,CL 37D-KR 4 SE 16,4,1
10468900,01/12/2018,20:30:00,3,1,4.0,11.0,CL 13-KR 47 2,16,1
10468947,01/12/2018,21:45:00,3,1,4.0,2.0,DG 31-KR 13A SE 2,4,2
10468791,01/12/2018,23:30:00,3,1,4.0,3.0,AV AVENIDA CARACAS-CL 11 S 2,4,1
10470803,02/12/2018,02:30:00,3,1,4.0,2.0,KR 82-CL 23A 2,10,1
10468736,02/12/2018,14:20:00,2,1,4.0,4.0,KR 30-CL 62 2,13,1
10468840,02/12/2018,22:20:00,3,1,4.0,6.0,CL 134B-KR 9 2,1,1
10468858,03/12/2018,05:20:00,2,1,4.0,1.0,KR 45-CL 166 2,1,1
10469061,03/12/2018,09:52:00,3,1,4.0,2.0,KR 2-CL 6B S 2,4,1
10469013,03/12/2018,10:30:00,2,1,4.0,10.0,CL 39-KR 3 2,2,1
10468940,03/12/2018,11:30:00,3,1,4.0,2.0,KR 80-CL 2 51,8,2
10468916,03/12/2018,12:10:00,3,1,4.0,10.0,KR 19-CL 52B 15,6,1
10468989,03/12/2018,19:30:00,3,1,4.0,2.0,CL 130-KR 94 38,11,1
10469000,03/12/2018,23:30:00,3,1,4.0,10.0,CL 45-KR 86 2,8,1
10469183,05/12/2018,10:05:00,3,1,4.0,2.0,CL 17A-KR 36 2,16,1
10469231,05/12/2018,10:20:00,3,1,4.0,2.0,KR 76-CL 68C S 91,19,1
10469266,05/12/2018,16:30:00,2,1,4.0,10.0,KR 68B-CL 22A 2,9,1
10469140,05/12/2018,21:10:00,2,1,4.0,8.0,KR 104-CL 128A 2,11,1
10469180,06/12/2018,00:16:00,2,1,4.0,5.0,KR 33-CL 26 2,13,1
10469363,06/12/2018,15:20:00,3,1,4.0,10.0,CL 7-KR 17 01,14,1
10469251,06/12/2018,21:20:00,3,1,4.0,10.0,KR 86Q-CL 54C S 2,7,1
10469261,06/12/2018,23:36:00,3,1,4.0,1.0,CL 67-KR 17B S 91,19,10
10469663,07/12/2018,07:00:00,3,1,4.0,2.0,AK 91-CL 127C 2,11,1
10469540,07/12/2018,09:19:00,3,1,4.0,1.0,CL 26-KR 69D 2,9,1
10469385,07/12/2018,11:58:00,2,1,4.0,6.0,CL 111A-KR 7 S 2,5,1
10469545,07/12/2018,15:30:00,3,1,4.0,10.0,CL 128A-KR 54B 2,11,1
10469450,08/12/2018,05:00:00,2,1,4.0,8.0,AC 26-KR 92 2,10,1
10469738,08/12/2018,06:00:00,3,1,4.0,1.0,DG 28BISB-TR 4C SE 51,4,2
10469624,08/12/2018,16:30:00,3,1,4.0,4.0,CL 77-KR 15 E 2,5,1
10469634,08/12/2018,16:46:00,3,1,4.0,2.0,KR 80-CL 74A 2,10,1
10469628,08/12/2018,17:15:00,3,1,4.0,2.0,DG 70A-AK 45A S 2,19,2
10469674,08/12/2018,20:30:00,3,1,4.0,8.0,CL 19A-KR 72 2,9,10
10469408,08/12/2018,23:09:00,2,1,4.0,2.0,CL 39-KR 68FBIS 38,8,1
10469658,09/12/2018,07:20:00,3,1,4.0,6.0,CL 42A-KR 14 SE 19,4,1
10469731,09/12/2018,16:00:00,3,1,4.0,1.0,AV AVENIDA DE LAS AMERICAS-KR 79C 2,8,1
10469805,10/12/2018,01:27:00,3,1,4.0,9.0,AK 45-CL 166 2,1,1
10469820,10/12/2018,01:30:00,3,1,4.0,1.0,CL 22-KR 81C 14,9,1
10469778,10/12/2018,12:00:00,3,1,4.0,2.0,CL 77-KR 68 6,10,2
10469951,10/12/2018,16:25:00,3,1,4.0,10.0,KR 45-CL 104 54,1,10
10469974,11/12/2018,01:10:00,3,1,4.0,10.0,CL 128B-KR 19 2,1,1
10469952,11/12/2018,09:30:00,3,1,4.0,10.0,CL 63-KR 3A 44,2,1
10469941,11/12/2018,16:00:00,3,1,4.0,2.0,CL 42-KR 88F 2,8,1
10469875,12/12/2018,02:30:00,3,1,4.0,6.0,KR 17B-CL 11A ES 2,4,2
10470161,13/12/2018,10:30:00,3,1,4.0,10.0,KR 5-CL 131 2,1,1
10470080,13/12/2018,14:07:00,3,1,4.0,10.0,CL 7-KR 39 11,16,1
10470006,13/12/2018,18:00:00,3,1,4.0,4.0,AV AVENIDA DE LAS AMERICAS-KR 60 56,16,10
10470294,14/12/2018,13:30:00,3,1,4.0,2.0,CL 136-KR 53 2,11,2
10470209,15/12/2018,08:35:00,2,1,4.0,10.0,KR 54-DG 47A S 2,6,1
10470351,15/12/2018,09:10:00,3,1,4.0,10.0,CL 58-KR 78B S 2,8,1
10470198,15/12/2018,21:00:00,2,1,4.0,10.0,KR 79-CL 39A S 35,8,1
10470433,15/12/2018,21:20:00,3,1,4.0,10.0,CL 36-KR 34C S 20,15,1
10470189,15/12/2018,22:30:00,1,1,4.0,1.0,AK 45-CL 166 2,1,1
10470428,16/12/2018,15:30:00,3,1,4.0,4.0,KR 7-CL 37 2,3,1
10470478,16/12/2018,22:00:00,3,1,4.0,4.0,AV AVENIDA CIRCUNVALAR-KR 18 23,17,1
10470605,17/12/2018,09:50:00,3,1,4.0,6.0,KR 78BISA-CL 41B 29,8,1
10470561,17/12/2018,10:00:00,3,1,4.0,1.0,CL 170-KR 92 2,11,1
10470558,17/12/2018,13:00:00,3,1,4.0,1.0,CL 3-KR 23 2,14,1
10470545,17/12/2018,18:00:00,3,1,4.0,6.0,KR 20-CL 23 S 2,18,1
10470568,17/12/2018,21:14:00,3,1,4.0,10.0,CL 64-KR 1 15,2,1
10470621,18/12/2018,17:15:00,3,1,4.0,10.0,CL 17-KR 120 76,9,1
10470699,18/12/2018,22:30:00,3,1,4.0,2.0,CL 47B-KR 22 S 95,6,1
10470705,19/12/2018,00:10:00,3,1,4.0,3.0,KR 50-CL 17 29,16,1
10470708,19/12/2018,00:10:00,3,1,4.0,2.0,CL 80-KR 85 2,10,2
10470833,19/12/2018,04:02:00,2,1,4.0,1.0,CL 59-KR 78F S 2,7,1
10470730,19/12/2018,20:59:00,3,1,4.0,3.0,CL 52A-KR 9 21,2,1
10470870,20/12/2018,08:00:00,2,1,4.0,11.0,CL 134-KR 10 2,1,1
10470894,20/12/2018,10:20:00,3,1,4.0,5.0,AC 68-KR 3 2,16,1
10470985,21/12/2018,10:30:00,3,1,4.0,11.0,KR 68A-CL 24B 10,9,1
10471001,21/12/2018,10:38:00,3,1,4.0,10.0,KR 12-CL 142 2,1,1
10470968,21/12/2018,17:50:00,3,1,4.0,10.0,CL 37B-KR 87F S 2,3,1
10470974,21/12/2018,19:00:00,3,1,4.0,1.0,KR 11-CL 82 71,2,1
10470960,21/12/2018,22:30:00,3,1,4.0,2.0,CL 141-KR 101 2,11,2
10471057,22/12/2018,01:00:00,2,1,4.0,2.0,CL 45A-KR 50A S 91,6,1
10471013,22/12/2018,05:30:00,1,1,4.0,1.0,AV AVENIDA DE LAS AMERICAS-AC 79 23,8,1
10471140,22/12/2018,11:30:00,3,1,4.0,1.0,CL 24A-KR 64 2,13,1
10471115,22/12/2018,15:00:00,3,1,4.0,1.0,KR 62-CL 4G 2,16,1
10471591,22/12/2018,20:00:00,2,1,4.0,2.0,KR 18-CL 43A ES 2,4,1
10471210,23/12/2018,07:55:00,2,1,4.0,6.0,CL 52-KR 11A S 29,6,1
10474813,24/12/2018,07:01:00,2,1,4.0,2.0,KR 36-CL 51 S 02,6,1
10471289,25/12/2018,00:40:00,2,1,4.0,1.0,KR 14-CL 38 2,2,1
10471286,25/12/2018,03:30:00,3,1,4.0,2.0,KR 9-CL 58BIS 2,2,1
10471678,25/12/2018,06:00:00,2,1,4.0,1.0,AV AVENIDA DE LAS AMERICAS-AV AVENIDA CIUDAD DE CALI 2,8,1
10471780,25/12/2018,20:04:00,3,1,4.0,6.0,CL 82-KR 3A S 2,5,1
10471323,25/12/2018,20:45:00,3,1,4.0,1.0,AV AVENIDA BOYACA-CL 72 S 4,19,1
10471285,25/12/2018,23:15:00,3,1,4.0,6.0,CL 156-KR 92 71,11,1
10471156,25/12/2018,23:33:00,1,1,4.0,1.0,KR 77M-CL 73B S 2,7,1
10471345,26/12/2018,00:10:00,2,1,4.0,2.0,KR 5A-CL 30D 2,4,1
10471543,26/12/2018,09:00:00,2,1,4.0,10.0,CL 80-KR 69T 2,10,1
10471502,26/12/2018,14:27:00,3,1,4.0,6.0,CL 55-KR 10A SE 2,4,2
10471389,26/12/2018,16:30:00,3,1,4.0,11.0,CL 25B-KR 30A 2,13,1
10471563,27/12/2018,10:00:00,3,1,4.0,10.0,KR 115-CL 89A 31,10,10
10471556,27/12/2018,19:10:00,3,1,4.0,6.0,KR 7C-CL 108 ES 28,5,1
10471653,28/12/2018,17:04:00,2,1,4.0,1.0,KR 9CBIS-CL 28BISB ES 2,4,1
10471707,28/12/2018,19:00:00,2,1,4.0,8.0,AV AVENIDA CIRCUNVALAR-CL 36 2,3,1
10471713,28/12/2018,19:00:00,1,1,4.0,11.0,CL 81-KR 119 2,10,1
10471736,29/12/2018,16:10:00,2,1,4.0,6.0,CL 2-KR 5B SE 2,4,1
10471711,29/12/2018,16:30:00,1,1,4.0,2.0,KR 68B-CL 17 40,9,1
10479247,30/12/2018,23:10:00,2,1,4.0,2.0,CL 65-KR 11 S 02,5,1
10471883,31/12/2018,05:00:00,2,1,4.0,11.0,AC 26-KR 100 2,9,1
10471764,31/12/2018,08:23:00,2,1,4.0,6.0,KR 15-CL 61A ES 2,4,1
10471880,31/12/2018,13:30:00,3,1,4.0,2.0,KR 87H-CL 70 S 2,7,1
10471768,31/12/2018,16:38:00,2,1,4.0,10.0,AV AVENIDA CARACAS-CL 59 2,13,1
10471910,01/01/2019,09:00:00,3,1,4.0,6.0,CL 54D-KR 77GBISA S 71,8,10
10474414,01/01/2019,11:50:00,3,1,4.0,10.0,KR 6-CL 9 2,3,1
10471936,02/01/2019,15:40:00,3,1,4.0,10.0,AK 68-CL 49A S 74,16,1
10472126,03/01/2019,12:05:00,2,1,4.0,10.0,KR 19F-CL 71 2,19,1
10472503,04/01/2019,06:25:00,3,1,4.0,6.0,CL 75-KR 18F S 15,19,2
10472144,04/01/2019,22:50:00,2,1,4.0,10.0,CL 114A-KR 8B SE 2,5,1
10472216,05/01/2019,06:30:00,3,1,4.0,2.0,CL 6-KR 40 38,16,1
10472155,05/01/2019,12:15:00,2,1,4.0,10.0,KR 78-CL 5C 2,8,1
10472268,05/01/2019,22:32:00,3,1,4.0,3.0,AV AVENIDA BOYACA-CL 117 2,11,1
10472304,06/01/2019,11:00:00,3,1,4.0,10.0,AV AVENIDA BOYACA-CL 43C 2,8,1
10472386,07/01/2019,10:20:00,2,1,4.0,11.0,KR 30-CL 5A 2,16,1
10472323,07/01/2019,13:00:00,3,1,4.0,2.0,CL 31A-KR 2 SE 28,4,1
10472275,07/01/2019,16:15:00,3,1,4.0,6.0,KR 1-CL 48 ES 2,4,1
10472309,07/01/2019,22:30:00,3,1,4.0,3.0,AK 7-CL 170 72,1,1
10472333,08/01/2019,10:00:00,3,1,4.0,11.0,CL 33B-KR 13K S 2,18,1
10472367,08/01/2019,12:50:00,3,1,4.0,2.0,KR 69-CL 77 2,10,1
10472290,08/01/2019,17:50:00,3,1,4.0,2.0,TR 19-CL 61A S 2,19,1
10472359,08/01/2019,21:15:00,3,1,4.0,6.0,CL 2ABIS-KR 71D 79,8,10
10472425,09/01/2019,14:30:00,3,1,4.0,6.0,KR 46-CL 68 S 2,6,1
10472422,09/01/2019,15:30:00,3,1,4.0,6.0,CL 78D-KR 18QBIS S 2,19,1
10472481,10/01/2019,07:10:00,3,1,4.0,2.0,KR 56-CL 167A 2,11,1
10472490,10/01/2019,19:20:00,3,1,4.0,10.0,AK 68-CL 64 2,12,1
10472518,11/01/2019,07:40:00,2,1,4.0,1.0,AV AVENIDA CIUDAD DE VILLAVICENCIO-AC 81J 2,8,1
10472606,12/01/2019,17:00:00,3,1,4.0,8.0,CL 72-KR 5 67,2,1
10472638,12/01/2019,17:35:00,3,1,4.0,4.0,KR 50-CL 74 35,12,10
10472601,12/01/2019,22:00:00,2,1,4.0,8.0,CL 68-KR 68 2,12,1
10472602,12/01/2019,23:45:00,2,1,4.0,2.0,CL 63-KR 35A 2,12,1
10472609,13/01/2019,02:30:00,2,1,4.0,2.0,KR 3A-CL 30A ES 2,4,1
10472632,13/01/2019,03:10:00,2,1,4.0,2.0,KR 16-CL 17A S 2,15,2
10472642,13/01/2019,04:00:00,2,1,4.0,11.0,CL 56FBIS-KR 89A 43,8,1
10472693,13/01/2019,08:05:00,3,1,4.0,10.0,CL 170-KR 7 60,1,11
10472709,13/01/2019,10:00:00,3,1,4.0,6.0,KR 55C-CL 159A 10,11,1
10472710,14/01/2019,00:30:00,3,1,4.0,2.0,CL 26-KR 70 2,10,1
10472796,14/01/2019,17:39:00,2,1,4.0,10.0,KR 55-CL 123 2,11,1
10472831,15/01/2019,08:47:00,2,1,4.0,11.0,CL 26-KR 27 2,12,1
10472818,15/01/2019,22:38:00,2,1,4.0,11.0,CL 185-KR 45 60,11,1
10472995,16/01/2019,14:34:00,2,1,4.0,2.0,CL 49-KR 25 S 02,6,1
10472904,16/01/2019,15:50:00,3,1,4.0,6.0,KR 21-CL 134A 20,1,1
10472946,16/01/2019,22:15:00,3,1,4.0,3.0,AK 45-CL 127C 2,1,1
10472998,16/01/2019,23:46:00,2,1,4.0,11.0,CL 13-KR 96B 02,9,1
10473059,17/01/2019,10:30:00,3,1,4.0,10.0,CL 18B-KR 109 33,9,1
10472988,18/01/2019,00:08:00,2,1,4.0,3.0,KR 33-CL 29 2,13,1
10473128,18/01/2019,11:00:00,3,1,4.0,2.0,KR 35-CL 11A 02,16,1
10473129,18/01/2019,12:00:00,3,1,4.0,2.0,KR 34-CL 12 02,16,1
10473112,18/01/2019,23:00:00,3,1,4.0,1.0,CL 121-KR 3A 02,1,1
10473197,19/01/2019,20:30:00,2,1,4.0,10.0,CL 132-KR 109A 02,11,1
10473292,19/01/2019,22:29:00,3,1,4.0,1.0,AV AVENIDA SUBA-CL 116 2,11,1
10473609,20/01/2019,06:30:00,3,1,4.0,2.0,CL 54-KR 100 S 2,7,1
10473310,20/01/2019,07:00:00,3,1,4.0,8.0,AV AVENIDA SUBA-CL 119A 2,11,1
10473385,20/01/2019,23:00:00,3,1,4.0,4.0,TR 100A-CL 80A 2,10,10
10473357,21/01/2019,05:05:00,2,1,4.0,6.0,DG 69-KR 45 S 04,19,2
10473462,21/01/2019,11:15:00,2,1,4.0,2.0,CL 170-KR 80 02,11,1
10473482,22/01/2019,15:00:00,3,1,4.0,10.0,CL 43-KR 57 41,13,1
10473496,22/01/2019,15:00:00,3,1,4.0,2.0,KR 69-CL 13 41,9,1
10473495,22/01/2019,18:06:00,3,1,4.0,10.0,KR 14A-CL 151A 40,1,10
10473475,22/01/2019,23:59:00,3,1,4.0,2.0,AV AVENIDA BOYACA-CL 32 S 02,8,1
10473603,23/01/2019,07:47:00,3,1,4.0,1.0,CL 49BBISA-KR 3 S 2,4,1
10473558,23/01/2019,22:40:00,3,1,4.0,10.0,AV AVENIDA DEL SUR-CL 44 S 2,7,1
10473691,24/01/2019,08:40:00,3,1,4.0,2.0,KR 4-CL 182 2,1,8
10473694,24/01/2019,10:00:00,3,1,4.0,2.0,KR 103-CL 25B 96,9,1
10473879,24/01/2019,11:10:00,3,1,4.0,10.0,CL 12C-KR 5 62,17,1
10473781,25/01/2019,05:00:00,3,1,4.0,6.0,CL 17A-KR 4 S 56,4,1
10473790,25/01/2019,09:00:00,3,1,4.0,2.0,CL 74A-KR 16 SE 77,4,1
10473777,25/01/2019,11:20:00,3,1,4.0,6.0,CL 57B-KR 54D 14,7,1
10473796,25/01/2019,16:40:00,3,1,4.0,10.0,CL 129A-KR 54 85,11,1
10473891,25/01/2019,21:17:00,3,1,4.0,6.0,CL 48L-KR 3B S 19,18,1
10473724,26/01/2019,00:20:00,2,1,4.0,2.0,AV AVENIDA CARACAS-CL 28A 2,13,1
10473805,26/01/2019,03:50:00,2,1,4.0,1.0,CL 31-KR 5A S 02,4,1
10473877,26/01/2019,05:30:00,2,1,4.0,4.0,CL 72-KR 68 2,10,8
10473994,27/01/2019,03:20:00,2,1,4.0,1.0,CL 63-KR 90 2,10,1
10473881,27/01/2019,13:40:00,3,1,4.0,10.0,CL 1-KR 78M 66,8,1
10474060,28/01/2019,09:15:00,3,1,4.0,2.0,KR 103CBIS-CL 139 44,11,1
10474002,28/01/2019,14:50:00,2,1,4.0,6.0,CL 75-KR 75A 02,10,1
10474128,29/01/2019,23:30:00,2,1,4.0,10.0,KR 50-CL 44 5,13,1
10474208,30/01/2019,01:45:00,2,1,4.0,10.0,CL 116-KR 70G 87,11,1
10474360,31/01/2019,00:00:00,3,1,4.0,4.0,KR 13-CL 50 02,2,1
10474295,31/01/2019,01:00:00,3,1,4.0,4.0,KR 8A-CL 153 56,1,1
10475111,31/01/2019,14:30:00,3,1,4.0,6.0,TR 14-CL 54 ES 2,4,1
10474463,01/02/2019,09:30:00,2,1,4.0,10.0,KR 109-CL 151 2,11,1
10474507,01/02/2019,10:50:00,3,1,4.0,10.0,KR 10-CL 97 2,2,1
10474424,01/02/2019,16:07:00,3,1,4.0,10.0,CL 26-KR 96J 66,10,1
10474432,01/02/2019,19:58:00,3,1,4.0,10.0,CL 106-KR 15 2,1,1
10474486,01/02/2019,20:30:00,2,1,4.0,11.0,CL 58C-KR 47 S 2,19,1
10474497,02/02/2019,02:40:00,2,1,4.0,5.0,AV AVENIDA CIUDAD DE CALI-CL 132 2,11,1
10474612,02/02/2019,08:05:00,3,1,4.0,10.0,CL 171-KR 92 2,11,10
10474592,02/02/2019,09:16:00,2,1,4.0,7.0,CL 65-KR 2 14,2,10
10474604,02/02/2019,10:15:00,3,1,4.0,8.0,AV AVENIDA BOYACA-CL 72 S 2,19,1
10474631,02/02/2019,11:00:00,3,1,4.0,2.0,TR 24I-CL 13 S 02,15,1
10474619,02/02/2019,12:00:00,3,1,4.0,10.0,KR 96G-CL 16H 51,9,1
10474638,02/02/2019,13:30:00,3,1,4.0,7.0,CL 213-KR 114 10,11,1
10474630,02/02/2019,16:00:00,3,1,4.0,6.0,CL 66A-KR 18QBIS S 2,6,1
10474602,02/02/2019,17:39:00,3,1,4.0,10.0,KR 45-CL 70C S 2,19,1
10474547,02/02/2019,19:10:00,2,1,4.0,10.0,KR 17A-CL 83 S 2,19,1
10474649,02/02/2019,22:00:00,3,1,4.0,1.0,CL 19-KR 100 46,9,1
10474716,03/02/2019,04:30:00,3,1,4.0,10.0,KR 145-CL 145A 2,11,1
10474905,05/02/2019,13:00:00,3,1,4.0,2.0,KR 36-CL 16 02,16,1
10474969,05/02/2019,13:20:00,2,1,4.0,6.0,CL 35B-KR 3A S 2,4,1
10475024,06/02/2019,09:10:00,2,1,4.0,1.0,CL 57A-KR 79F S 2,8,1
10475057,06/02/2019,14:10:00,2,1,4.0,6.0,KR 3F-DG 54 S 2,18,1
10474977,07/02/2019,00:20:00,2,1,4.0,2.0,CL 167-KR 55A 2,11,1
10475127,08/02/2019,10:30:00,3,1,4.0,11.0,CL 13-KR 50 2,16,1
10475233,09/02/2019,16:30:00,2,1,4.0,10.0,AC 87B-KR 6B SE 60,5,1
10475217,09/02/2019,22:00:00,2,1,4.0,10.0,CL 51-TR 114 S 2,6,2
10475357,10/02/2019,00:00:00,3,1,4.0,2.0,AC 6-KR 37A 70,16,1
10475363,10/02/2019,00:45:00,3,1,4.0,1.0,CL 13-KR 69B 88,9,1
10475528,11/02/2019,18:20:00,2,1,4.0,8.0,CL 127-KR 71 16,11,1
10475433,11/02/2019,23:19:00,3,1,4.0,6.0,KR 113-CL 66 35,10,1
10477981,12/02/2019,01:35:00,2,1,4.0,1.0,KR 14-CL 28 S 2,18,2
10475482,12/02/2019,09:45:00,3,1,4.0,4.0,KR 33-CL 12 90,16,1
10475557,12/02/2019,11:45:00,3,1,4.0,2.0,CL 63D-KR 21 2,12,1
10475612,12/02/2019,14:52:00,3,1,4.0,10.0,KR 107-CL 137B 2,11,1
10475737,13/02/2019,16:30:00,3,1,4.0,11.0,AV AVENIDA BOYACA-CL 84A 2,10,1
10475679,13/02/2019,18:45:00,2,1,4.0,2.0,CL 3BIS-KR 18A 2,14,1
10475595,13/02/2019,18:52:00,1,1,4.0,1.0,AK 15-CL 100 2,1,1
10475810,14/02/2019,13:15:00,3,1,4.0,8.0,CL 23-KR 113 85,9,1
10475928,14/02/2019,14:37:00,2,1,4.0,4.0,KR 10-CL 6 2,3,7
10475922,14/02/2019,18:02:00,2,1,4.0,10.0,KR 1A-CL 1C E 02,3,1
10475824,14/02/2019,21:15:00,2,1,4.0,1.0,AV AVENIDA CIUDAD DE VILLAVICENCIO-AV AVENIDA PRIMERA DE MAYO 2,8,1
10475760,14/02/2019,21:30:00,3,1,4.0,10.0,CL 43-KR 59 2,13,1
10476085,16/02/2019,12:05:00,3,1,4.0,2.0,CL 64BIS-TR 108 02,10,1
10476060,16/02/2019,13:45:00,3,1,4.0,6.0,CL 136-KR 14F S 85,5,1
10476213,17/02/2019,11:30:00,2,1,4.0,10.0,CL 48X-KR 3B S 2,18,1
10476183,18/02/2019,11:00:00,3,1,4.0,10.0,CL 26-KR 5 2,3,1
10476157,18/02/2019,11:40:00,3,1,4.0,10.0,CL 27-KR 7B S 02,4,1
10476204,18/02/2019,17:04:00,2,1,4.0,2.0,CL 72-KR 78A 2,10,2
10476290,19/02/2019,12:00:00,3,1,4.0,9.0,KR 95A-CL 49C S 80,7,1
10476257,19/02/2019,13:15:00,3,1,4.0,10.0,KR 80F-CL 42A S 2,8,1
10476369,20/02/2019,11:25:00,3,1,4.0,2.0,CL 63-KR 93 2,10,1
10476327,20/02/2019,15:20:00,3,1,4.0,10.0,CL 19-KR 24H S 2,15,1
10476370,21/02/2019,03:30:00,1,1,4.0,3.0,KR 13-CL 30 S 2,18,1
10476399,21/02/2019,10:20:00,3,1,4.0,4.0,KR 17-CL 67 S 90,19,1
10476390,21/02/2019,11:30:00,3,1,4.0,10.0,KR 3-CL 22BIS ES 2,4,1
10476394,21/02/2019,19:58:00,3,1,4.0,1.0,KR 13-CL 33 18,3,1
10476492,22/02/2019,07:30:00,2,1,4.0,10.0,CL 25G-KR 85H 51,9,1
10476484,22/02/2019,12:50:00,3,1,4.0,10.0,CL 48-KR 75B 45,10,1
10476497,22/02/2019,19:45:00,2,1,4.0,10.0,KR 58-CL 14 2,16,1
10476743,23/02/2019,01:00:00,3,1,4.0,10.0,TR 60-CL 100 90,11,10
10476729,23/02/2019,05:43:00,3,1,4.0,2.0,KR 15A-CL 64 2,12,1
10476884,23/02/2019,08:30:00,3,1,4.0,4.0,CL 42-KR 3 E 2,2,1
10476701,23/02/2019,14:26:00,3,1,4.0,10.0,KR 77L-CL 49 S 2,8,1
10476608,23/02/2019,15:05:00,2,1,4.0,10.0,KR 10-CL 14 S 02,4,1
10476713,23/02/2019,17:29:00,3,1,4.0,10.0,CL 50-KR 9 50,2,1
10476749,24/02/2019,00:10:00,3,1,4.0,3.0,CL 80-KR 69T 2,10,1
10476654,24/02/2019,01:45:00,2,1,4.0,4.0,CL 45-KR 30 2,13,1
10476765,24/02/2019,03:00:00,3,1,4.0,5.0,AV AVENIDA CIUDAD DE VILLAVICENCIO-CL 57B S 2,7,2
10476737,24/02/2019,04:40:00,3,1,4.0,2.0,CL 147-KR 12 49,1,1
10476763,24/02/2019,06:05:00,3,1,4.0,6.0,AC 169B-KR 74A 2,11,1
10476773,24/02/2019,08:30:00,3,1,4.0,1.0,KR 11-CL 79 2,2,1
10476769,24/02/2019,12:08:00,3,1,4.0,1.0,CL 52A-KR 3C 49,2,1
10476798,25/02/2019,12:00:00,3,1,4.0,6.0,KR 1A-CL 161 E 51,1,1
10476806,25/02/2019,13:31:00,2,1,4.0,10.0,CL 6-KR 18 32,1,1
10477239,25/02/2019,14:16:00,2,1,4.0,1.0,AV AVENIDA CIRCUNVALAR-CL 51 2,2,2
10476840,25/02/2019,20:30:00,3,1,4.0,10.0,CL 34-KR 91C S 2,8,1
10476949,26/02/2019,09:00:00,3,1,4.0,10.0,CL 22F-KR 113A 2,9,1
10476927,26/02/2019,14:50:00,3,1,4.0,3.0,KR 5-CL 39 02,3,1
10476950,26/02/2019,18:35:00,3,1,4.0,10.0,CL 150-KR 16 56,1,10
10477036,27/02/2019,00:30:00,3,1,4.0,1.0,KR 104-CL 163 09,11,10
10477035,27/02/2019,05:00:00,2,1,4.0,1.0,CL 32-KR 13B 14,3,1
10477061,27/02/2019,08:15:00,3,1,4.0,1.0,CL 73-KR 8 60,2,1
10477081,27/02/2019,11:10:00,3,1,4.0,10.0,KR 95B-CL 128C 2,11,1
10477138,27/02/2019,17:20:00,2,1,4.0,8.0,AV AVENIDA BOYACA-KR 147 2,11,11
10477103,28/02/2019,08:50:00,3,1,4.0,3.0,CL 80-KR 78G S 58,7,1
10477188,28/02/2019,11:30:00,3,1,4.0,10.0,KR 80-CL 2 51,8,1
10477164,28/02/2019,14:05:00,3,1,4.0,7.0,CL 3-KR 5B E 2,3,1
10477166,28/02/2019,15:02:00,3,1,4.0,10.0,CL 97A-KR 57 02,12,1
10477181,01/03/2019,01:03:00,1,1,4.0,11.0,KR 1-CL 64 S 2,5,1
10477294,01/03/2019,13:40:00,3,1,4.0,1.0,CL 22-KR 29A 2,14,2
10477259,01/03/2019,14:30:00,3,1,4.0,2.0,CL 72-KR 70 2,10,1
10477305,01/03/2019,15:30:00,3,1,4.0,8.0,CL 90-KR 11A 41,2,1
10477251,01/03/2019,21:13:00,3,1,4.0,6.0,TR 124ABIS-CL 131A 18,11,2
10477401,02/03/2019,00:42:00,3,1,4.0,5.0,AV AVENIDA PRIMERA DE MAYO-KR 8 02,4,2
10477439,02/03/2019,11:15:00,3,1,4.0,10.0,KR 10-CL 8 02,3,1
10477653,02/03/2019,13:44:00,2,1,4.0,10.0,KR 89C-CL 40 S 2,8,1
10477524,03/03/2019,02:20:00,3,1,4.0,6.0,KR 96A-CL 56F 54,7,1
10477514,03/03/2019,07:23:00,3,1,4.0,10.0,KR 77H-CL 55D S 4,8,1
10477547,03/03/2019,21:30:00,3,1,4.0,10.0,AV AVENIDA BOYACA-CL 147 02,11,1
10477642,03/03/2019,22:00:00,2,1,4.0,3.0,CL 10A-KR 12 S 02,15,1
10477601,04/03/2019,09:15:00,3,1,4.0,6.0,KR 13A-CL 32D S 11,18,1
10477557,04/03/2019,23:00:00,3,1,4.0,10.0,CL 145-KR 13A 60,1,1
10477710,05/03/2019,09:50:00,3,1,4.0,10.0,CL 12-KR 18 49,14,1
10477805,05/03/2019,13:20:00,2,1,4.0,10.0,DG 47-KR 77 09,10,2
10477641,05/03/2019,14:20:00,1,1,4.0,1.0,DG 108A-AK 7B 2,1,1
10477754,05/03/2019,16:10:00,3,1,4.0,6.0,CL 8A-KR 73B 02,8,1
10477689,05/03/2019,20:29:00,3,1,4.0,10.0,KR 79-CL 42 2,8,1
10477748,05/03/2019,22:06:00,3,1,4.0,6.0,KR 88BIS-CL 5A S 30,8,1
10477761,06/03/2019,08:15:00,3,1,4.0,10.0,AV AVENIDA SUBA-CL 128B 2,11,1
10477827,06/03/2019,14:00:00,3,1,4.0,1.0,KR 129-CL 22B 57,9,1
10477817,06/03/2019,17:26:00,3,1,4.0,10.0,CL 168-KR 39 43,1,1
10477852,06/03/2019,18:10:00,3,1,4.0,2.0,KR 14A-CL 93A S 2,5,1
10478022,07/03/2019,17:47:00,2,1,4.0,10.0,CL 71-KR 14 2,12,1
10478075,08/03/2019,00:25:00,2,1,4.0,4.0,CL 68-KR 65 2,12,1
10478013,08/03/2019,00:30:00,3,1,4.0,4.0,KR 1-DG 38 2,2,1
10478033,08/03/2019,00:30:00,2,1,4.0,1.0,CL 53-KR 71B 02,10,1
10478305,08/03/2019,01:20:00,2,1,4.0,10.0,AK 45-CL 116 2,1,1
10478081,08/03/2019,21:13:00,3,1,4.0,2.0,AK 24-CL 70A 2,12,1
10478188,09/03/2019,00:10:00,3,1,4.0,2.0,KR 15-CL 48 ES 2,4,1
10478128,09/03/2019,03:30:00,2,1,4.0,1.0,KR 72D-CL 57R S 2,7,1
10478172,09/03/2019,13:17:00,3,1,4.0,2.0,KR 91B-CL 128ABIS 02,11,1
10478198,09/03/2019,19:00:00,3,1,4.0,10.0,AV AVENIDA DEL SUR-CL 38 S 2,16,1
10478239,10/03/2019,03:20:00,3,1,4.0,1.0,KR 80I-CL 86A S 2,7,1
10478137,10/03/2019,04:24:00,2,1,4.0,4.0,CL 26-KR 29 2,12,1
10478208,10/03/2019,23:00:00,3,1,4.0,2.0,KR 1-CL 81 2,2,1
10478322,11/03/2019,06:30:00,3,1,4.0,10.0,KR 106-CL 15A 25,9,10
10478324,11/03/2019,08:36:00,3,1,4.0,10.0,KR 9-CL 113 2,1,1
10478254,11/03/2019,16:35:00,3,1,4.0,2.0,KR 64-CL 20 2,16,1
10478319,11/03/2019,22:00:00,3,1,4.0,2.0,CL 7-KR 7 S 2,4,1
10478327,12/03/2019,03:43:00,3,1,4.0,6.0,CL 71-KR 31 S 81,5,1
10478531,13/03/2019,15:35:00,3,1,4.0,2.0,CL 12-KR 38 2,16,1
10478674,14/03/2019,06:37:00,3,1,4.0,2.0,CL 116-KR 7A SE 2,5,1
10478612,14/03/2019,14:20:00,3,1,4.0,10.0,DG 4-AK 7 E 91,3,1
10478685,14/03/2019,16:00:00,2,1,4.0,10.0,KR 10-CL 76 ES 30,5,2
10478927,15/03/2019,11:00:00,3,1,4.0,4.0,AV AVENIDA CIRCUNVALAR-KR 3 E 2,3,2
10478830,15/03/2019,19:30:00,3,1,4.0,2.0,CL 6-KR 31B 57,16,1
10478838,16/03/2019,02:40:00,3,1,4.0,6.0,CL 12A-KR 28 2,14,1
10478802,16/03/2019,02:56:00,2,1,4.0,4.0,AK 45-CL 210 2,1,1
10478930,16/03/2019,11:30:00,3,1,4.0,10.0,CL 172A-KR 22A 2,1,1
10478988,16/03/2019,13:00:00,3,1,4.0,10.0,CL 55-KR 24B S 55,6,10
10479079,17/03/2019,01:10:00,3,1,4.0,2.0,CL 26-KR 72 2,9,1
10478894,17/03/2019,04:20:00,2,1,4.0,1.0,AV AVENIDA CUIDAD DE VILLAVICENCIO-KR 43 2,19,1
10478947,17/03/2019,12:17:00,3,1,4.0,10.0,KR 116-CL 152 91,11,1
10478873,18/03/2019,09:06:00,2,1,4.0,6.0,CL 94A-KR 11A 36,2,10
10478998,18/03/2019,10:30:00,3,1,4.0,4.0,AV AVENIDA DEL SUR-KR 75B 2,7,1
10479108,18/03/2019,13:25:00,3,1,4.0,10.0,CL 36-KR 69BIS S 2,8,1
10479183,19/03/2019,11:35:00,3,1,4.0,1.0,CL 72-KR 74A 2,10,1
10479324,20/03/2019,11:20:00,3,1,4.0,2.0,CL 113-KR 57 2,11,1
10479281,20/03/2019,13:30:00,2,1,4.0,1.0,AV AVENIDA PRIMERA DE MAYO-KR 68 2,8,1
10479595,20/03/2019,14:30:00,3,1,4.0,2.0,DG 24C-KR 96BBIS 2,9,1
10479509,21/03/2019,02:00:00,2,1,4.0,8.0,CL 27-KR 11 S 2,18,2
10479365,21/03/2019,08:30:00,3,1,4.0,1.0,CL 45C-KR 22 02,13,10
10479593,21/03/2019,09:30:00,3,1,4.0,6.0,KR 79-CL 5 S 27,8,1
10479385,21/03/2019,13:54:00,2,1,4.0,6.0,CL 59ABIS-KR 57K S 09,7,2
10479619,21/03/2019,15:30:00,3,1,4.0,10.0,KR 97BIS-CL 127B 76,11,1
10479607,21/03/2019,22:30:00,3,1,4.0,5.0,CL 36-KR 16 02,13,1
10479715,22/03/2019,04:23:00,3,1,4.0,6.0,CL 66-KR 77A 2,10,1
10479615,22/03/2019,09:20:00,3,1,4.0,2.0,CL 57-KR 24 46,13,1
10479749,23/03/2019,03:11:00,3,1,4.0,4.0,AK 86-CL 65BIS 2,10,1
10479478,23/03/2019,06:00:00,2,1,4.0,10.0,CL 22C-KR 68F 2,9,1
10479748,23/03/2019,14:30:00,3,1,4.0,1.0,KR 4-CL 91 2,2,1
10479828,25/03/2019,04:40:00,3,1,4.0,2.0,KR 80-CL 57B S 2,8,1
10479902,25/03/2019,09:30:00,3,1,4.0,10.0,CL 65-KR 82 S 2,7,1
10479769,25/03/2019,10:30:00,3,1,4.0,10.0,KR 5A-CL 31C E 2,4,1
10479830,25/03/2019,14:47:00,3,1,4.0,8.0,CL 146D-KR 93 2,11,1
10479801,25/03/2019,20:00:00,3,1,4.0,4.0,KR 92-CL 52 2,10,1
10479846,26/03/2019,04:54:00,3,1,4.0,1.0,CL 26-KR 100 2,9,1
10479743,26/03/2019,10:30:00,3,1,4.0,2.0,CL 235-KR 45 2,11,1
10479778,26/03/2019,10:50:00,3,1,4.0,1.0,KR 21-CL 16 70,14,1
10479920,26/03/2019,11:29:00,3,1,4.0,2.0,KR 15-CL 118 2,1,1
10479990,26/03/2019,12:05:00,3,1,4.0,10.0,KR 80-CL 2 51,8,1
10479959,26/03/2019,17:00:00,3,1,4.0,11.0,AV AVENIDA JORGE GAITAN CORTES-DG 58 S 2,6,1
10479864,27/03/2019,08:30:00,2,1,4.0,7.0,KR 80-CL 2 51,8,1
10479963,27/03/2019,16:00:00,3,1,4.0,10.0,KR 120-CL 17F 2,9,1
10479992,28/03/2019,01:37:00,3,1,4.0,10.0,CL 104-KR 14 80,5,1
10480074,28/03/2019,11:30:00,3,1,4.0,2.0,KR 87C-CL 34 S 72,8,1
10480113,29/03/2019,08:15:00,3,1,4.0,10.0,KR 16A-CL 82 57,2,1
10480120,29/03/2019,12:00:00,3,1,4.0,10.0,CL 74A-KR 58 02,12,2
10480229,30/03/2019,13:40:00,2,1,4.0,1.0,KR 3B-CL 139A S 2,5,1
10480325,30/03/2019,18:05:00,3,1,4.0,10.0,CL 42F-KR 92 S 2,8,1
10480334,31/03/2019,02:14:00,3,1,4.0,2.0,CL 8-KR 79 23,8,1
10480332,31/03/2019,04:00:00,3,1,4.0,3.0,KR 45-CL 235 2,1,1
10480277,31/03/2019,04:41:00,2,1,4.0,1.0,DG 78BIS-KR 14V S 2,5,1
10480336,31/03/2019,15:13:00,3,1,4.0,6.0,KR 47-CL 134 55,11,1
10480471,31/03/2019,20:45:00,2,1,4.0,3.0,CL 61-KR 42C S 2,19,1
10480422,01/04/2019,12:20:00,3,1,4.0,10.0,CL 40-KR 68A S 08,8,1
10480433,01/04/2019,16:40:00,3,1,4.0,2.0,KR 57-CL 45A S 08,6,1
10480409,01/04/2019,17:09:00,3,1,4.0,2.0,DG 54A-KR 04 S 01,4,1
10480732,02/04/2019,05:30:00,3,1,4.0,7.0,KR 71-CL 79 02,10,1
10480692,02/04/2019,07:00:00,2,1,4.0,1.0,CL 63-KR 97 02,10,1
10480606,02/04/2019,16:55:00,2,1,4.0,6.0,KR 1-CL 89 91,2,1
10480539,03/04/2019,00:22:00,2,1,4.0,1.0,CL 130C-KR 93A 2,11,1
10480694,03/04/2019,16:00:00,2,1,4.0,1.0,KR 68D-CL 6 2,8,1
10480635,03/04/2019,17:17:00,3,1,4.0,2.0,CL 101-KR 45A 02,11,1
10481021,04/04/2019,03:00:00,3,1,4.0,4.0,AV AVENIDA DE LAS AMERICAS-CL 60 2,8,1
10480730,04/04/2019,09:45:00,3,1,4.0,2.0,KR 70D-CL 52 24,10,1
10480857,05/04/2019,01:40:00,3,1,4.0,1.0,AV AVENIDA PRIMERA DE MAYO-KR 53 S 2,8,2
10480908,05/04/2019,08:00:00,3,1,4.0,6.0,CL 132B-KR 14G 02,5,1
10481004,05/04/2019,13:40:00,3,1,4.0,2.0,CL 157-KR 89 85,11,1
10481019,06/04/2019,11:32:00,3,1,4.0,10.0,CL 26-KR 68 02,13,1
10480943,06/04/2019,12:30:00,2,1,4.0,10.0,KR 16-CL 68 2,12,1
10481010,06/04/2019,13:00:00,3,1,4.0,2.0,KR 72JBIS-CL 34 S 02,8,1
10481016,06/04/2019,21:30:00,2,1,4.0,4.0,KR 10-CL 31 S 2,4,1
10480964,06/04/2019,23:00:00,2,1,4.0,1.0,AV AVENIDA DE LAS AMERICAS-AK 78C 16,8,1
10481149,07/04/2019,03:53:00,3,1,4.0,2.0,KR 45-CL 128B 02,1,1
10481114,07/04/2019,17:20:00,3,1,4.0,10.0,AV AVENIDA CARACAS-CL 50A S 26,18,1
10481278,07/04/2019,17:50:00,2,1,4.0,1.0,CL 62-KR 83 S 2,7,1
10481120,07/04/2019,17:52:00,3,1,4.0,10.0,KR 18A-CL 182 59,1,1
10481151,07/04/2019,22:38:00,3,1,4.0,2.0,CL 132-KR 123B 02,11,1
10480958,08/04/2019,00:39:00,2,1,4.0,4.0,KR 45-CL 114 02,1,1
10481183,08/04/2019,15:30:00,3,1,4.0,3.0,CL 127-KR 51 02,11,1
10481301,09/04/2019,04:10:00,2,1,4.0,10.0,CL 35-KR 3B S 41,4,1
10481205,09/04/2019,08:00:00,3,1,4.0,6.0,KR 7C-CL 89A ES 2,5,1
10481263,09/04/2019,09:30:00,3,1,4.0,6.0,CL 22BIS-KR 9C SE 2,4,1
10481271,09/04/2019,10:30:00,3,1,4.0,2.0,KR 18R-CL 72 S 08,19,1
10481424,09/04/2019,10:45:00,3,1,4.0,2.0,KR 19-CL 28 S 2,18,1
10481241,09/04/2019,15:47:00,3,1,4.0,6.0,CL 124-KR 15 02,1,1
10481396,10/04/2019,12:30:00,3,1,4.0,10.0,CL 75-KR 12 S 19,5,1
10481384,10/04/2019,16:16:00,3,1,4.0,6.0,KR 5-CL 120A 2,1,1
10481375,10/04/2019,22:11:00,3,1,4.0,10.0,KR 68B-CL 76A 41,10,1
10481599,11/04/2019,10:00:00,2,1,4.0,1.0,CL 41-KR 90 S 02,8,1
10481466,11/04/2019,16:10:00,3,1,4.0,2.0,KR 88G-CL 74A S 2,7,1
10481518,11/04/2019,16:30:00,3,1,4.0,1.0,KR 3-CL 20 20,3,10
10481504,11/04/2019,18:30:00,3,1,4.0,1.0,TR 72B-CL 44F S 02,8,1
10481731,11/04/2019,20:04:00,2,1,4.0,1.0,KR 30-CL 45 2,13,1
10481438,11/04/2019,22:11:00,3,1,4.0,11.0,CL 145A-KR 92 02,11,1
10481489,12/04/2019,00:21:00,3,1,4.0,6.0,CL 138-KR 75 75,11,1
10481620,12/04/2019,01:00:00,2,1,4.0,3.0,KR 7-CL 134 36,1,1
10481915,13/04/2019,23:43:00,3,1,4.0,8.0,CL 65D-KR 80A S 2,7,2
10481923,14/04/2019,19:00:00,3,1,4.0,2.0,AV AVENIDA CIUDAD DE CALI-CL 8 2,8,2
10481914,15/04/2019,05:40:00,3,1,4.0,2.0,CL 3-KR 18C 2,14,2
10481945,15/04/2019,12:29:00,3,1,4.0,10.0,KR 135-CL 137 2,11,1
10482321,15/04/2019,16:18:00,3,1,4.0,2.0,KR 7A-CL 62 40,2,1
10481899,15/04/2019,20:30:00,2,1,4.0,11.0,KR 30-CL 40A 70,13,1
10481985,16/04/2019,10:50:00,3,1,4.0,10.0,CL 24-KR 29 80,14,1
10482124,17/04/2019,23:05:00,2,1,4.0,3.0,CL 171-KR 49B 96,11,1
10482301,18/04/2019,15:00:00,3,1,4.0,4.0,AV AVENIDA CIUDAD DE VILLAVICENCIO-TR 63 2,19,1
10482156,18/04/2019,19:00:00,2,1,4.0,11.0,CL 128BIS-KR 56 2,11,1
10482161,18/04/2019,23:15:00,2,1,4.0,4.0,KR 45-CL 142 2,1,1
10482304,19/04/2019,14:00:00,3,1,4.0,1.0,KR 33-CL 38A S 2,16,1
10482285,21/04/2019,00:55:00,2,1,4.0,11.0,CL 73DBIS-KR 4 S 2,5,1
10482309,21/04/2019,18:00:00,3,1,4.0,6.0,CL 100B-KR 12C E 88,2,1
10482312,21/04/2019,23:45:00,3,1,4.0,1.0,AK 30-CL 26 2,13,1
10482385,22/04/2019,06:00:00,3,1,4.0,4.0,KR 10-CL 102 2,1,1
10482446,22/04/2019,08:00:00,3,1,4.0,10.0,CL 139-KR 149B 2,11,1
10482257,22/04/2019,09:45:00,2,1,4.0,10.0,AK 45-CL 148 2,1,1
10482364,22/04/2019,14:30:00,3,1,4.0,4.0,CL 22C-KR 68F 2,9,1
10482522,22/04/2019,16:00:00,2,1,4.0,6.0,CL 147-KR 76 2,11,1
10482478,23/04/2019,08:50:00,3,1,4.0,2.0,KR 105C-CL 129D 2,11,1
10482467,23/04/2019,15:00:00,3,1,4.0,10.0,KR 69B-CL 8 S 2,8,1
10482489,23/04/2019,18:05:00,3,1,4.0,10.0,KR 70D-CL 127 48,11,1
10482592,23/04/2019,19:15:00,3,1,4.0,4.0,CL 73-KR 18Q S 19,19,1
10482423,23/04/2019,21:20:00,2,1,4.0,11.0,AV AVENIDA BOYACA-CL 56A S 2,6,1
10482594,24/04/2019,11:10:00,3,1,4.0,11.0,AK 45-CL 116 2,1,1
10482593,24/04/2019,11:50:00,3,1,4.0,6.0,AK 15-CL 124 30,1,1
10482603,24/04/2019,13:00:00,3,1,4.0,10.0,CL 46-KR 7 2,2,10
10482629,24/04/2019,14:10:00,2,1,4.0,1.0,CL 39A-KR 24 2,13,2
10482571,24/04/2019,14:35:00,3,1,4.0,10.0,KR 56-CL 12 44,16,1
10482542,24/04/2019,20:40:00,2,1,4.0,2.0,AV AVENIDA BOYACA-CL 9 2,8,1
10482612,24/04/2019,20:50:00,3,1,4.0,2.0,CL 137A-KR 113 17,11,1
10482614,24/04/2019,22:11:00,3,1,4.0,2.0,CL 6-KR 41A 2,16,1
10482712,25/04/2019,07:40:00,3,1,4.0,10.0,AK 30-CL 17 2,14,1
10482620,25/04/2019,08:00:00,3,1,4.0,10.0,CL 54C-KR 82BBIS S 95,8,1
10482676,25/04/2019,17:00:00,3,1,4.0,5.0,AK 30-CL 22 S 2,16,2
10482711,25/04/2019,22:50:00,3,1,4.0,2.0,KR 5-CL 97B ES 2,5,1
10483030,27/04/2019,03:30:00,3,1,4.0,10.0,KR 68-CL 24 2,12,1
10482887,27/04/2019,11:20:00,3,1,4.0,2.0,CL 17-KR 120 70,9,1
10483027,28/04/2019,03:45:00,3,1,4.0,3.0,KR 18A-CL 79 02,2,1
10482896,28/04/2019,04:00:00,3,1,4.0,6.0,CL 10-KR 38B S 30,16,2
10483163,28/04/2019,04:15:00,2,1,4.0,3.0,AK 68-CL 23 02,10,1
10483003,28/04/2019,12:48:00,3,1,4.0,10.0,KR 5-CL 23 02,3,1
10483202,28/04/2019,14:15:00,3,1,4.0,8.0,KR 39-CL 45A S 02,16,1
10482931,28/04/2019,16:20:00,1,1,4.0,6.0,KR 8-CL 100B E 56,2,1
10482848,29/04/2019,02:40:00,2,1,4.0,2.0,AC 26-KR 103 02,9,1
10483065,29/04/2019,09:54:00,3,1,4.0,2.0,KR 109-CL 22IBIS 2,9,1
10483077,29/04/2019,10:10:00,3,1,4.0,6.0,KR 50-CL 145A 52,11,7
10483199,29/04/2019,12:00:00,3,1,4.0,6.0,KR 76A-CL 59A S 02,19,1
10483094,29/04/2019,15:50:00,3,1,4.0,10.0,CL 39C-KR 68J S 47,8,1
10483207,30/04/2019,07:30:00,3,1,4.0,2.0,CL 36-KR 13D S 02,18,1
10483188,30/04/2019,16:30:00,3,1,4.0,2.0,CL 22-KR 22 22,14,1
10483255,30/04/2019,23:15:00,3,1,4.0,10.0,KR 65-CL 169A 55,11,1
10483107,01/05/2019,03:23:00,1,1,4.0,11.0,KR 88C-CL 70 S 02,7,1
10483377,01/05/2019,10:30:00,2,1,4.0,11.0,AV AVENIDA DE LAS AMERICAS-KR 71 2,8,1
10483278,01/05/2019,16:50:00,2,1,4.0,11.0,KR 12C-CL 53 S 64,6,1
10483348,02/05/2019,07:38:00,2,1,4.0,3.0,AC 24-KR 65 02,13,1
10483457,03/05/2019,01:12:00,2,1,4.0,11.0,AK 68-CL 10 2,16,1
10483530,03/05/2019,01:17:00,2,1,4.0,1.0,AV AVENIDA CIUDAD DE VILLAVICENCIO-AV AVENIDA DEL SUR 2,19,7
10483929,03/05/2019,05:15:00,3,1,4.0,5.0,AV AVENIDA CARACAS-CL 48 S 2,18,1
10483576,03/05/2019,12:30:00,3,1,4.0,2.0,CL 70-KR 11A 2,2,1
10483572,03/05/2019,21:54:00,3,1,4.0,2.0,KR 88H-CL 57A S 02,7,1
10483491,04/05/2019,01:00:00,2,1,4.0,1.0,KR 30-CL 25 2,13,1
10483682,04/05/2019,09:40:00,3,1,4.0,6.0,CL 5-KR 11 S 43,15,2
10483601,04/05/2019,23:30:00,3,1,4.0,6.0,KR 145-CL 143B 19,11,1
10484043,05/05/2019,09:45:00,3,1,4.0,10.0,KR 87H-CL 56F S 2,7,1
10483523,05/05/2019,22:00:00,2,1,4.0,1.0,CL 53-KR 71B 2,10,1
10483730,06/05/2019,03:44:00,3,1,4.0,6.0,CL 167-KR 54D 68,11,1
10483751,06/05/2019,07:00:00,3,1,4.0,2.0,CL 1-KR 4A 75,3,1
10483671,06/05/2019,07:50:00,2,1,4.0,2.0,KR 87B-CL 129F 02,11,1
10483868,07/05/2019,07:54:00,3,1,4.0,1.0,CL 38C-KR 78B S 2,8,1
10483874,07/05/2019,14:30:00,3,1,4.0,2.0,KR 93C-CL 54 S 2,7,1
10483886,07/05/2019,20:23:00,3,1,4.0,6.0,KR 45-CL 193 02,1,1
10483986,08/05/2019,06:00:00,3,1,4.0,10.0,KR 71B-CL 57B S 02,7,1
10483955,08/05/2019,08:27:00,2,1,4.0,1.0,AK 45-CL 128 2,1,1
10483964,08/05/2019,09:46:00,2,1,4.0,6.0,KR 3-CL 41A E 2,2,1
10484040,09/05/2019,03:00:00,3,1,4.0,2.0,AV AVENIDA BOYACA-KR 56 S 2,6,1
10484183,09/05/2019,10:10:00,2,1,4.0,2.0,CL 69-KR 69M 21,10,1
10484202,09/05/2019,12:40:00,2,1,4.0,3.0,CL 37-KR 68I S 2,8,1
10484144,09/05/2019,16:35:00,3,1,4.0,6.0,AV AVENIDA CIRCUNVALAR-CL 68 02,2,1
10484099,09/05/2019,23:15:00,2,1,4.0,2.0,AV AVENIDA BOYACA-CL 20 02,9,1
10484156,10/05/2019,01:30:00,3,1,4.0,2.0,KR 55C-CL 162 2,11,1
10484213,10/05/2019,19:25:00,1,1,4.0,4.0,AV AVENIDA PRIMERA DE MAYO-KR 71G 2,8,1
10484827,11/05/2019,01:40:00,2,1,4.0,6.0,KR 30-CL 71 02,12,1
10484365,11/05/2019,18:50:00,3,1,4.0,10.0,CL 60-KR 3 S 22,5,1
10484593,11/05/2019,21:30:00,3,1,4.0,11.0,CL 24C-KR 128 2,9,1
10484360,12/05/2019,01:30:00,2,1,4.0,2.0,CL 24-KR 84 02,9,1
10484262,12/05/2019,02:00:00,2,1,4.0,1.0,AV AVENIDA DEL SUR-CL 79 S 99,6,1
10484576,12/05/2019,05:15:00,3,1,4.0,2.0,DG 78BIS-KR 14K 2,5,1
10484556,12/05/2019,17:33:00,3,1,4.0,4.0,CL 160-KR 73 47,11,10
10484452,12/05/2019,18:10:00,3,1,4.0,10.0,CL 74-KR 10 33,2,1
10484548,13/05/2019,11:44:00,3,1,4.0,6.0,KR 19-CL 134 39,1,10
10484685,13/05/2019,13:00:00,3,1,4.0,1.0,KR 86A-CL 46A 2,10,1
10484765,14/05/2019,11:40:00,3,1,4.0,2.0,TR 5-CL 48L S 2,7,1
10484759,14/05/2019,13:50:00,3,1,4.0,2.0,KR 86D-CL 42F S 2,8,1
10484702,14/05/2019,22:03:00,3,1,4.0,2.0,CL 104-KR 14 S 80,5,1
10484865,15/05/2019,10:40:00,3,1,4.0,1.0,KR 28-CL 52B 45,13,10
10484706,15/05/2019,14:58:00,3,1,4.0,10.0,CL 6D-KR 79A 76,8,1
10484764,15/05/2019,19:09:00,3,1,4.0,10.0,CL 193-KR 9 2,1,1
10485110,16/05/2019,08:10:00,3,1,4.0,6.0,CL 73-KR 18A S 63,19,1
10484922,17/05/2019,02:55:00,3,1,4.0,2.0,AV AVENIDA CIUDAD DE CALI-CL 51 02,10,1
10484932,17/05/2019,04:25:00,3,1,4.0,6.0,CL 24C-KR 85G 45,9,1
10485112,17/05/2019,04:50:00,3,1,4.0,3.0,AK 68-CL 8 S 2,16,1
10484950,17/05/2019,05:55:00,2,1,4.0,11.0,KR 20-CL 90 2,2,2
10485126,17/05/2019,06:16:00,3,1,4.0,2.0,CL 31-KR 13 S 2,18,1
10484955,17/05/2019,06:45:00,2,1,4.0,10.0,AV AVENIDA CIUDAD DE VILLAVICENCIO-KR 79A 2,8,1
10484963,17/05/2019,06:51:00,2,1,4.0,2.0,CL 24-KR 122 2,9,1
10484971,17/05/2019,10:20:00,3,1,4.0,2.0,CL 49B-KR 9 S 2,18,1
10485026,17/05/2019,10:56:00,2,1,4.0,10.0,CL 150-KR 16 2,1,1
10485119,17/05/2019,12:30:00,3,1,4.0,6.0,CL 1-KR 1A 2,3,1
10485056,17/05/2019,17:40:00,3,1,4.0,10.0,CL 10-KR 10 2,1,1
10485121,17/05/2019,20:05:00,3,1,4.0,5.0,CL 80-KR 120 2,10,2
10485313,17/05/2019,23:25:00,3,1,4.0,2.0,CL 9A-KR 4 36,17,1
10485132,18/05/2019,01:00:00,3,1,4.0,3.0,CL 25P-KR 80C 2,9,2
10485317,18/05/2019,04:30:00,3,1,4.0,2.0,CL 72-KR 75 2,10,2
10493919,18/05/2019,12:30:00,3,1,4.0,1.0,CL 41FBIS-KR 78B S 2,8,1
10485156,18/05/2019,15:40:00,3,1,4.0,10.0,TR 78DBISA-CL 68 S 75,19,1
10485138,19/05/2019,01:41:00,3,1,4.0,2.0,AV AVENIDA CIRCUNVALAR-AC 38 10,2,1
10485415,19/05/2019,06:17:00,3,1,4.0,10.0,KR 22-CL 75 S 07,19,11
10485093,19/05/2019,14:30:00,2,1,4.0,4.0,TR 4-AC 87B S 2,5,1
10485314,20/05/2019,00:54:00,3,1,4.0,6.0,CL 146-KR 53A 61,11,1
10485324,20/05/2019,06:10:00,3,1,4.0,2.0,CL 65-TR 73D S 2,19,1
10485417,20/05/2019,07:02:00,3,1,4.0,6.0,CL 72-KR 91 2,10,1
10485321,20/05/2019,18:57:00,3,1,4.0,8.0,KR 3-CL 21 ES 2,4,1
10485287,21/05/2019,09:00:00,3,1,4.0,3.0,KR 80-CL 152 35,11,1
10485298,22/05/2019,03:15:00,3,1,4.0,3.0,CL 66-KR 59 2,12,1
10485478,22/05/2019,16:21:00,3,1,4.0,6.0,KR 4-CL 91 2,2,2
10485501,23/05/2019,01:30:00,3,1,4.0,4.0,AK 45-CL 97 2,11,1
10485541,23/05/2019,05:00:00,1,1,4.0,1.0,CL 62-TR 4 E 2,2,1
10485538,23/05/2019,07:58:00,2,1,4.0,8.0,KR 62-CL 5A 2,16,1
10485614,23/05/2019,15:30:00,3,1,4.0,11.0,KR 25-CL 68 37,12,1
10485581,23/05/2019,17:00:00,3,1,4.0,10.0,KR 24-CL 86 2,12,1
10485552,23/05/2019,22:43:00,3,1,4.0,4.0,CL 24-KR 69 2,9,1
10485615,23/05/2019,23:00:00,3,1,4.0,8.0,KR 14-CL 117 S 76,5,1
10485771,24/05/2019,05:30:00,3,1,4.0,1.0,KR 45-CL 128B 02,1,1
10485776,24/05/2019,06:30:00,3,1,4.0,2.0,CL 19-KR 120A 02,9,1
10485919,24/05/2019,15:01:00,3,1,4.0,2.0,KR 45-CL 171 2,1,1
10485925,24/05/2019,16:40:00,3,1,4.0,8.0,CL 93-KR 72 26,11,1
10485835,24/05/2019,21:10:00,3,1,4.0,2.0,KR 13H-CL 32 S 63,18,1
10485800,25/05/2019,11:50:00,3,1,4.0,2.0,KR 14-CL 76B ES 02,5,1
10485883,25/05/2019,12:20:00,3,1,4.0,10.0,CL 79B-KR 29 02,12,1
10485960,25/05/2019,12:35:00,3,1,4.0,6.0,AK 68-CL 80 77,10,1
10485868,25/05/2019,14:10:00,3,1,4.0,10.0,CL 79B-KR 7 46,2,2
10485922,25/05/2019,18:00:00,3,1,4.0,1.0,CL 24A-KR 64 2,13,1
10485734,26/05/2019,11:52:00,2,1,4.0,4.0,CL 30-KR 30 S 2,15,1
10485751,26/05/2019,16:04:00,1,1,4.0,1.0,AV AVENIDA PRIMERO DE MAYO-KR 72 2,8,1
10485811,26/05/2019,16:30:00,3,1,4.0,10.0,KR 2-CL 3A E 2,3,1
10485933,27/05/2019,01:45:00,3,1,4.0,2.0,KR 86-CL 46 S 2,8,2
10485956,27/05/2019,09:20:00,3,1,4.0,7.0,AV AVENIDA BOYACA-CL 54A 02,10,1
10486040,27/05/2019,12:15:00,3,1,4.0,1.0,KR 85D-CL 26 2,10,1
10486031,27/05/2019,16:30:00,3,1,4.0,1.0,CL 123-KR 7C 06,1,1
10486010,28/05/2019,07:20:00,2,1,4.0,10.0,KR 112A-CL 77C 31,10,1
10486086,28/05/2019,19:10:00,3,1,4.0,1.0,TR 106-AC 77ABIS 2,10,1
10486023,29/05/2019,00:20:00,2,1,4.0,8.0,KR 3-CL 21 ES 02,4,1
10486166,29/05/2019,00:40:00,2,1,4.0,1.0,KR 51-CL 59 S 49,19,1
10486203,29/05/2019,11:27:00,3,1,4.0,2.0,CL 67-KR 4A 71,2,1
10486228,29/05/2019,14:43:00,3,1,4.0,6.0,CL 26-KR 12L S 91,4,1
10486194,29/05/2019,19:00:00,3,1,4.0,2.0,KR 27-CL 42 2,13,1
10486371,30/05/2019,13:20:00,3,1,4.0,2.0,CL 22-KR 98 2,9,2
10486297,30/05/2019,13:45:00,3,1,4.0,10.0,KR 7-CL 116 2,1,1
10486598,31/05/2019,04:35:00,3,1,4.0,8.0,KR 45-CL 100 2,11,1
10486367,31/05/2019,05:50:00,1,1,4.0,1.0,KR 19-CL 94 02,2,1
10486656,31/05/2019,23:00:00,3,1,4.0,10.0,KR 27B-CL 73 44,12,1
10486530,01/06/2019,00:20:00,1,1,4.0,11.0,CL 80-KR 72 2,10,1
10486619,01/06/2019,00:30:00,3,1,4.0,1.0,KR 21-CL 48 S 2,6,1
10486770,01/06/2019,11:20:00,3,1,4.0,10.0,CL 58JBIS-KR 80 S 2,7,1
10486725,01/06/2019,13:00:00,3,1,4.0,2.0,KR 56A-CL 63 2,13,1
10486616,01/06/2019,22:14:00,3,1,4.0,2.0,CL 50A-KR 80H S 2,8,2
10486586,02/06/2019,03:45:00,2,1,4.0,1.0,CL 46-KR 15 SE 02,4,1
10486597,02/06/2019,20:29:00,2,1,4.0,2.0,CL 91-KR 12 S 26,5,1
10486844,03/06/2019,05:40:00,3,1,4.0,10.0,KR 82-CL 61 S 2,7,1
10486528,03/06/2019,10:36:00,1,1,4.0,10.0,AV AVENIDA BOYACA-CL 71 S 02,5,1
10486581,03/06/2019,12:10:00,2,1,4.0,1.0,KR 50-CL 26 2,13,1
10486764,03/06/2019,12:30:00,3,1,4.0,4.0,CL 16M-KR 99 02,9,1
10486753,03/06/2019,16:30:00,3,1,4.0,10.0,KR 18-CL 10 79,14,1
10486902,04/06/2019,05:00:00,3,1,4.0,2.0,CL 16-KR 96I 2,9,1
10486804,04/06/2019,11:30:00,2,1,4.0,10.0,AV AVENIDA CIUDAD DE CALI-CL 25 2,9,1
10486837,04/06/2019,11:50:00,3,1,4.0,10.0,KR 2-CL 43B ES 02,4,1
10487002,04/06/2019,13:00:00,2,1,4.0,1.0,KR 2B-CL 49D S 46,18,1
10486865,04/06/2019,14:28:00,3,1,4.0,6.0,KR 3-CL 160 E 77,1,1
10486871,04/06/2019,22:17:00,3,1,4.0,10.0,AV AVENIDA CIUDAD DE CALI-CL 13C 51,8,1
10486951,05/06/2019,00:30:00,3,1,4.0,1.0,KR 80-CL 2 51,8,1
10486893,05/06/2019,03:00:00,3,1,4.0,2.0,CL 118-KR 70G 03,11,1
10486814,05/06/2019,08:40:00,2,1,4.0,10.0,KR 87H-CL 70 S 2,7,1
10486897,05/06/2019,10:38:00,3,1,4.0,10.0,KR 16B-CL 166 02,1,1
10486906,05/06/2019,12:00:00,3,1,4.0,2.0,KR 81-CL 41 S 02,8,1
10486915,05/06/2019,12:50:00,3,1,4.0,2.0,KR 74-CL 160 83,11,1
10487077,06/06/2019,01:30:00,2,1,4.0,2.0,KR 78-CL 9 72,8,1
10486965,06/06/2019,06:30:00,2,1,4.0,1.0,AV AVENIDA CIUDAD DE QUITO-CL 94 2,2,1
10487108,06/06/2019,15:45:00,2,1,4.0,10.0,CL 18-KR 116 2,9,1
10487078,06/06/2019,16:30:00,2,1,4.0,10.0,DG 5D-TR 46 02,16,1
10487055,06/06/2019,19:30:00,3,1,4.0,10.0,KR 78A-CL 9 39,8,1
10487061,06/06/2019,22:39:00,3,1,4.0,10.0,CL 134-KR 45 02,1,1
10487105,07/06/2019,08:30:00,3,1,4.0,2.0,KR 30-CL 52A S 02,18,1
10487238,07/06/2019,13:00:00,2,1,4.0,10.0,KR 96G-CL 23F 2,9,1
10487154,07/06/2019,21:50:00,3,1,4.0,6.0,CL 63-KR 69L 38,10,1
10487240,08/06/2019,16:35:00,2,1,4.0,4.0,DG 68D-KR 71 S 02,19,1
10487298,08/06/2019,18:06:00,3,1,4.0,10.0,CL 134A-KR 51 02,11,1
10487323,08/06/2019,23:20:00,3,1,4.0,9.0,CL 68A-KR 80K S 69,7,1
10487380,09/06/2019,06:30:00,3,1,4.0,2.0,KR 7-CL 0 S 25,4,1
10487379,09/06/2019,07:25:00,3,1,4.0,10.0,KR 4-CL 91 02,2,1
10487245,09/06/2019,20:00:00,2,1,4.0,10.0,CL 51-KR 80A S 02,8,1
10487428,10/06/2019,01:05:00,3,1,4.0,1.0,CL 153-KR 59 2,11,1
10487523,10/06/2019,05:30:00,2,1,4.0,3.0,AC 94-KR 7A 2,2,1
10487433,10/06/2019,12:00:00,3,1,4.0,2.0,KR 3-CL 19A S 2,4,1
10487388,10/06/2019,23:10:00,3,1,4.0,1.0,CL 67A-KR 77A S 2,19,1
10487525,11/06/2019,03:06:00,3,1,4.0,5.0,KR 10-CL 11 02,3,1
10487559,11/06/2019,03:10:00,3,1,4.0,8.0,KR 65-CL 11 50,16,1
10487511,11/06/2019,07:55:00,3,1,4.0,2.0,CL 42F-KR 98A S 02,8,1
10487542,11/06/2019,08:40:00,3,1,4.0,2.0,CL 70D-KR 18K S 2,19,1
10487520,11/06/2019,09:00:00,3,1,4.0,2.0,KR 10A-CL 17A ES 02,4,1
10487602,11/06/2019,10:50:00,3,1,4.0,2.0,CL 98B-KR 6F SE 02,5,1
10487595,11/06/2019,15:30:00,3,1,4.0,1.0,CL 43B-KR 3C S 03,4,1
10487480,12/06/2019,00:24:00,2,1,4.0,8.0,AV AVENIDA CIUDAD DE CALI-CL 152B 02,11,1
10487623,12/06/2019,05:30:00,3,1,4.0,1.0,AV AVENIDA SUBA-KR 83 2,11,1
10487567,12/06/2019,06:58:00,2,1,4.0,6.0,KR 20C-CL 66 S 2,19,1
10487616,12/06/2019,11:00:00,3,1,4.0,1.0,KR 17-CL 67A S 41,19,1
10487589,12/06/2019,23:00:00,2,1,4.0,1.0,CL 145-KR 80 92,11,1
10487731,13/06/2019,08:00:00,3,1,4.0,8.0,KR 7-CL 21 2,3,1
10487736,13/06/2019,15:15:00,3,1,4.0,10.0,KR 19C-CL 55 S 2,6,1
10487814,13/06/2019,16:50:00,2,1,4.0,1.0,AV AVENIDA CIUDAD DE CALI-CL 80 2,10,8
10487769,14/06/2019,05:40:00,3,1,4.0,1.0,AV AVENIDA BOYACA-CL 67 2,10,1
10487857,14/06/2019,18:19:00,2,1,4.0,2.0,CL 32-KR 5A S 2,4,2
10487952,14/06/2019,19:20:00,3,1,4.0,4.0,CL 49-KR 26 S 2,6,1
10487832,15/06/2019,03:31:00,1,1,4.0,6.0,KR 94-CL 130D 39,11,1
10487866,15/06/2019,06:11:00,2,1,4.0,1.0,KR 43A-CL 20B 2,16,1
10487976,15/06/2019,11:00:00,3,1,4.0,10.0,CL 134-KR 9 16,1,1
10487986,16/06/2019,02:58:00,3,1,4.0,6.0,KR 13D-CL 76D ES 29,4,1
10487880,16/06/2019,05:40:00,2,1,4.0,8.0,AV AVENIDA CIUDAD DE CALI-CL 40B S 66,8,1
10488235,16/06/2019,11:20:00,2,1,4.0,4.0,KR 30-CL 42 2,13,1
10488043,16/06/2019,11:30:00,3,1,4.0,8.0,CL 67-KR 19 2,12,1
10487997,16/06/2019,14:32:00,3,1,4.0,10.0,KR 41-CL 4A 2,16,1
10487881,16/06/2019,22:14:00,2,1,4.0,4.0,KR 30-CL 40A 42,13,1
10488061,16/06/2019,23:15:00,3,1,4.0,10.0,TR 85D-AC 24C 50,9,1
10488070,17/06/2019,12:11:00,3,1,4.0,2.0,KR 60-CL 70C 2,12,1
10488058,17/06/2019,12:50:00,3,1,4.0,10.0,KR 80-DG 2 10,8,1
10488072,17/06/2019,15:10:00,3,1,4.0,6.0,AK 68-CL 80 67,10,1
10488060,17/06/2019,15:40:00,3,1,4.0,2.0,CL 48L-KR 3C S 2,18,1
10488365,18/06/2019,11:33:00,3,1,4.0,2.0,KR 9-CL 1C 2,3,1
10488372,19/06/2019,01:20:00,3,1,4.0,1.0,CL 105-KR 48 2,11,1
10488301,19/06/2019,18:40:00,2,1,4.0,10.0,TR 34-CL 59B S 2,19,1
10488426,20/06/2019,01:28:00,3,1,4.0,6.0,CL 58A-KR 44A S 25,19,1
10488551,20/06/2019,02:00:00,2,1,4.0,1.0,KR 10-CL 31 S 2,4,1
10488450,20/06/2019,09:40:00,3,1,4.0,2.0,AV AVENIDA BOYACA-CL 25 2,9,1
10488470,21/06/2019,02:15:00,1,1,4.0,6.0,CL 42A-KR 7A SE 45,4,1
10488504,21/06/2019,12:46:00,3,1,4.0,10.0,CL 182-KR 7C 2,1,1
10488746,22/06/2019,02:30:00,3,1,4.0,5.0,TR 93-CL 63 2,10,2
10488695,22/06/2019,07:40:00,3,1,4.0,6.0,KR 2C-CL 48Q ES 02,18,1
10488698,22/06/2019,10:00:00,3,1,4.0,10.0,CL 127-KR 48 02,11,1
10488747,22/06/2019,16:30:00,3,1,4.0,2.0,CL 149-KR 91 2,11,1
10488780,23/06/2019,03:20:00,3,1,4.0,2.0,KR 30-CL 86 2,13,1
10488785,23/06/2019,21:00:00,3,1,4.0,4.0,CL 164-KR 15 65,1,1
10488640,24/06/2019,04:00:00,2,1,4.0,8.0,AK 45-CL 100 2,1,1
10488579,24/06/2019,05:25:00,1,1,4.0,4.0,AV AVENIDA PRIMERA DE MAYO-KR 72 02,8,1
10488807,24/06/2019,06:18:00,3,1,4.0,2.0,CL 3-KR 1 E 14,3,1
10488743,24/06/2019,13:10:00,3,1,4.0,10.0,CL 138-KR 58D 02,11,1
10488855,25/06/2019,09:00:00,3,1,4.0,2.0,KR 37-CL 24 67,12,1
10488864,25/06/2019,14:15:00,3,1,4.0,6.0,AK 45-CL 192 2,1,1
10488918,26/06/2019,12:45:00,3,1,4.0,10.0,CL 103-KR 69 53,11,1
10488978,26/06/2019,15:00:00,3,1,4.0,2.0,CL 42B-KR 94A 13,8,1
10489084,27/06/2019,01:40:00,2,1,4.0,4.0,CL 80-KR 70C 02,10,1
10488975,27/06/2019,02:25:00,3,1,4.0,1.0,CL 53-KR 63 02,12,1
10489138,27/06/2019,08:10:00,3,1,4.0,11.0,CL 127-KR 11 2,1,1
10489098,27/06/2019,11:00:00,3,1,4.0,2.0,CL 137-KR 54D 2,11,1
10489131,27/06/2019,11:50:00,3,1,4.0,6.0,CL 77B-KR 129 70,10,1
10489282,28/06/2019,03:50:00,3,1,4.0,2.0,AV AVENIDA SUBA-KR 94C 18,11,1
10489197,28/06/2019,11:24:00,3,1,4.0,10.0,KR 7-CL 128 40,1,10
10489198,28/06/2019,23:00:00,3,1,4.0,3.0,KR 60-CL 67B 02,12,1
10489322,29/06/2019,03:24:00,3,1,4.0,10.0,CL 156-KR 92 56,11,10
10489401,30/06/2019,12:30:00,3,1,4.0,6.0,KR 13-CL 58 02,2,1
10489344,30/06/2019,14:00:00,3,1,4.0,6.0,KR 111A-CL 148 50,11,1
10489235,01/07/2019,21:30:00,2,1,4.0,10.0,KR 121A-CL 128 43,11,1
10489368,02/07/2019,08:30:00,2,1,4.0,6.0,CL 163-KR 1A 2,1,1
10489473,02/07/2019,09:30:00,3,1,4.0,6.0,CL 1BBIS-KR 6 E 07,3,1
10489558,02/07/2019,16:30:00,3,1,4.0,6.0,KR 89A-CL 42FBIS S 2,8,1
10489486,02/07/2019,18:40:00,3,1,4.0,2.0,KR 5BBIS-CL 48U S 04,18,1
10489529,02/07/2019,19:10:00,2,1,4.0,1.0,AC 26-KR 51 2,16,1
10489548,03/07/2019,07:15:00,2,1,4.0,4.0,KR 10-CL 23A S 15,4,1
10489572,03/07/2019,14:56:00,3,1,4.0,2.0,CL 72-KR 102 2,10,1
10489567,04/07/2019,01:03:00,3,1,4.0,4.0,CL 26-KR 100BIS 02,9,1
10489633,04/07/2019,04:20:00,2,1,4.0,10.0,KR 50-CL 22 2,16,1
10489670,04/07/2019,14:34:00,3,1,4.0,6.0,CL 140-KR 19 2,1,1
10489645,04/07/2019,19:00:00,2,1,4.0,1.0,CL 145-KR 80 92,11,1
10489750,05/07/2019,12:10:00,3,1,4.0,6.0,KR 3-CL 91 E 02,2,1
10489976,05/07/2019,12:29:00,2,1,4.0,1.0,CL 22-KR 5 2,3,1
10489754,06/07/2019,02:13:00,1,1,4.0,10.0,AV AVENIDA BOYACA-CL 26 2,10,1
10489926,06/07/2019,10:20:00,3,1,4.0,10.0,KR 7-CL 155 93,1,1
10489766,06/07/2019,21:00:00,2,1,4.0,11.0,KR 68-CL 24 2,13,1
10489878,06/07/2019,23:35:00,3,1,4.0,6.0,CL 11D-KR 81F 2,8,1
10489866,07/07/2019,06:30:00,3,1,4.0,6.0,KR 69B-CL 97A 28,11,1
10489747,07/07/2019,07:40:00,1,1,4.0,2.0,CL 170-KR 80 02,11,1
10489931,07/07/2019,09:40:00,3,1,4.0,6.0,KR 73I-CL 69B S 02,19,1
10489905,07/07/2019,18:05:00,3,1,4.0,7.0,AV AVENIDA CARACAS-CL 32 S 36,18,1
10489789,08/07/2019,00:00:00,2,1,4.0,11.0,DG 69-AK 78L S 04,7,1
10490019,08/07/2019,09:50:00,3,1,4.0,1.0,DG 45-KR 22 S 45,4,1
10490022,08/07/2019,12:18:00,3,1,4.0,8.0,CL 62-KR 19B S 2,19,1
10490040,08/07/2019,17:00:00,3,1,4.0,10.0,DG 16-AK 96J 2,9,10
10490029,09/07/2019,02:21:00,1,1,4.0,1.0,KR 50-CL 80 02,12,1
10490153,09/07/2019,14:50:00,3,1,4.0,10.0,CL 80-KR 8B S 2,5,1
10490162,09/07/2019,16:10:00,3,1,4.0,2.0,AC 100-KR 67 02,12,1
10490238,09/07/2019,23:50:00,3,1,4.0,2.0,DG 45B-TR 13K S 02,18,1
10490246,10/07/2019,10:00:00,3,1,4.0,2.0,CL 77A-KR 72 02,10,1
10490237,10/07/2019,16:00:00,3,1,4.0,6.0,KR 4-CL 6B 36,17,1
10490247,10/07/2019,20:00:00,3,1,4.0,10.0,CL 13-KR 87 2,9,1
10490274,11/07/2019,07:40:00,2,1,4.0,10.0,KR 104-CL 136 02,11,1
10490477,12/07/2019,02:20:00,2,1,4.0,1.0,KR 68-CL 63 2,12,1
10490390,12/07/2019,06:02:00,2,1,4.0,10.0,DG 16-AK 96H 30,9,1
10490377,12/07/2019,09:00:00,2,1,4.0,2.0,KR 79C-CL 6B 02,8,1
10490535,12/07/2019,14:40:00,3,1,4.0,1.0,AC 26-KR 113 02,9,1
10490600,12/07/2019,15:26:00,3,1,4.0,3.0,KR 58-CL 9 55,16,1
10490545,13/07/2019,02:56:00,3,1,4.0,1.0,AC 80-KR 76 2,10,1
10490498,13/07/2019,03:00:00,2,1,4.0,1.0,CL 68-KR 68B 47,10,1
10490509,13/07/2019,04:30:00,3,1,4.0,2.0,KR 20-CL 70D S 02,19,1
10490451,13/07/2019,05:00:00,2,1,4.0,11.0,AV AVENIDA DEL SUR-DG 39A S 2,16,1
10490951,13/07/2019,05:10:00,3,1,4.0,11.0,AV AVENIDA BOYACA-CL 53 02,10,2
10490654,13/07/2019,07:40:00,3,1,4.0,10.0,CL 72-KR 13 25,2,1
10490800,13/07/2019,12:00:00,3,1,4.0,10.0,CL 76-KR 11 68,2,1
10490512,13/07/2019,14:30:00,3,1,4.0,1.0,AV AVENIDA CIUDAD DE CALI-CL 19 02,9,1
10490527,14/07/2019,05:18:00,3,1,4.0,2.0,AV AVENIDA CARACAS-CL 18 02,14,1
10490480,15/07/2019,00:24:00,2,1,4.0,1.0,KR 68-CL 12 89,16,1
10490766,15/07/2019,07:00:00,3,1,4.0,2.0,TR 113-CL 66 91,10,1
10490684,15/07/2019,07:50:00,3,1,4.0,10.0,KR 104-CL 132BBIS 2,11,1
10490656,15/07/2019,13:00:00,3,1,4.0,10.0,KR 86D-CL 38D S 14,8,1
10490952,15/07/2019,16:10:00,3,1,4.0,2.0,CL 24B-KR 103 02,9,1
10490847,16/07/2019,06:27:00,3,1,4.0,2.0,TR 5X-DG 48KBIS S 2,18,1
10490721,16/07/2019,08:02:00,2,1,4.0,2.0,CL 27-KR 51B S 2,16,1
10490796,16/07/2019,12:30:00,3,1,4.0,10.0,CL 146B-KR 58D 2,11,1
10490759,16/07/2019,15:30:00,2,1,4.0,11.0,KR 30-CL 92 02,2,1
10490799,16/07/2019,20:00:00,3,1,4.0,10.0,CL 106A-KR 14A 2,1,10
10490786,16/07/2019,22:30:00,3,1,4.0,11.0,KR 30-CL 26 2,13,1
10490903,17/07/2019,03:30:00,2,1,4.0,2.0,CL 146A-KR 95B 2,11,1
10491046,18/07/2019,11:20:00,3,1,4.0,2.0,KR 86CBIS-CL 34A S 45,8,1
10491172,18/07/2019,18:43:00,3,1,4.0,2.0,KR 92-CL 169 2,11,1
10491042,18/07/2019,22:43:00,3,1,4.0,2.0,CL 31-KR 27 S 29,15,1
10491130,19/07/2019,03:46:00,2,1,4.0,1.0,AV AVENIDA DEL SUR-KR 72 02,7,1
10491285,19/07/2019,11:38:00,3,1,4.0,1.0,KR 85D-CL 46A 38,10,1
10491544,19/07/2019,17:10:00,3,1,4.0,10.0,CL 121-KR 48 41,11,1
10491126,19/07/2019,17:30:00,2,1,4.0,2.0,DG 48L-TR 6B S 02,18,1
10491108,19/07/2019,23:36:00,2,1,4.0,11.0,CL 63-KR 69 02,10,1
10491569,19/07/2019,23:45:00,3,1,4.0,1.0,AK 45-CL 100 2,1,1
10491264,20/07/2019,10:28:00,3,1,4.0,1.0,KR 5A-CL 21 E 02,17,1
10491266,21/07/2019,02:30:00,2,1,4.0,10.0,CL 42B-KR 84 S 02,8,1
10491548,21/07/2019,03:48:00,3,1,4.0,10.0,CL 71-KR 14A S 59,19,10
10491234,21/07/2019,16:23:00,2,1,4.0,6.0,KR 77C-CL 63A S 06,19,1
10491270,21/07/2019,18:40:00,3,1,4.0,10.0,KR 143-CL 142F 60,11,2
10491237,21/07/2019,23:29:00,3,1,4.0,2.0,KR 52C-CL 38A S 2,15,1
10491305,22/07/2019,13:25:00,3,1,4.0,10.0,CL 190-KR 2 2,1,1
10491321,22/07/2019,16:30:00,3,1,4.0,6.0,KR 9C-CL 28C ES 02,4,1
10491296,22/07/2019,18:00:00,3,1,4.0,2.0,KR 77-CL 55 S 18,8,1
10491301,23/07/2019,00:15:00,3,1,4.0,8.0,AK 30-CL 40A 2,13,1
10491471,23/07/2019,08:40:00,3,1,4.0,1.0,AV AVENIDA CIRCUNVALAR-CL 33 2,3,1
10491691,23/07/2019,20:30:00,3,1,4.0,2.0,KR 18G-CL 79 S 02,19,1
10491631,24/07/2019,11:23:00,3,1,4.0,10.0,KR 18-CL 123 46,1,1
10491637,24/07/2019,15:43:00,3,1,4.0,6.0,KR 19B-CL 167 02,1,1
10491634,25/07/2019,01:20:00,3,1,4.0,2.0,CL 8-KR 29 S 05,15,1
10491817,25/07/2019,07:30:00,2,1,4.0,1.0,CL 52F-KR 32 S 2,6,2
10491712,25/07/2019,12:00:00,3,1,4.0,6.0,AV AVENIDA BOYACA-CL 20 98,9,1
10491694,25/07/2019,15:45:00,3,1,4.0,3.0,DG 50-KR 13B SE 02,4,1
10491667,25/07/2019,19:30:00,2,1,4.0,1.0,CL 71-KR 13B SE 02,4,2
10491905,26/07/2019,06:20:00,3,1,4.0,2.0,KR 28-CL 10 2,14,2
10491915,26/07/2019,09:40:00,3,1,4.0,2.0,KR 18I-CL 69ABIS S 2,19,1
10491881,26/07/2019,21:54:00,3,1,4.0,10.0,CL 57D-KR 72D S 02,7,1
10491811,27/07/2019,01:30:00,1,1,4.0,2.0,KR 5-CL 27A ES 2,4,2
10491938,27/07/2019,01:55:00,3,1,4.0,8.0,KR 50-CL 18A 2,16,1
10491930,27/07/2019,02:28:00,3,1,4.0,6.0,CL 73-KR 60 2,12,1
10492168,28/07/2019,01:40:00,3,1,4.0,1.0,CL 6-KR 45 77,16,1
10492053,28/07/2019,10:30:00,3,1,4.0,6.0,CL 47BIS-KR 77W S 06,8,1
10492060,28/07/2019,11:25:00,3,1,4.0,2.0,CL 67B-KR 58 2,12,1
10492079,28/07/2019,23:30:00,3,1,4.0,10.0,CL 59-KR 74 S 43,19,1
10492123,29/07/2019,09:00:00,3,1,4.0,1.0,KR 80G-CL 41 S 44,8,1
10492113,29/07/2019,10:00:00,2,1,4.0,6.0,KR 17A-CL 73 S 2,19,1
10492167,29/07/2019,13:12:00,3,1,4.0,10.0,AV AVENIDA BOYACA-CL 23A 90,9,1
10492100,29/07/2019,18:48:00,3,1,4.0,2.0,KR 14BIS-CL 73A S 2,5,1
10492283,30/07/2019,13:30:00,3,1,4.0,11.0,CL 70A-KR 4 02,2,1
10492281,31/07/2019,06:15:00,2,1,4.0,10.0,CL 73-KR 93D S 2,7,1
10492326,31/07/2019,10:30:00,3,1,4.0,10.0,KR 6-CL 11 02,17,1
10492344,31/07/2019,11:20:00,3,1,4.0,10.0,CL 102-KR 53 2,11,10
10492273,31/07/2019,11:35:00,2,1,4.0,2.0,KR 100-CL 21 02,9,1
10492318,31/07/2019,15:59:00,3,1,4.0,2.0,KR 24-CL 52 02,13,2
10492323,31/07/2019,22:30:00,3,1,4.0,8.0,CL 13-KR 50 2,16,1
10492512,01/08/2019,00:16:00,2,1,4.0,2.0,CL 26-KR 70 02,10,1
10492415,01/08/2019,02:55:00,3,1,4.0,9.0,CL 7A-KR 71B 2,8,1
10492467,01/08/2019,08:30:00,2,1,4.0,10.0,CL 22B-KR 86 02,9,1
10492441,02/08/2019,06:00:00,2,1,4.0,3.0,AV AVENIDA BOYACA-AC 69B 2,10,1
10492596,02/08/2019,10:00:00,3,1,4.0,10.0,CL 13-KR 87 2,9,10
10492752,02/08/2019,10:42:00,3,1,4.0,10.0,CL 86A-KR 71B 02,10,1
10492565,03/08/2019,01:35:00,2,1,4.0,1.0,CL 94-KR 30 02,2,7
10492721,03/08/2019,02:50:00,3,1,4.0,6.0,KR 89A-CL 42F S 2,8,1
10492682,03/08/2019,13:30:00,3,1,4.0,10.0,CL 40G-KR 80J S 2,8,1
10492882,03/08/2019,14:10:00,3,1,4.0,10.0,KR 71D-CL 6 94,8,1
10492869,03/08/2019,16:55:00,3,1,4.0,10.0,KR 72D-CL 6 S 94,8,10
10492560,04/08/2019,04:05:00,2,1,4.0,11.0,KR 68-CL 1 S 07,16,1
10492557,04/08/2019,07:00:00,2,1,4.0,3.0,AV AVENIDA BOYACA-CL 6 02,8,1
10492773,04/08/2019,07:28:00,3,1,4.0,1.0,AV AVENIDA CIRCUNVALAR-CL 30BBIS 2,3,1
10492916,04/08/2019,19:05:00,2,1,4.0,10.0,KR 114D-CL 151 02,11,1
10492801,05/08/2019,11:00:00,2,1,4.0,8.0,CL 26-KR 60 02,13,1
10492991,05/08/2019,12:01:00,3,1,4.0,10.0,CL 48-KR 9 56,2,10
10492769,05/08/2019,14:55:00,3,1,4.0,2.0,KR 46A-CL 128B 14,11,1
10492777,05/08/2019,15:00:00,3,1,4.0,6.0,TR 72DBIS-CL 42C S 16,8,1
10492978,05/08/2019,22:15:00,3,1,4.0,4.0,KR 77-CL 23G 40,11,1
10492996,05/08/2019,23:06:00,3,1,4.0,5.0,CL 80-KR 104 02,10,2
10493022,06/08/2019,00:10:00,3,1,4.0,11.0,AC 80-KR 69H 02,10,2
10492983,06/08/2019,04:40:00,3,1,4.0,2.0,KR 55-CL 77 13,12,1
10493083,06/08/2019,15:39:00,3,1,4.0,10.0,KR 89C-CL 42A S 01,8,1
10493035,07/08/2019,01:40:00,3,1,4.0,8.0,CL 145-KR 94C 48,11,1
10492958,07/08/2019,20:40:00,3,1,4.0,2.0,KR 49B-CL 68F S 02,19,1
10493005,08/08/2019,23:30:00,1,1,4.0,1.0,AV AVENIDA DEL SUR-KR 68 2,6,4
10493131,09/08/2019,00:03:00,3,1,4.0,4.0,CL 6D-KR 80B 89,8,10
10493425,09/08/2019,06:21:00,3,1,4.0,4.0,KR 12F-CL 31A S 02,4,1
10493124,09/08/2019,17:30:00,2,1,4.0,1.0,KR 12J-CL 33 S 2,18,1
10493295,09/08/2019,18:00:00,3,1,4.0,1.0,CL 51-KR 59C S 2,19,5
10493380,10/08/2019,05:15:00,3,1,4.0,2.0,KR 68-CL 10 02,16,1
10493492,10/08/2019,08:20:00,3,1,4.0,1.0,KR 128-CL 17A 2,9,1
10493148,10/08/2019,13:00:00,2,1,4.0,10.0,CL 26-KR 99F S 2,8,2
10493436,10/08/2019,21:35:00,3,1,4.0,10.0,DG 16-KR 90 95,9,10
10493141,11/08/2019,09:15:00,2,1,4.0,1.0,CL 60A-KR 19ABIS S 2,19,1
10493502,11/08/2019,10:45:00,3,1,4.0,11.0,CL 80-KR 104 02,10,2
10493413,11/08/2019,13:45:00,2,1,4.0,10.0,CL 3-KR 19 S 49,15,1
10493499,11/08/2019,20:50:00,3,1,4.0,6.0,KR 9-CL 100C E 14,2,1
10493605,11/08/2019,21:09:00,3,1,4.0,6.0,KR 78Q-CL 35 S 77,8,1
10493623,12/08/2019,23:06:00,3,1,4.0,1.0,AK 30-CL 26 2,13,1
10493790,14/08/2019,14:30:00,3,1,4.0,10.0,CL 87-KR 91 S 90,7,1
10493767,14/08/2019,16:00:00,3,1,4.0,10.0,CL 80-KR 68 02,12,4
10493766,14/08/2019,16:50:00,3,1,4.0,10.0,KR 103B-CL 151 03,11,1
10493759,14/08/2019,19:38:00,3,1,4.0,8.0,KR 30-CL 63 2,12,1
10493761,14/08/2019,21:57:00,3,1,4.0,9.0,AC 24-KR 54 2,14,2
10493954,15/08/2019,09:30:00,3,1,4.0,6.0,KR 82B-CL 42A S 02,8,1
10493831,15/08/2019,18:30:00,3,1,4.0,10.0,KR 97B-CL 153 84,11,1
10494052,16/08/2019,12:50:00,3,1,4.0,10.0,CL 65A-KR 93 02,10,1
10493996,16/08/2019,13:50:00,3,1,4.0,11.0,AV AVENIDA BOYACA-CL 71 S 02,5,10
10494093,16/08/2019,22:47:00,3,1,4.0,10.0,KR 136A-CL 138A 25,11,1
10493978,17/08/2019,01:00:00,3,1,4.0,10.0,DG 4A-KR 7 E 85,3,1
10493947,17/08/2019,06:45:00,3,1,4.0,1.0,CL 3B-KR 78 68,8,1
10493930,18/08/2019,01:51:00,3,1,4.0,1.0,KR 30-CL 64A 2,12,1
10493922,18/08/2019,19:00:00,3,1,4.0,1.0,CL 82-KR 7 80,2,1
10494056,19/08/2019,02:30:00,2,1,4.0,4.0,KR 10-CL 6 02,3,8
10493888,19/08/2019,05:15:00,2,1,4.0,1.0,KR 30-CL 63 2,13,1
10493902,19/08/2019,08:38:00,2,1,4.0,3.0,CL 56A-KR 27 S 2,6,1
10494076,20/08/2019,10:30:00,3,1,4.0,10.0,CL 169A-KR 67 02,11,1
10494271,20/08/2019,14:30:00,3,1,4.0,2.0,CL 76-KR 78A 02,10,1
10494147,20/08/2019,20:20:00,3,1,4.0,11.0,AV AVENIDA CORDOBA-CL 127 02,11,1
10494154,20/08/2019,23:00:00,3,1,4.0,8.0,KR 68-CL 17 02,16,1
10494300,21/08/2019,04:20:00,3,1,4.0,11.0,CL 17-KR 126A 02,9,1
10494494,21/08/2019,09:15:00,3,1,4.0,2.0,CL 25-KR 68H S 02,8,1
10494341,21/08/2019,12:30:00,2,1,4.0,10.0,CL 26-KR 73 S 2,8,1
10494421,22/08/2019,00:03:00,1,1,4.0,1.0,KR 14-CL 14 S 2,15,1
10494699,22/08/2019,06:40:00,3,1,4.0,1.0,AK 30-CL 26 2,13,6
10494747,22/08/2019,08:29:00,3,1,4.0,10.0,CL 70A-KR 10A 2,2,1
10494528,22/08/2019,13:15:00,3,1,4.0,2.0,KR 9-CL 56 02,2,2
10494628,23/08/2019,00:00:00,3,1,4.0,1.0,AC 26-KR 105 2,9,1
10494641,23/08/2019,07:50:00,3,1,4.0,10.0,KR 68A-CL 19 44,9,1
10494524,23/08/2019,12:58:00,3,1,4.0,1.0,CL 81-KR 10 39,2,1
10495199,23/08/2019,14:30:00,3,1,4.0,8.0,CL 15-KR 10 61,3,10
10494694,24/08/2019,00:05:00,3,1,4.0,10.0,KR 101-CL 70 55,10,1
10494776,24/08/2019,14:38:00,3,1,4.0,10.0,KR 68-CL 68D 2,10,1
10494777,24/08/2019,20:02:00,3,1,4.0,10.0,KR 30-CL 71A 02,12,1
10494614,24/08/2019,23:04:00,2,1,4.0,8.0,KR 45-CL 142 2,1,1
10494586,25/08/2019,05:40:00,2,1,4.0,1.0,KR 67-CL 60A S 2,6,2
10494874,25/08/2019,22:30:00,3,1,4.0,5.0,AV AVENIDA CIUDAD DE CALI-CL 90 2,10,1
10494730,26/08/2019,18:43:00,2,1,4.0,10.0,KR 103C-CL 86A 2,10,1
10495115,27/08/2019,11:18:00,3,1,4.0,2.0,CL 39A-KR 3A SE 2,4,1
10495132,27/08/2019,12:55:00,3,1,4.0,10.0,KR 8-CL 108A 2,1,1
10495030,27/08/2019,13:15:00,3,1,4.0,10.0,CL 22-KR 70 S 2,8,2
10495202,27/08/2019,13:30:00,3,1,4.0,2.0,CL 49A-KR 27 S 51,6,1
10495051,27/08/2019,14:30:00,3,1,4.0,11.0,AV AVENIDA BOYACA-CL 6 02,8,1
10495118,27/08/2019,22:18:00,3,1,4.0,1.0,KR 18C-CL 65D S 05,19,1
10495187,28/08/2019,09:30:00,3,1,4.0,2.0,KR 19BIS-CL 47 S 51,6,2
10495131,28/08/2019,13:40:00,3,1,4.0,9.0,KR 13-CL 124 2,1,10
10495148,28/08/2019,20:34:00,3,1,4.0,10.0,KR 60-CL 62 02,13,1
10495320,29/08/2019,17:00:00,3,1,4.0,6.0,CL 13-KR 47 67,16,1
10495342,29/08/2019,18:50:00,3,1,4.0,10.0,KR 7-CL 116 2,1,1
10495338,29/08/2019,22:34:00,3,1,4.0,10.0,KR 70-CL 69 17,10,1
10495228,30/08/2019,00:00:00,2,1,4.0,1.0,KR 78G-CL 52A S 2,8,1
10495234,30/08/2019,07:50:00,2,1,4.0,4.0,KR 51-CL 111 50,11,1
10495536,30/08/2019,09:50:00,3,1,4.0,2.0,KR 3D-CL 56 02,2,1
10495227,30/08/2019,10:37:00,2,1,4.0,6.0,DG 48-KR 5R S 02,18,1
10495540,30/08/2019,21:19:00,3,1,4.0,6.0,KR 13-CL 16 02,3,2
10495458,31/08/2019,00:25:00,3,1,4.0,1.0,KR 3-CL 26 2,3,1
10495551,31/08/2019,02:19:00,3,1,4.0,8.0,KR 45-CL 147 02,1,1
10495560,31/08/2019,04:31:00,3,1,4.0,5.0,KR 7-CL 147 02,1,2
10495559,31/08/2019,21:48:00,3,1,4.0,10.0,CL 3-KR 69A S 60,8,10
10495293,01/09/2019,04:00:00,2,1,4.0,2.0,KR 79D-CL 57A S 2,8,1
10495642,01/09/2019,06:15:00,3,1,4.0,6.0,CL 73-KR 108 02,10,1
10495288,01/09/2019,06:20:00,2,1,4.0,11.0,TR 112BBISA-CL 64 69,10,2
10495534,01/09/2019,07:37:00,3,1,4.0,8.0,AV AVENIDA BOYACA-CL 13 2,9,1
10495628,01/09/2019,08:58:00,3,1,4.0,2.0,AV AVENIDA CARACAS-CL 40ABIS 02,2,2
10495541,01/09/2019,10:00:00,3,1,4.0,10.0,CL 18A-KR 3 SE 2,4,1
10495645,01/09/2019,12:00:00,3,1,4.0,11.0,CL 13-KR 44 02,16,1
10495631,01/09/2019,19:50:00,3,1,4.0,6.0,CL 17-KR 135 20,9,1
10495637,01/09/2019,23:30:00,3,1,4.0,2.0,AV AVENIDA DEL SUR-KR 65A S 79,7,1
10495666,02/09/2019,05:59:00,3,1,4.0,2.0,CL 103-KR 5D E 79,2,1
10495629,02/09/2019,16:49:00,3,1,4.0,1.0,KR 71-CL 68BBIS 2,10,1
10495761,03/09/2019,12:00:00,3,1,4.0,2.0,KR 1-CL 52B S 02,18,1
10495778,03/09/2019,15:30:00,3,1,4.0,2.0,KR 97-CL 23H 02,9,2
10495795,03/09/2019,21:00:00,3,1,4.0,11.0,AV AVENIDA BOYACA-CL 50 68,10,1
10495833,04/09/2019,04:40:00,3,1,4.0,2.0,KR 29A-CL 69 2,13,1
10495819,04/09/2019,22:20:00,3,1,4.0,10.0,CL 49-KR 89B S 31,7,1
10495940,05/09/2019,02:08:00,3,1,4.0,11.0,CL 17-KR 86 02,10,1
10495968,05/09/2019,09:18:00,3,1,4.0,2.0,CL 83-KR 103B 02,10,1
10496192,06/09/2019,07:20:00,3,1,4.0,6.0,KR 68-CL 75A 2,12,1
10496063,06/09/2019,17:05:00,3,1,4.0,10.0,CL 112-KR 17 77,1,1
10496469,07/09/2019,00:30:00,3,1,4.0,6.0,KR 19-CL 64 13,12,1
10496239,07/09/2019,00:33:00,3,1,4.0,2.0,CL 21-KR 105 13,9,1
10496233,07/09/2019,14:50:00,3,1,4.0,10.0,CL 70-KR 53 02,12,2
10496256,08/09/2019,10:20:00,3,1,4.0,2.0,CL 48I-KR 9 S 2,18,1
10496493,08/09/2019,18:30:00,3,1,4.0,1.0,CL 69GBIS-KR 45C S 2,19,1
10496147,08/09/2019,19:00:00,2,1,4.0,11.0,AV AVENIDA BOYACA-CL 39F S 2,8,1
10496457,09/09/2019,02:30:00,3,1,4.0,2.0,CL 25-KR 6 S 46,4,2
10496460,09/09/2019,15:09:00,3,1,4.0,8.0,AC 100-KR 54 02,12,1
10496487,10/09/2019,08:50:00,3,1,4.0,2.0,CL 53B-KR 27B 02,13,2
10496634,10/09/2019,10:40:00,3,1,4.0,2.0,CL 132BIS-KR 136 65,11,1
10496488,10/09/2019,14:39:00,3,1,4.0,6.0,KR 5-CL 16 2,3,1
10496551,10/09/2019,16:29:00,3,1,4.0,1.0,KR 68B-CL 24C 2,9,10
10496485,11/09/2019,01:53:00,3,1,4.0,1.0,AV AVENIDA CARACAS-CL 54 2,2,1
10496751,11/09/2019,16:53:00,3,1,4.0,1.0,CL 26-KR 106 39,9,1
10496697,11/09/2019,23:00:00,3,1,4.0,10.0,TR 6BIS-DG 48J S 02,18,1
10496673,12/09/2019,03:21:00,2,1,4.0,4.0,CL 50B-KR 9L 2,18,1
10496749,12/09/2019,10:20:00,3,1,4.0,1.0,CL 23H-KR 103B 2,9,2
10496729,12/09/2019,14:00:00,3,1,4.0,10.0,KR 4-CL 56A 2,2,2
10496731,12/09/2019,16:50:00,3,1,4.0,1.0,CL 127-KR 13 2,1,1
10496753,12/09/2019,17:02:00,3,1,4.0,3.0,AK 45-CL 147 2,1,1
10496894,12/09/2019,18:20:00,2,1,4.0,3.0,KR 62-CL 163 02,11,1
10496758,12/09/2019,19:30:00,3,1,4.0,6.0,CL 2-KR 31B 20,16,1
10497078,13/09/2019,12:40:00,3,1,4.0,2.0,CL 18-KR 28A 31,14,1
10496876,13/09/2019,15:00:00,2,1,4.0,10.0,CL 53-KR 66A 2,13,1
10496804,13/09/2019,21:32:00,3,1,4.0,6.0,KR 14B-CL 119 47,1,1
10496690,13/09/2019,23:12:00,3,1,4.0,10.0,CL 65D-KR 79C S 02,7,1
10496911,14/09/2019,23:45:00,2,1,4.0,8.0,AV AVENIDA PASEO DE LOS LIBERTADORES-CL 100 02,11,1
10496839,15/09/2019,01:00:00,1,1,4.0,1.0,AV AVENIDA BOYACA-CL 44F S 2,8,1
10496892,15/09/2019,07:29:00,2,1,4.0,1.0,AC 63-KR 105 2,10,1
10497077,15/09/2019,08:27:00,3,1,4.0,4.0,KR 45-CL 106 02,1,1
10497093,15/09/2019,22:11:00,2,1,4.0,11.0,KR 30-CL 23 02,14,1
10497110,16/09/2019,07:15:00,3,1,4.0,1.0,CL 47-KR 3A 11,2,1
10497134,16/09/2019,09:30:00,3,1,4.0,2.0,KR 41A-CL 3 87,16,1
10497109,16/09/2019,20:45:00,3,1,4.0,1.0,KR 96-CL 25F 2,9,1
10497260,17/09/2019,05:30:00,3,1,4.0,1.0,KR 50-CL 71A 2,12,2
10497182,17/09/2019,10:50:00,3,1,4.0,10.0,KR 93D-CL 49F S 45,7,1
10497167,17/09/2019,11:22:00,3,1,4.0,10.0,KR 57-CL 134 20,11,1
10497258,17/09/2019,11:50:00,3,1,4.0,2.0,CL 41A-KR 1D S 02,4,1
10497221,17/09/2019,14:25:00,2,1,4.0,1.0,CL 71-KR 19 S 2,19,1
10497281,17/09/2019,17:56:00,2,1,4.0,10.0,KR 60-CL 63 36,12,1
10497254,18/09/2019,04:00:00,3,1,4.0,6.0,KR 70F-CL 73 10,10,1
10497329,18/09/2019,04:30:00,3,1,4.0,2.0,KR 8-CL 1 71,3,1
10497283,18/09/2019,09:47:00,2,1,4.0,10.0,KR 44A-CL 22A 2,13,1
10497341,18/09/2019,14:54:00,3,1,4.0,10.0,CL 16-KR 13 02,3,1
10497348,18/09/2019,19:20:00,3,1,4.0,6.0,CL 164A-KR 13A 02,1,1
10497363,19/09/2019,07:15:00,2,1,4.0,10.0,AV AVENIDA DEL SUR-DG 40 S 02,15,4
10497458,19/09/2019,08:30:00,3,1,4.0,6.0,KR 18D-CL 82B S 2,19,1
10497405,19/09/2019,10:00:00,3,1,4.0,10.0,TR 69B-CL 9D 40,8,10
10497494,19/09/2019,11:50:00,3,1,4.0,10.0,CL 51-KR 88A S 2,7,1
10497456,19/09/2019,13:06:00,3,1,4.0,6.0,CL 114-KR 19 30,1,10
10497499,19/09/2019,13:20:00,3,1,4.0,6.0,KR 11-CL 23A S 2,18,1
10497432,19/09/2019,22:45:00,3,1,4.0,10.0,CL 19-KR 96G 98,9,1
10497559,20/09/2019,16:23:00,2,1,4.0,6.0,KR 75-CL 77 S 2,19,2
10497520,20/09/2019,18:32:00,3,1,4.0,6.0,DG 7-AK 4B SE 57,4,1
10497620,20/09/2019,21:04:00,3,1,4.0,4.0,CL 134-KR 9A 92,1,1
10497511,20/09/2019,22:15:00,3,1,4.0,11.0,AV AVENIDA SUBA-CL 128B 2,11,1
10497761,20/09/2019,22:27:00,3,1,4.0,6.0,CL 3-KR 4 SE 26,4,1
10498818,21/09/2019,00:20:00,2,1,4.0,10.0,AV AVENIDA PRIMERO DE MAYO-KR 68 2,16,4
10497626,21/09/2019,01:00:00,3,1,4.0,6.0,CL 70A-KR 86A 24,10,10
10497618,21/09/2019,12:00:00,3,1,4.0,8.0,KR 86-CL 34 S 2,8,1
10497667,21/09/2019,15:10:00,3,1,4.0,10.0,TR 16C-CL 42D ES 72,4,1
10497550,21/09/2019,22:30:00,2,1,4.0,10.0,CL 115-KR 8 SE 02,5,1
10497819,22/09/2019,08:20:00,2,1,4.0,8.0,AV AVENIDA CIUDAD DE CALI-AC 12 2,8,1
10497737,22/09/2019,13:30:00,3,1,4.0,6.0,DG 3B-KR 9 E 5,3,1
10497846,23/09/2019,18:07:00,2,1,4.0,6.0,KR 9-CL 100B E 15,2,1
10497904,24/09/2019,13:45:00,3,1,4.0,4.0,KR 145-CL 142 34,1,1
10497930,25/09/2019,00:40:00,3,1,4.0,1.0,AK 86-CL 2 2,8,1
10498040,25/09/2019,02:30:00,3,1,4.0,4.0,AK 45-CL 116 2,1,1
10498013,25/09/2019,09:00:00,3,1,4.0,10.0,CL 6-KR 6 2,3,10
10497958,25/09/2019,21:50:00,3,1,4.0,1.0,AK 58-CL 137A 10,11,1
10498032,26/09/2019,00:55:00,3,1,4.0,3.0,CL 106-KR 7BIS 2,1,1
10498152,26/09/2019,01:50:00,3,1,4.0,10.0,KR 80-CL 2 51,8,1
10498077,26/09/2019,06:45:00,2,1,4.0,10.0,AK 70-CL 71 02,10,1
10498234,26/09/2019,07:09:00,2,1,4.0,6.0,KR 3-CL 1 02,4,1
10498111,26/09/2019,13:05:00,3,1,4.0,10.0,CL 18-KR 69F 02,9,1
10498139,26/09/2019,14:00:00,3,1,4.0,10.0,CL 9-KR 38 50,16,1
10498169,26/09/2019,14:00:00,2,1,4.0,10.0,CL 49A-KR 37 S 49,6,1
10498157,26/09/2019,15:40:00,2,1,4.0,10.0,DG 50-KR 53 S 73,6,1
10498112,26/09/2019,21:10:00,3,1,4.0,2.0,AK 104-CL 129B 2,11,1
10498130,27/09/2019,02:50:00,3,1,4.0,1.0,AV AVENIDA BOYACA-CL 59 2,19,7
10498190,27/09/2019,11:15:00,3,1,4.0,8.0,AV AVENIDA CIRCUNVALAR-CL 21 2,3,1
10498227,27/09/2019,12:10:00,3,1,4.0,10.0,CL 18-KR 39 2,16,1
10498272,27/09/2019,22:45:00,3,1,4.0,10.0,CL 14-KR 30 17,16,10
10498347,28/09/2019,01:00:00,3,1,4.0,10.0,CL 86A-KR 14 48,2,1
10498219,28/09/2019,07:11:00,2,1,4.0,4.0,AV AVENIDA BOYACA-CL 64C 02,10,1
10498356,28/09/2019,08:00:00,3,1,4.0,6.0,CL 38-KR 98BBIS S 2,8,1
10498364,28/09/2019,08:15:00,3,1,4.0,4.0,AV AVENIDA CIRCUNVALAR-CL 83 02,2,1
10498408,28/09/2019,17:26:00,3,1,4.0,1.0,CL 24B-KR 101B 02,9,1
10498358,28/09/2019,22:40:00,3,1,4.0,5.0,AV AVENIDA CIUDAD DE CALI-CL 66A 02,10,2
10498242,29/09/2019,04:00:00,2,1,4.0,1.0,CL 8-KR 72 2,8,1
10498440,29/09/2019,04:15:00,3,1,4.0,6.0,KR 80G-CL 2 34,8,1
10498502,29/09/2019,07:33:00,3,1,4.0,2.0,CL 72-KR 74A 02,10,1
10498432,29/09/2019,07:45:00,3,1,4.0,2.0,CL 48J-KR 3 S 02,18,1
10498496,01/10/2019,06:55:00,1,1,4.0,1.0,KR 87B-CL 128F 02,11,2
10498737,01/10/2019,09:00:00,3,1,4.0,10.0,DG 84-KR 5B SE 60,5,10
10498619,01/10/2019,18:00:00,3,1,4.0,10.0,CL 12C-KR 1A 2,17,1
10498631,02/10/2019,00:50:00,3,1,4.0,2.0,KR 78B-CL 39A S 39,8,1
10498635,02/10/2019,01:40:00,1,1,4.0,4.0,CL 45-KR 20 02,13,4
10498727,02/10/2019,22:30:00,3,1,4.0,2.0,KR 30-CL 53B 2,12,1
10498831,03/10/2019,05:40:00,3,1,4.0,2.0,CL 170-KR 65 02,11,1
10498769,03/10/2019,08:50:00,3,1,4.0,2.0,KR 14-CL 14 ES 02,4,1
10498797,03/10/2019,16:15:00,3,1,4.0,2.0,DG 115A-AK 70D 33,11,1
10498771,03/10/2019,20:30:00,3,1,4.0,6.0,KR 23B-CL 44A S 22,18,1
10498764,04/10/2019,01:42:00,2,1,4.0,7.0,CL 6-KR 21 07,14,1
10499014,04/10/2019,03:06:00,3,1,4.0,2.0,KR 9-CL 143 2,1,1
10499033,04/10/2019,04:12:00,3,1,4.0,2.0,CL 54-KR 98 S 2,7,1
10499032,04/10/2019,10:45:00,3,1,4.0,11.0,KR 10-CL 28 2,3,1
10498964,04/10/2019,15:30:00,2,1,4.0,2.0,CL 52A-KR 5BBIS S 2,18,1
10498891,04/10/2019,15:35:00,3,1,4.0,10.0,KR 15-CL 127C 0,1,1
10498892,04/10/2019,23:23:00,2,1,4.0,4.0,KR 30-CL 57 2,12,1
10499060,05/10/2019,00:40:00,3,1,4.0,11.0,CL 6-KR 8 2,17,1
10499113,05/10/2019,06:30:00,3,1,4.0,6.0,CL 17-KR 8 S 2,4,1
10499119,06/10/2019,02:06:00,3,1,4.0,2.0,KR 14-CL 118 S 84,5,1
10499038,06/10/2019,13:00:00,3,1,4.0,9.0,CL 58CBIS-KR 84 S 49,7,1
10499091,06/10/2019,16:35:00,2,1,4.0,1.0,AV AVENIDA CIUDAD DE CALI-KR 81 2,7,1
10499041,06/10/2019,17:25:00,3,1,4.0,1.0,CL 19-KR 19 2,14,1
10499049,07/10/2019,00:30:00,3,1,4.0,1.0,KR 28-CL 53B 2,13,10
10499046,07/10/2019,03:57:00,3,1,4.0,1.0,AV AVENIDA CARACAS-AC 69 2,2,1
10499202,07/10/2019,05:50:00,3,1,4.0,10.0,CL 129ABIS-KR 91 2,11,1
10499190,07/10/2019,16:20:00,3,1,4.0,10.0,CL 13-KR 68A 35,9,10
10499083,08/10/2019,00:10:00,1,1,4.0,2.0,KR 19G-CL 66 S 2,19,1
10499239,08/10/2019,07:20:00,2,1,4.0,10.0,KR 68-CL 13 2,9,1
10502899,08/10/2019,10:00:00,1,1,4.0,1.0,CL 3-KR 7 E 16,3,1
10499290,08/10/2019,17:13:00,3,1,4.0,10.0,CL 127-KR 15 2,1,10
10502465,09/10/2019,09:10:00,3,1,4.0,2.0,KR 18N-CL 66A S 02,19,1
10499480,10/10/2019,00:20:00,2,1,4.0,11.0,CL 134-KR 54 2,11,2
10499485,10/10/2019,08:30:00,2,1,4.0,2.0,CL 81-KR 17A S 35,19,1
10499511,10/10/2019,11:00:00,3,1,4.0,3.0,AK 45-CL 235 2,1,1
10499514,10/10/2019,13:30:00,3,1,4.0,10.0,CL 64-KR 4 58,2,1
10499512,10/10/2019,14:30:00,3,1,4.0,2.0,CL 74-KR 77G S 22,7,1
10499508,11/10/2019,02:50:00,3,1,4.0,1.0,CL 71-KR 5 2,2,1
10499734,11/10/2019,10:50:00,3,1,4.0,6.0,DG 5A-KR 37B 60,16,1
10499739,12/10/2019,11:30:00,3,1,4.0,2.0,CL 61-KR 18K S 25,19,1
10499617,12/10/2019,16:51:00,2,1,4.0,10.0,CL 17-KR 25 S 02,15,1
10499832,13/10/2019,19:30:00,3,1,4.0,6.0,TR 106-CL 75 02,10,10
10499834,13/10/2019,20:37:00,3,1,4.0,2.0,KR 91B-CL 42A S 02,8,2
10499853,14/10/2019,01:10:00,3,1,4.0,2.0,CL 49B-KR 5B S 02,18,2
10505611,14/10/2019,01:58:00,2,1,4.0,1.0,KR 10-CL 11 2,17,1
10499648,14/10/2019,03:00:00,2,1,4.0,11.0,KR 26-CL 76 S 02,19,1
10499919,14/10/2019,07:31:00,2,1,4.0,1.0,AV AVENIDA CIRCUNVALAR-CL 23 2,3,1
10499858,14/10/2019,15:15:00,3,1,4.0,10.0,KR 56A-CL 125A 40,11,1
10499650,14/10/2019,22:40:00,2,1,4.0,10.0,DG 40C-KR 72J S 80,8,1
10499925,15/10/2019,12:40:00,2,1,4.0,10.0,KR 45-CL 187 02,1,1
10499934,15/10/2019,13:00:00,2,1,4.0,8.0,CL 167-KR 45 20,11,1
10499995,15/10/2019,17:35:00,3,1,4.0,10.0,CL 68-KR 28 02,12,1
10499870,15/10/2019,18:00:00,3,1,4.0,6.0,KR 10-CL 75 S 02,5,1
10500016,16/10/2019,14:30:00,3,1,4.0,10.0,KR 113-CL 64C 2,10,1
10500107,17/10/2019,07:10:00,3,1,4.0,2.0,CL 80-TR 18Q S 02,19,1
10500329,17/10/2019,16:17:00,2,1,4.0,1.0,AV AVENIDA CUIDAD DE VILLAVICENCIO-KR 79 2,8,1
10500108,18/10/2019,04:15:00,3,1,4.0,2.0,AV AVENIDA CIUDAD DE CALI-CL 15A 91,9,1
10500218,18/10/2019,09:50:00,3,1,4.0,1.0,CL 63A-KR 69 2,10,1
10500213,18/10/2019,10:20:00,3,1,4.0,3.0,CL 135C-KR 11 2,1,1
10500212,18/10/2019,18:02:00,3,1,4.0,10.0,CL 26-KR 86 02,9,1
10500222,18/10/2019,18:20:00,2,1,4.0,1.0,CL 68C-KR 18Y S 2,19,1
10500211,19/10/2019,06:13:00,3,1,4.0,10.0,KR 30-CL 6 2,14,1
10500304,19/10/2019,06:55:00,3,1,4.0,1.0,DG 16-KR 90 2,9,10
10500432,19/10/2019,14:15:00,3,1,4.0,1.0,CL 75A-KR 16Q S 2,19,1
10500717,19/10/2019,16:00:00,3,1,4.0,1.0,CL 19-KR 8 2,3,1
10500262,20/10/2019,01:50:00,2,1,4.0,11.0,AV AVENIDA PRIMERA DE MAYO-KR 79A 79,8,1
10500538,20/10/2019,04:30:00,2,1,4.0,1.0,AK 30-CL 45A 2,13,1
10500321,20/10/2019,09:30:00,3,1,4.0,1.0,CL 127-KR 70D 77,11,1
10500282,20/10/2019,21:48:00,2,1,4.0,1.0,AV AVENIDA DE LAS AMERICAS-KR 68 2,8,4
10500405,20/10/2019,23:30:00,3,1,4.0,10.0,KR 22G-CL 62 S 02,19,1
10500435,21/10/2019,04:45:00,3,1,4.0,1.0,CL 22C-KR 68F 2,9,1
10500447,21/10/2019,16:00:00,3,1,4.0,10.0,DG 57C-KR 68C S 02,7,1
10500517,22/10/2019,10:30:00,2,1,4.0,10.0,KR 123-CL 15 83,9,1
10500580,22/10/2019,11:58:00,3,1,4.0,4.0,AV AVENIDA CIRCUNVALAR-CL 88 09,2,1
10500731,23/10/2019,08:00:00,3,1,4.0,1.0,KR 9-CL 1CBIS 2,3,1
10500718,23/10/2019,12:40:00,3,1,4.0,6.0,TR 1A-CL 54A 02,2,1
10500622,23/10/2019,19:21:00,3,1,4.0,10.0,CL 12-KR 19A 02,14,1
10500711,24/10/2019,00:03:00,3,1,4.0,1.0,KR 18F-CL 83 S 2,19,1
10500709,24/10/2019,00:30:00,3,1,4.0,1.0,KR 71D-CL 4 2,8,2
10500799,24/10/2019,06:50:00,3,1,4.0,2.0,CL 9-KR 35A S 38,16,1
10500813,24/10/2019,07:00:00,3,1,4.0,3.0,CL 24A-KR 68B 02,9,1
10501041,24/10/2019,07:00:00,3,1,4.0,6.0,CL 63-KR 14 SE 02,4,1
10500820,24/10/2019,16:25:00,2,1,4.0,2.0,CL 131F-KR 91 2,11,1
10500751,24/10/2019,20:35:00,2,1,4.0,1.0,KR 50-CL 84 2,12,1
10500775,24/10/2019,20:35:00,2,1,4.0,2.0,CL 100-KR 9 E 40,2,2
10500800,25/10/2019,00:40:00,2,1,4.0,8.0,AK 45-CL 138 49,1,1
10500802,25/10/2019,03:05:00,1,1,4.0,8.0,AC 13-KR 111A 2,9,1
10500819,25/10/2019,09:20:00,2,1,4.0,10.0,AV AVENIDA CARACAS-CL 12C S 37,6,1
10500964,25/10/2019,09:50:00,3,1,4.0,10.0,KR 7-CL 40 02,2,1
10501048,25/10/2019,12:36:00,3,1,4.0,1.0,CL 145-KR 13 2,1,3
10500976,25/10/2019,13:50:00,3,1,4.0,4.0,KR 9-CL 72 90,2,1
10500979,25/10/2019,16:50:00,3,1,4.0,2.0,CL 132BIS-KR 124B 02,11,2
10500925,25/10/2019,23:50:00,2,1,4.0,11.0,AV AVENIDA SUBA-KR 72 02,11,4
10500971,26/10/2019,00:19:00,3,1,4.0,2.0,CL 26-KR 51 02,13,1
10500977,26/10/2019,01:20:00,3,1,4.0,6.0,AC 3-KR 41B 02,16,2
10500899,26/10/2019,04:15:00,2,1,4.0,2.0,CL 65-KR 77G S 2,7,1
10501176,26/10/2019,11:50:00,3,1,4.0,2.0,KR 10-CL 4 02,3,1
10500930,26/10/2019,12:30:00,2,1,4.0,10.0,KR 3B-CL 38 ES 24,4,1
10501257,26/10/2019,16:02:00,3,1,4.0,6.0,KR 7-CL 39 45,2,10
10500953,26/10/2019,23:23:00,3,1,4.0,10.0,CL 44G-KR 72A S 02,8,2
10501020,27/10/2019,20:15:00,3,1,4.0,10.0,KR 112B-CL 22J 2,9,1
10501373,27/10/2019,21:08:00,3,1,4.0,1.0,TR 4-CL 60 E 02,2,6
10501384,28/10/2019,10:00:00,3,1,4.0,6.0,TR 75I-CL 75C S 50,19,1
10501131,28/10/2019,11:50:00,3,1,4.0,2.0,CL 74-KR 28B 02,12,2
10502637,28/10/2019,15:30:00,3,1,4.0,1.0,CL 61-KR 3F 66,2,1
10501191,28/10/2019,15:40:00,3,1,4.0,2.0,KR 32C-CL 2B 02,16,1
10501359,29/10/2019,07:45:00,3,1,4.0,10.0,KR 68D-CL 11 2,8,1
10501446,29/10/2019,14:05:00,3,1,4.0,1.0,CL 60A-KR 77C S 2,19,1
10502136,30/10/2019,02:05:00,3,1,4.0,1.0,KR 67-CL 61 S 2,6,2
10501477,31/10/2019,02:23:00,3,1,4.0,2.0,CL 23HBIS-KR 106 02,9,1
10501561,31/10/2019,04:50:00,1,1,4.0,10.0,AV AVENIDA CARACAS-AC 51 S 2,6,1
10501459,31/10/2019,13:00:00,3,1,4.0,2.0,KR 53A-CL 121 10,11,10
10501516,31/10/2019,16:15:00,3,1,4.0,6.0,KR 98BBIS-CL 38 S 10,8,1
10501415,31/10/2019,16:38:00,2,1,4.0,10.0,KR 6-CL 39A ES 02,4,2
10501586,01/11/2019,17:20:00,3,1,4.0,1.0,AV AVENIDA CIRCUNVALAR-CL 12F 2,3,1
10501899,02/11/2019,05:51:00,3,1,4.0,2.0,KR 79-CL 41D S 17,8,1
10501893,02/11/2019,15:20:00,3,1,4.0,2.0,CL 68-KR 9A S 2,5,1
10501660,03/11/2019,02:30:00,2,1,4.0,1.0,KR 14-CL 135A S 2,5,1
10501882,03/11/2019,04:30:00,3,1,4.0,11.0,AV AVENIDA PASEO DE LOS LIBERTADORES-CL 109 02,1,1
10501891,03/11/2019,07:00:00,3,1,4.0,10.0,CL 22ABIS-KR 27 15,14,10
10501885,03/11/2019,08:10:00,3,1,4.0,6.0,CL 108-KR 8A SE 02,5,1
10501663,03/11/2019,13:00:00,2,1,4.0,1.0,AV AVENIDA BOYACA-CL 53 2,10,1
10501888,03/11/2019,20:58:00,3,1,4.0,10.0,KR 59-CL 26 21,13,10
10502778,04/11/2019,01:02:00,2,1,4.0,8.0,KR 42-CL 75 S 2,19,1
10501957,04/11/2019,05:30:00,3,1,4.0,6.0,CL 91-KR 2B S 2,5,1
10501958,04/11/2019,07:35:00,3,1,4.0,6.0,KR 24-CL 83A 14,12,1
10501798,04/11/2019,22:00:00,3,1,4.0,6.0,KR 73D-CL 63 S 2,19,1
10502015,05/11/2019,17:50:00,3,1,4.0,10.0,CL 23G-KR 113 2,9,1
10501960,05/11/2019,20:30:00,3,1,4.0,6.0,KR 98-CL 38 S 10,8,1
10502039,06/11/2019,11:55:00,3,1,4.0,1.0,KR 5-CL 81 15,2,1
10502068,06/11/2019,18:45:00,3,1,4.0,10.0,CL 18-KR 7 02,3,1
10502109,07/11/2019,09:40:00,2,1,4.0,6.0,KR 3-CL 48T S 2,18,1
10502340,08/11/2019,20:30:00,3,1,4.0,6.0,CL 24-KR 119 02,9,1
10502298,08/11/2019,23:10:00,2,1,4.0,4.0,KR 55-CL 174B 02,11,1
10502618,09/11/2019,16:58:00,3,1,4.0,11.0,CL 93A-KR 14 02,2,2
10502464,09/11/2019,17:30:00,3,1,4.0,2.0,CL 146F-KR 76 2,11,2
10502457,10/11/2019,06:30:00,3,1,4.0,6.0,CL 48F-KR 9 S 15,18,1
10502883,10/11/2019,07:52:00,2,1,4.0,8.0,KR 93D-CL 49 S 2,7,1
10502535,10/11/2019,13:30:00,3,1,4.0,8.0,KR 21-CL 68 2,12,1
10502471,10/11/2019,19:40:00,3,1,4.0,8.0,KR 116-CL 17A 02,9,1
10502276,11/11/2019,02:40:00,2,1,4.0,8.0,AV AVENIDA BOYACA-DG 69C S 02,5,1
10502642,11/11/2019,17:00:00,3,1,4.0,2.0,KR 93-CL 129C 2,11,1
10502510,11/11/2019,17:31:00,3,1,4.0,2.0,KR 8-CL 181 2,1,2
10502466,11/11/2019,22:30:00,3,1,4.0,10.0,KR 30-CL 28 S 02,15,1
10502853,12/11/2019,01:00:00,3,1,4.0,2.0,KR 5-CL 26A 2,3,1
10502540,12/11/2019,16:46:00,3,1,4.0,6.0,CL 116-KR 11A 23,1,1
10502534,12/11/2019,20:48:00,3,1,4.0,1.0,AC 71-KR 4 S 09,19,10
10502646,13/11/2019,02:40:00,3,1,4.0,3.0,AV AVENIDA PRIMERA DE MAYO-AK 29B 02,16,1
10502648,13/11/2019,11:20:00,3,1,4.0,4.0,AV AVENIDA BOYACA-DG 62 S 02,19,1
10503186,13/11/2019,13:15:00,2,1,4.0,10.0,CL 16F-KR 100 2,9,1
10502709,13/11/2019,16:02:00,3,1,4.0,6.0,CL 149-KR 91 50,11,1
10502644,13/11/2019,19:36:00,3,1,4.0,10.0,CL 26-KR 39 2,13,1
10502736,14/11/2019,16:34:00,2,1,4.0,3.0,AV AVENIDA BOYACA-CL 37A S 02,8,1
10502783,14/11/2019,23:20:00,3,1,4.0,5.0,KR 52C-CL 42 S 02,16,2
10502959,15/11/2019,07:23:00,2,1,4.0,1.0,AC 24-KR 68A 2,9,1
10503082,16/11/2019,06:45:00,3,1,4.0,10.0,TR 17ABIS-CL 64 S 02,19,1
10502987,16/11/2019,07:07:00,3,1,4.0,2.0,AV AVENIDA CIRCUNVALAR-AC 84A 50,2,1
10503010,16/11/2019,10:10:00,3,1,4.0,6.0,KR 9-CL 30C ES 2,4,1
10503031,16/11/2019,20:50:00,3,1,4.0,10.0,KR 15-CL 124 2,1,10
10503105,17/11/2019,20:00:00,3,1,4.0,10.0,KR 20-CL 187 90,1,1
10503166,18/11/2019,00:20:00,3,1,4.0,1.0,KR 14-CL 60 ES 2,4,1
10503193,18/11/2019,04:50:00,2,1,4.0,1.0,CL 28B-KR 9C SE 02,18,1
10503202,18/11/2019,08:08:00,2,1,4.0,8.0,KR 45-CL 220 02,1,1
10503172,18/11/2019,11:50:00,3,1,4.0,2.0,CL 13-KR 96B 02,9,1
10503247,18/11/2019,18:26:00,3,1,4.0,10.0,CL 17A-KR 97 2,9,1
10503348,19/11/2019,17:30:00,3,1,4.0,2.0,KR 127-CL 22 02,9,1
10503246,19/11/2019,17:47:00,3,1,4.0,10.0,KR 20-CL 51A S 03,8,1
10503261,19/11/2019,22:11:00,3,1,4.0,1.0,CL 129-KR 45 2,1,1
10503352,20/11/2019,12:45:00,2,1,4.0,1.0,CL 45A-KR 50A S 91,6,11
10503309,20/11/2019,13:24:00,2,1,4.0,1.0,KR 59A-CL 136 95,11,2
10503500,20/11/2019,22:06:00,2,1,4.0,8.0,KR 7-CL 165 02,1,1
10503445,21/11/2019,05:19:00,2,1,4.0,1.0,AV AVENIDA CIUDAD DE CALI-CL 127 2,11,1
10503590,21/11/2019,21:00:00,3,1,4.0,10.0,KR 30-CL 61 02,13,1
10503612,22/11/2019,13:00:00,3,1,4.0,6.0,TR 3BIS-CL 47B E 45,2,10
10503644,23/11/2019,13:52:00,3,1,4.0,10.0,KR 23-CL 11 11,14,1
10503553,23/11/2019,17:30:00,2,1,4.0,1.0,KR 96G-CL 16I 02,9,2
10503697,23/11/2019,17:46:00,3,1,4.0,1.0,CL 174-KR 8 90,1,1
10503737,24/11/2019,02:30:00,3,1,4.0,1.0,KR 93G-CL 128B 2,11,1
10503724,24/11/2019,04:30:00,3,1,4.0,1.0,AK 30-CL 26 2,13,1
10503740,24/11/2019,12:18:00,3,1,4.0,6.0,KR 45-CL 197 2,1,1
10503771,24/11/2019,13:32:00,3,1,4.0,10.0,CL 140-KR 19 46,1,10
10503741,25/11/2019,01:37:00,3,1,4.0,10.0,CL 42BIS-KR 14A SE 2,4,1
10503729,25/11/2019,10:55:00,3,1,4.0,10.0,CL 141-KR 103B 02,11,2
10504051,25/11/2019,20:59:00,3,1,4.0,1.0,DG 72A-TR 18IBISA S 2,19,1
10503789,26/11/2019,05:54:00,2,1,4.0,6.0,CL 67B-KR 62 02,12,1
10503885,27/11/2019,09:42:00,3,1,4.0,10.0,KR 13-CL 1C 02,3,1
10504052,27/11/2019,11:30:00,3,1,4.0,3.0,AC 82-KR 10 50,2,1
10503916,27/11/2019,12:30:00,3,1,4.0,10.0,KR 114-CL 148 30,11,1
10503967,28/11/2019,11:00:00,2,1,4.0,10.0,CL 72-KR 78 34,10,1
10504035,28/11/2019,20:56:00,3,1,4.0,11.0,AV AVENIDA CARACAS-KR 33 S 02,18,1
10503990,28/11/2019,21:40:00,2,1,4.0,11.0,AV AVENIDA PASEO DE LOS LIBERTADORES-CL 134A 02,1,1
10504254,29/11/2019,10:10:00,3,1,4.0,2.0,KR 104C-CL 129 35,11,1
10504258,29/11/2019,20:30:00,3,1,4.0,10.0,KR 27-CL 31 S 2,15,1
10504100,29/11/2019,20:50:00,2,1,4.0,8.0,KR 68-CL 60 2,13,1
10504144,29/11/2019,23:30:00,2,1,4.0,10.0,CL 70-KR 106A 2,10,1
10504373,30/11/2019,04:30:00,3,1,4.0,6.0,KR 18F-CL 92 S 80,19,2
10504156,30/11/2019,17:00:00,2,1,4.0,1.0,AV AVENIDA PRIMERA DE MAYO-KR 37B 31,16,1
10504209,30/11/2019,17:09:00,3,1,4.0,8.0,KR 3-CL 1 S 02,4,10
10504392,30/11/2019,17:50:00,3,1,4.0,10.0,TR 9-CL 96B E 58,2,1
10504212,30/11/2019,23:54:00,2,1,4.0,10.0,AV AVENIDA BOYACA-KR 21 2,6,1
10504147,01/12/2019,10:30:00,2,1,4.0,3.0,DG 48Y-KR 5Q S 2,18,1
10504523,01/12/2019,15:10:00,3,1,4.0,8.0,CL 38A-KR 34D S 50,16,1
10504308,01/12/2019,16:00:00,3,1,4.0,2.0,KR 45-CL 142 2,1,1
10504165,02/12/2019,02:45:00,2,1,4.0,2.0,KR 7-CL 31 ES 2,4,1
10504361,02/12/2019,13:00:00,2,1,4.0,6.0,KR 30-CL 8 10,14,1
10504519,02/12/2019,16:30:00,3,1,4.0,10.0,CL 62-KR 9A 78,2,1
10504534,02/12/2019,23:29:00,3,1,4.0,10.0,KR 58-CL 79B 18,12,1
10504576,03/12/2019,03:00:00,3,1,4.0,1.0,AV AVENIDA CIUDAD DE CALI-CL 23 2,9,1
10504688,03/12/2019,13:52:00,3,1,4.0,2.0,KR 103A-CL 77A 2,10,1
10504799,04/12/2019,12:30:00,3,1,4.0,1.0,CL 52A-KR 18 70,13,1
10504700,04/12/2019,17:10:00,3,1,4.0,1.0,DG 5A-AK 37B 60,16,1
10504701,04/12/2019,21:35:00,3,1,4.0,2.0,AC 57R-KR 73I S 35,19,1
10504569,04/12/2019,22:30:00,1,1,4.0,11.0,AV AVENIDA CIUDAD DE QUITO-CL 22C 02,16,1
10504634,04/12/2019,23:15:00,1,1,4.0,1.0,AV AVENIDA PRIMERA DE MAYO-KR 72 02,8,4
10504724,04/12/2019,23:30:00,2,1,4.0,1.0,AK 86-CL 43 S 55,8,1
10504742,05/12/2019,17:10:00,3,1,4.0,1.0,CL 11-KR 15 S 02,15,10
10504665,05/12/2019,18:30:00,2,1,4.0,10.0,CL 80BIS-KR 94 S 02,7,1
10504890,06/12/2019,02:01:00,3,1,4.0,1.0,AC 80-KR 75 2,10,2
10505163,06/12/2019,14:30:00,3,1,4.0,2.0,CL 55-KR 73A 02,10,2
10505176,07/12/2019,00:03:00,2,1,4.0,1.0,KR 10-CL 6 2,3,1
10505283,07/12/2019,01:10:00,3,1,4.0,2.0,AV AVENIDA CARACAS-CL 29 S 16,18,1
10505178,07/12/2019,05:10:00,3,1,4.0,6.0,DG 82B-KR 76D 36,10,2
10505168,07/12/2019,06:00:00,3,1,4.0,2.0,CL 25G-KR 73B 73,8,1
10504859,07/12/2019,07:10:00,2,1,4.0,1.0,AV AVENIDA CIUDAD DE CALI-CL 35B S 2,8,1
10505157,07/12/2019,12:20:00,3,1,4.0,10.0,KR 145-CL 144 02,11,1
10505221,07/12/2019,17:00:00,3,1,4.0,4.0,CL 63-KR 14 SE 84,4,1
10504871,08/12/2019,03:33:00,2,1,4.0,3.0,CL 134-KR 51 02,11,1
10505203,08/12/2019,03:45:00,3,1,4.0,6.0,CL 182A-KR 2 51,1,1
10504852,08/12/2019,05:30:00,2,1,4.0,11.0,CL 34A-KR 3B S 02,4,1
10505364,09/12/2019,06:03:00,2,1,4.0,2.0,CL 22A-KR 4 S 41,4,1
10505214,09/12/2019,06:26:00,3,1,4.0,6.0,KR 73-CL 38 S 07,8,2
10505290,09/12/2019,07:29:00,3,1,4.0,5.0,KR 27-CL 11 2,14,1
10505294,09/12/2019,08:23:00,3,1,4.0,2.0,AC 127-KR 17A 02,1,1
10505322,09/12/2019,18:30:00,3,1,4.0,2.0,DG 43A-KR 31 S 02,18,2
10505319,09/12/2019,20:00:00,3,1,4.0,5.0,TR 33-CL 55 S 02,6,1
10505333,09/12/2019,22:00:00,3,1,4.0,1.0,AC 26-KR 91 2,9,1
10505258,11/12/2019,06:15:00,2,1,4.0,1.0,KR 9CBIS-CL 28BISB ES 2,4,1
10505237,11/12/2019,10:38:00,1,1,4.0,2.0,KR 29B-CL 67 80,12,1
10505379,11/12/2019,14:05:00,2,1,4.0,10.0,CL 187-KR 15 02,1,1
10505685,11/12/2019,14:40:00,3,1,4.0,6.0,KR 17-CL 81A S 66,19,1
10506829,12/12/2019,14:30:00,3,1,4.0,11.0,CL 26-KR 106 02,9,1
10505391,13/12/2019,03:40:00,2,1,4.0,2.0,KR 3-CL 48 S 02,18,2
10505561,13/12/2019,04:55:00,2,1,4.0,11.0,CL 13-KR 39 2,16,2
10505810,13/12/2019,07:50:00,2,1,4.0,11.0,KR 68-CL 56 2,13,1
10505842,14/12/2019,03:30:00,3,1,4.0,6.0,KR 25A-CL 1D 87,14,2
10505996,14/12/2019,12:02:00,3,1,4.0,1.0,CL 79-KR 11 45,2,1
10505870,14/12/2019,18:10:00,3,1,4.0,6.0,KR 111C-CL 86 05,10,5
10505583,14/12/2019,22:13:00,2,1,4.0,10.0,CL 72-KR 84 2,10,1
10506008,15/12/2019,05:00:00,3,1,4.0,1.0,AC 80-KR 19 27,10,1
10506013,15/12/2019,20:15:00,3,1,4.0,6.0,KR 30-CL 58A 2,13,1
10505743,16/12/2019,05:55:00,2,1,4.0,2.0,CL 74A-TR 34BIS S 2,19,1
10506020,16/12/2019,09:50:00,3,1,4.0,8.0,CL 134-KR 55A 02,11,1
10506093,16/12/2019,13:30:00,3,1,4.0,1.0,KR 24A-CL 48B S 2,6,1
10508918,16/12/2019,13:51:00,3,1,4.0,10.0,CL 76-KR 107C 2,10,1
10506123,16/12/2019,14:28:00,3,1,4.0,10.0,KR 80A-CL 53 S 26,8,1
10505890,16/12/2019,15:00:00,2,1,4.0,1.0,KR 7A-CL 32 S 2,4,1
10506079,16/12/2019,15:11:00,3,1,4.0,6.0,CL 139-KR 146 16,11,1
10506073,16/12/2019,16:20:00,3,1,4.0,10.0,AV AVENIDA BOYACA-CL 26 S 2,8,1
10506111,16/12/2019,22:06:00,3,1,4.0,1.0,KR 80A-CL 58C S 02,7,1
10506223,17/12/2019,15:17:00,3,1,4.0,6.0,CL 76-KR 18F S 2,19,1
10506176,17/12/2019,17:01:00,3,1,4.0,4.0,KR 9-CL 85 32,2,1
10506023,17/12/2019,17:15:00,2,1,4.0,11.0,CL 2B-KR 3A 02,3,1
10506262,18/12/2019,08:15:00,3,1,4.0,10.0,AV AVENIDA CIRCUNVALAR-CL 19 2,3,1
10506339,19/12/2019,07:20:00,3,1,4.0,6.0,KR 7-CL 31 S 50,4,1
10506469,19/12/2019,15:22:00,2,1,4.0,6.0,KR 17-CL 81A S 02,19,1
10506306,19/12/2019,15:52:00,3,1,4.0,1.0,KR 9-CL 110 02,1,10
10506448,19/12/2019,22:30:00,3,1,4.0,10.0,CL 6C-KR 94A 40,8,10
10506566,19/12/2019,23:05:00,3,1,4.0,4.0,AV AVENIDA PASEO DE LOS LIBERTADORES-CL 222 91,11,1
10506307,19/12/2019,23:20:00,3,1,4.0,2.0,KR 60-CL 67B 02,12,2
10506313,20/12/2019,00:54:00,3,1,4.0,2.0,CL 170-KR 15 02,1,1
10506536,20/12/2019,06:29:00,1,1,4.0,11.0,KR 45-CL 137 02,1,1
10506390,20/12/2019,06:40:00,2,1,4.0,8.0,KR 30-CL 63 2,12,1
10507019,20/12/2019,09:30:00,3,1,4.0,10.0,KR 112A-CL 76 02,10,1
10506554,21/12/2019,04:50:00,3,1,4.0,6.0,KR 86B-CL 128C 02,11,1
10506656,21/12/2019,14:12:00,3,1,4.0,7.0,KR 88C-CL 59 S 2,7,1
10506672,21/12/2019,14:50:00,3,1,4.0,3.0,CL 5A-KR 27 58,14,1
10506748,22/12/2019,04:30:00,3,1,4.0,2.0,AV AVENIDA PASEO DE LOS LIBERTADORES-CL 94 02,2,11
10506560,22/12/2019,18:30:00,3,1,4.0,10.0,KR 87BBIS-CL 40B S 02,8,1
10506782,22/12/2019,23:05:00,3,1,4.0,10.0,KR 74-CL 4 20,8,1
10506921,23/12/2019,07:52:00,2,1,4.0,6.0,CL 159-KR 16D 83,1,10
10506836,23/12/2019,13:00:00,3,1,4.0,2.0,CL 156-KR 8A 02,1,1
10506958,23/12/2019,18:56:00,3,1,4.0,2.0,CL 150-KR 45 02,1,1
10506838,23/12/2019,19:27:00,3,1,4.0,6.0,CL 48TBIS-KR 2F S 2,18,1
10506955,23/12/2019,20:00:00,3,1,4.0,4.0,AV AVENIDA DE LAS AMERICAS-KR 60 56,16,1
10506728,24/12/2019,13:10:00,2,1,4.0,10.0,KR 112A-CL 20C 35,9,1
10506985,24/12/2019,15:30:00,3,1,4.0,10.0,KR 78-CL 58B S 24,8,1
10506871,25/12/2019,02:30:00,2,1,4.0,10.0,KR 3-CL 46A ES 2,4,2
10507081,25/12/2019,06:30:00,3,1,4.0,5.0,CL 80-KR 107 2,10,2
10507027,26/12/2019,10:34:00,2,1,4.0,6.0,KR 79A-CL 6 S 02,8,1
10507095,26/12/2019,11:00:00,3,1,4.0,2.0,TR 84A-CL 25F 02,9,2
10506872,26/12/2019,11:50:00,1,1,4.0,2.0,TR 42-CL 3 14,16,1
10507144,26/12/2019,13:45:00,3,1,4.0,2.0,KR 13G-CL 91B S 16,5,1
10507160,26/12/2019,14:10:00,3,1,4.0,11.0,KR 87K-CL 59ABIS S 02,7,1
10507186,26/12/2019,17:00:00,3,1,4.0,10.0,CL 78-KR 29C 2,12,1
10507142,26/12/2019,23:06:00,3,1,4.0,6.0,CL 29-KR 50 S 35,16,1
10506996,27/12/2019,02:16:00,2,1,4.0,3.0,KR 104-CL 128B 2,11,1
10507206,27/12/2019,21:15:00,3,1,4.0,10.0,KR 80-CL 2 5,8,10
10507109,27/12/2019,23:06:00,3,1,4.0,10.0,KR 9-CL 108 2,1,1
10507052,28/12/2019,00:30:00,1,1,4.0,1.0,KR 10-CL 6 2,3,1
10507211,28/12/2019,04:45:00,3,1,4.0,6.0,KR 9C-CL 29 ES 2,4,1
10507298,29/12/2019,15:43:00,3,1,4.0,1.0,CL 48P-KR 3 S 2,18,1
10507220,29/12/2019,17:00:00,2,1,4.0,2.0,CL 38-KR 2 S 2,4,1
10507065,29/12/2019,19:14:00,2,1,4.0,1.0,CL 68G-KR 42A S 2,19,1
10507343,30/12/2019,10:00:00,3,1,4.0,6.0,CL 68B-KR 76 S 53,19,1
10507311,30/12/2019,10:34:00,3,1,4.0,6.0,KR 95A-CL 147B 2,11,1
10507314,30/12/2019,17:32:00,3,1,4.0,1.0,KR 118-CL 132B 2,11,1
10507346,30/12/2019,18:00:00,3,1,4.0,1.0,CL 53-KR 3 27,2,1
10507344,30/12/2019,18:15:00,3,1,4.0,5.0,CL 3-KR 30 2,16,2
10507337,31/12/2019,04:11:00,3,1,4.0,2.0,AV AVENIDA BOYACA-CL 170 2,11,1
10507405,31/12/2019,12:40:00,3,1,4.0,8.0,AC 72-KR 13 61,2,1
10507408,31/12/2019,21:00:00,3,1,4.0,10.0,DG 49D-KR 13I S 2,18,1
10507601,01/01/2020,03:10:00,3,1,4.0,10.0,KR 1-CL 93 50,2,10
10507572,01/01/2020,12:40:00,3,1,4.0,10.0,KR 2-CL 2B E 24,3,1
10507583,01/01/2020,21:23:00,3,1,4.0,6.0,KR 91-CL 128BIS 37,11,1
10507574,02/01/2020,01:45:00,3,1,4.0,11.0,CL 26-KR 94 02,9,1
10507580,02/01/2020,14:13:00,3,1,4.0,4.0,AV AVENIDA CIUDAD DE CALI-CL 38B S 02,8,1
10507634,03/01/2020,09:24:00,3,1,4.0,2.0,DG 48N-KR 0 SE 39,18,1
10507627,03/01/2020,12:15:00,2,1,4.0,11.0,AV AVENIDA BOYACA-CL 11A 02,8,1
10507619,03/01/2020,20:55:00,3,1,4.0,10.0,CL 12B-KR 3 02,17,1
10507454,04/01/2020,00:18:00,1,1,4.0,2.0,KR 3-CL 28B S 04,4,1
10507660,04/01/2020,12:20:00,3,1,4.0,10.0,CL 169A-KR 62 87,11,1
10507520,04/01/2020,12:25:00,2,1,4.0,3.0,AV AVENIDA BOYACA-AV AVENIDA JORGE GAITAN CORTES 2,6,1
10507526,04/01/2020,14:55:00,1,1,4.0,6.0,TR 93DBIS-CL 69 S 20,7,1
10507644,04/01/2020,15:30:00,3,1,4.0,10.0,KR 22-CL 75 S 02,19,1
10507702,04/01/2020,17:45:00,3,1,4.0,4.0,KR 54B-CL 127D 05,11,2
10507700,05/01/2020,19:05:00,3,1,4.0,6.0,KR 84B-CL 145C 48,11,1
10507665,05/01/2020,21:00:00,3,1,4.0,6.0,KR 69F-CL 65 11,10,1
10507695,05/01/2020,21:06:00,3,1,4.0,2.0,KR 69K-CL 74B 83,10,1
10507833,06/01/2020,19:30:00,3,1,4.0,10.0,AC 24-KR 68A 02,9,1
10507525,06/01/2020,23:15:00,2,1,4.0,4.0,KR 45-CL 183 02,1,1
10507539,07/01/2020,07:55:00,2,1,4.0,1.0,CL 106-KR 7 02,1,1
10507603,07/01/2020,15:13:00,3,1,4.0,10.0,KR 7-CL 164 80,1,1
10507752,08/01/2020,01:30:00,3,1,4.0,2.0,CL 80-KR 58 02,12,11
10507857,08/01/2020,17:05:00,3,1,4.0,10.0,CL 41-KR 25 2,13,1
10510560,09/01/2020,03:30:00,3,1,4.0,1.0,DG 69-KR 18 S 56,19,1
10507926,09/01/2020,08:30:00,3,1,4.0,1.0,KR 14-CL 14A ES 2,4,1
10507975,10/01/2020,16:00:00,3,1,4.0,2.0,CL 17A-KR 16B 19,14,1
10507954,11/01/2020,02:30:00,3,1,4.0,10.0,KR 10-CL 27 S 2,18,1
10507956,11/01/2020,02:30:00,3,1,4.0,6.0,KR 6A-CL 36L ES 2,4,1
10508045,11/01/2020,06:50:00,3,1,4.0,6.0,CL 36K-KR 4 SE 50,4,1
10508059,11/01/2020,08:17:00,3,1,4.0,10.0,CL 13-KR 65 2,16,1
10508007,11/01/2020,12:08:00,2,1,4.0,11.0,KR 30-CL 64 02,12,1
10507988,11/01/2020,19:40:00,3,1,4.0,2.0,CL 16I-KR 102 02,9,1
10508066,12/01/2020,02:57:00,3,1,4.0,6.0,CL 22D-KR 69F 2,9,1
10508091,12/01/2020,17:00:00,3,1,4.0,2.0,KR 3-CL 91 E 2,2,1
10508087,12/01/2020,21:00:00,3,1,4.0,8.0,CL 149-KR 91 69,11,1
10508195,13/01/2020,08:23:00,3,1,4.0,2.0,CL 121-KR 3A 02,1,1
10508171,13/01/2020,10:10:00,3,1,4.0,2.0,KR 14-CL 26 2,3,1
10508119,13/01/2020,14:00:00,3,1,4.0,10.0,CL 2-KR 87 02,8,1
10508215,13/01/2020,15:13:00,3,1,4.0,2.0,KR 108-CL 19 02,9,1
10508218,14/01/2020,03:50:00,3,1,4.0,1.0,KR 6-CL 123A 02,1,1
10508223,14/01/2020,04:08:00,3,1,4.0,1.0,CL 135A-KR 95A 2,11,2
10508277,14/01/2020,14:00:00,2,1,4.0,6.0,KR 2B-DG 100C S 2,5,1
10508301,14/01/2020,15:30:00,3,1,4.0,2.0,CL 22C-KR 68F 2,9,1
10508205,14/01/2020,16:13:00,3,1,4.0,10.0,DG 16-KR 90 95,9,1
10508204,14/01/2020,16:20:00,3,1,4.0,7.0,CL 72-KR 91A 45,10,2
10508278,15/01/2020,08:40:00,2,1,4.0,6.0,KR 32A-CL 25B 02,13,1
10508328,15/01/2020,09:30:00,3,1,4.0,11.0,CL 71-KR 3M S 39,5,1
10508316,15/01/2020,11:00:00,3,1,4.0,2.0,CL 132-KR 93A 02,11,1
10508330,15/01/2020,11:00:00,3,1,4.0,10.0,CL 43-KR 78L S 02,8,1
10508339,15/01/2020,17:00:00,3,1,4.0,2.0,CL 6-KR 70B S 2,8,1
10508449,15/01/2020,20:00:00,2,1,4.0,10.0,KR 51-CL 59 S 02,6,1
10508351,16/01/2020,04:30:00,3,1,4.0,2.0,CL 37B-KR 68A S 2,8,1
10508374,16/01/2020,05:30:00,2,1,4.0,2.0,KR 2A-CL 22A 2,3,1
10508399,16/01/2020,12:48:00,3,1,4.0,6.0,KR 12-CL 78 02,2,1
10508439,16/01/2020,14:20:00,2,1,4.0,10.0,CL 117-KR 72 02,11,1
10508595,16/01/2020,15:25:00,3,1,4.0,10.0,KR 96H-CL 15 02,9,10
10508592,16/01/2020,15:47:00,3,1,4.0,2.0,KR 27-CL 23A 02,14,2
10508406,16/01/2020,18:30:00,3,1,4.0,6.0,KR 18L-CL 69T S 62,19,1
10508414,16/01/2020,22:34:00,2,1,4.0,1.0,CL 116-KR 53 2,11,1
10508660,17/01/2020,02:49:00,3,1,4.0,2.0,KR 11A-CL 31 S 02,18,2
10508664,17/01/2020,13:25:00,3,1,4.0,11.0,KR 30-CL 19 02,14,1
10508472,17/01/2020,22:21:00,2,1,4.0,11.0,KR 50-CL 90 02,12,1
10508561,18/01/2020,04:00:00,3,1,4.0,2.0,DG 44A-KR 23 S 02,18,1
10508699,18/01/2020,04:50:00,3,1,4.0,2.0,DG 51A-KR 26 S 02,6,1
10508529,18/01/2020,16:15:00,3,1,4.0,10.0,CL 67-KR 12 26,2,1
10508599,18/01/2020,20:10:00,3,1,4.0,7.0,KR 40-CL 5A 10,16,1
10508674,19/01/2020,04:15:00,2,1,4.0,11.0,KR 68-CL 28 S 02,16,1
10508759,19/01/2020,18:34:00,3,1,4.0,10.0,CL 15-KR 18 S 02,15,1
10508609,20/01/2020,09:30:00,3,1,4.0,1.0,CL 63-KR 60 2,13,1
10508631,20/01/2020,11:00:00,3,1,4.0,8.0,CL 29A-KR 38 S 24,16,1
10508619,20/01/2020,11:05:00,3,1,4.0,10.0,CL 39-KR 53 S 2,16,1
10508610,20/01/2020,12:30:00,3,1,4.0,10.0,CL 75-KR 55 2,12,1
10508582,20/01/2020,14:30:00,3,1,4.0,10.0,KR 36-CL 11 62,16,10
10508709,20/01/2020,16:54:00,3,1,4.0,10.0,AV AVENIDA BOYACA-AC 68B 2,10,1
10508854,20/01/2020,22:06:00,3,1,4.0,10.0,KR 7-CL 64 02,2,1
10508666,21/01/2020,05:40:00,2,1,4.0,2.0,KR 15-CL 46G ES 02,4,1
10508873,21/01/2020,07:10:00,3,1,4.0,10.0,KR 106-CL 15 25,9,1
10508794,21/01/2020,12:04:00,3,1,4.0,2.0,CL 46F-TR 13BISD SE 0,4,1
10508735,21/01/2020,14:50:00,3,1,4.0,10.0,CL 23-KR 7 36,3,1
10508899,22/01/2020,01:02:00,3,1,4.0,10.0,AV AVENIDA PRIMERA DE MAYO-KR 72A 02,8,1
10508813,22/01/2020,06:35:00,2,1,4.0,8.0,AV AVENIDA CIUDAD DE CALI-CL 13 2,9,1
10508833,22/01/2020,09:10:00,2,1,4.0,10.0,KR 27-CL 35B S 28,15,1
10508844,22/01/2020,12:15:00,3,1,4.0,1.0,CL 1C-KR 40 2,16,10
10508913,22/01/2020,18:16:00,3,1,4.0,5.0,KR 7-CL 7 02,17,1
10508902,22/01/2020,21:38:00,3,1,4.0,6.0,CL 36L-KR 8C SE 70,4,1
10508914,23/01/2020,01:30:00,3,1,4.0,6.0,CL 129-KR 88B 02,11,1
10508948,23/01/2020,08:00:00,1,1,4.0,10.0,CL 6-KR 28A 03,14,1
10508944,23/01/2020,22:30:00,3,1,4.0,8.0,CL 94-KR 7A 02,2,1
10509028,24/01/2020,04:59:00,1,1,4.0,1.0,KR 30-CL 64A 2,12,1
10509043,24/01/2020,07:30:00,2,1,4.0,1.0,AV AVENIDA DEL SUR-CL 53A 77,6,1
10509131,24/01/2020,13:56:00,3,1,4.0,10.0,KR 69-CL 19A 25,9,1
10509052,24/01/2020,20:10:00,2,1,4.0,10.0,CL 38C-KR 86 S 2,8,1
10509073,24/01/2020,20:10:00,3,1,4.0,10.0,CL 26-KR 78P S 42,8,1
10509215,25/01/2020,16:05:00,3,1,4.0,2.0,CL 63-KR 50 2,13,1
10509258,26/01/2020,00:05:00,3,1,4.0,10.0,KR 103B-CL 150C 51,11,1
10509257,26/01/2020,03:39:00,3,1,4.0,1.0,KR 55-CL 149 09,11,1
10509219,26/01/2020,08:27:00,3,1,4.0,8.0,KR 13-CL 41 2,2,1
10509303,27/01/2020,11:26:00,3,1,4.0,1.0,CL 68C-KR 18X S 2,19,1
10509378,28/01/2020,03:30:00,3,1,4.0,1.0,KR 80-CL 38C S 2,8,1
10509379,28/01/2020,10:51:00,3,1,4.0,2.0,KR 44-CL 20B 2,16,2
10509447,28/01/2020,17:00:00,2,1,4.0,1.0,CL 100-KR 53 2,12,2
10509420,29/01/2020,18:45:00,2,1,4.0,10.0,KR 27A-CL 68 45,12,1
10509588,30/01/2020,05:00:00,2,1,4.0,1.0,CL 3-KR 51A 2,16,1
10510382,30/01/2020,11:48:00,2,1,4.0,6.0,CL 10-KR 11 S 2,15,1
10509636,30/01/2020,12:35:00,3,1,4.0,10.0,DG 23-AK 69F 2,9,10
10509635,30/01/2020,23:10:00,2,1,4.0,1.0,CL 65A-KR 17B S 33,5,1
10509742,31/01/2020,01:12:00,3,1,4.0,1.0,KR 4B-CL 36 S 53,4,1
10509671,31/01/2020,20:10:00,3,1,4.0,6.0,KR 70A-CL 123 25,11,1
10509849,01/02/2020,14:20:00,3,1,4.0,1.0,CL 21-KR 4 E 30,17,1
10509858,01/02/2020,20:11:00,3,1,4.0,1.0,CL 127C-KR 6A 55,1,1
10510029,02/02/2020,03:30:00,3,1,4.0,10.0,KR 73D-CL 69G S 2,19,1
10518457,03/02/2020,00:40:00,3,1,4.0,8.0,AV AVENIDA DE LAS AMERICAS-KR 50 02,16,1
10509801,03/02/2020,03:30:00,3,1,4.0,2.0,CL 27-KR 7 S 43,4,1
10510057,03/02/2020,08:10:00,3,1,4.0,6.0,CL 77B-KR 129 70,10,1
10509773,03/02/2020,10:22:00,1,1,4.0,1.0,CL 28B-KR 9C SE 95,4,2
10509843,03/02/2020,22:38:00,3,1,4.0,2.0,KR 20-CL 63C 02,12,1
10509909,04/02/2020,01:00:00,3,1,4.0,8.0,AV AVENIDA SUBA-CL 100 02,12,1
10509969,04/02/2020,09:00:00,2,1,4.0,4.0,KR 30-CL 39 02,13,1
10510139,04/02/2020,10:41:00,3,1,4.0,1.0,KR 121F-CL 128 59,11,1
10510166,04/02/2020,13:30:00,3,1,4.0,4.0,KR 53-CL 100 25,11,1
10510177,04/02/2020,13:54:00,3,1,4.0,10.0,AV AVENIDA BOYACA-CL 12B 71,8,10
10510067,04/02/2020,17:20:00,3,1,4.0,2.0,KR 3-CL 22D ES 02,4,1
10510061,04/02/2020,17:50:00,3,1,4.0,10.0,CL 26-KR 113 2,9,1
10510128,05/02/2020,03:30:00,3,1,4.0,2.0,CL 10-KR 88D 02,8,2
10510259,05/02/2020,16:00:00,3,1,4.0,10.0,CL 100-KR 13 2,1,1
10510163,06/02/2020,03:13:00,3,1,4.0,2.0,KR 1-CL 96A S 97,5,1
10510190,06/02/2020,03:15:00,3,1,4.0,10.0,KR 72B-CL 5B 90,8,10
10510225,06/02/2020,19:52:00,2,1,4.0,6.0,KR 81-CL 108 ES 02,5,2
10510273,06/02/2020,20:40:00,3,1,4.0,10.0,AC 153-KR 114D 02,11,10
10510489,07/02/2020,09:10:00,3,1,4.0,10.0,DG 53D-TR 24 2,13,1
10510526,07/02/2020,11:30:00,3,1,4.0,11.0,KR 68-CL 3 02,16,10
10510312,08/02/2020,02:50:00,2,1,4.0,2.0,KR 13-CL 31A S 33,18,1
10510515,08/02/2020,03:05:00,3,1,4.0,1.0,CL 94-KR 17 05,2,1
10510325,08/02/2020,04:35:00,2,1,4.0,2.0,CL 53-KR 45 2,13,1
10510533,08/02/2020,08:00:00,3,1,4.0,10.0,CL 80-KR 103B 24,10,10
10510550,08/02/2020,20:15:00,3,1,4.0,10.0,KR 55-CL 170A 2,11,1
10510688,09/02/2020,02:00:00,3,1,4.0,10.0,CL 38C-KR 72J S 02,8,1
10510530,09/02/2020,13:34:00,3,1,4.0,6.0,CL 42A-KR 93C S 2,8,1
10510710,09/02/2020,14:10:00,3,1,4.0,6.0,KR 96J-CL 22L 02,9,2
10510534,09/02/2020,15:52:00,2,1,4.0,10.0,CL 12D-KR 1A 04,17,1
10510675,09/02/2020,18:10:00,3,1,4.0,6.0,CL 58A-KR 30 12,13,1
10510678,09/02/2020,18:34:00,3,1,4.0,2.0,DG 82-TR 79 02,10,1
10510542,09/02/2020,18:40:00,3,1,4.0,10.0,KR 10-CL 93 72,2,1
10510549,09/02/2020,19:30:00,3,1,4.0,10.0,AV AVENIDA BOYACA-CL 85 2,10,1
10510575,09/02/2020,21:04:00,3,1,4.0,6.0,KR 111A-CL 151D 65,11,10
10510673,10/02/2020,11:30:00,3,1,4.0,2.0,CL 63-KR 30 2,12,1
10510532,10/02/2020,13:24:00,2,1,4.0,1.0,KR 76-CL 145 02,11,1
10510943,10/02/2020,13:45:00,3,1,4.0,1.0,KR 43-CL 89 S 54,4,2
10510753,10/02/2020,18:59:00,3,1,4.0,2.0,CL 12A-KR 38 2,16,1
10510804,11/02/2020,14:16:00,3,1,4.0,2.0,KR 104-CL 129 02,11,1
10510948,11/02/2020,14:30:00,3,1,4.0,3.0,CL 81-KR 9 64,2,1
10510819,11/02/2020,15:40:00,3,1,4.0,10.0,KR 34-CL 17 02,16,1
10510950,11/02/2020,17:39:00,3,1,4.0,1.0,KR 16-CL 82 74,2,1
10510811,11/02/2020,20:30:00,3,1,4.0,11.0,CL 100-KR 60 02,12,1
10510894,12/02/2020,14:50:00,2,1,4.0,1.0,TR 70D-AC 63 S 2,19,1
10510945,13/02/2020,11:16:00,3,1,4.0,1.0,CL 32-KR 16 32,13,1
10510977,13/02/2020,20:22:00,3,1,4.0,5.0,KR 24-CL 61D 02,13,1
10511019,13/02/2020,22:50:00,2,1,4.0,10.0,KR 86-CL 17 02,9,4
10513779,14/02/2020,00:12:00,2,1,4.0,1.0,TR 4A-CL 87 02,2,1
10510964,14/02/2020,03:13:00,3,1,4.0,10.0,CL 26-KR 113 2,9,1
10511060,14/02/2020,03:56:00,3,1,4.0,1.0,KR 45-CL 93 02,12,1
10511007,15/02/2020,02:40:00,2,1,4.0,6.0,CL 90A-KR 15 SE 41,5,1
10511164,15/02/2020,03:40:00,3,1,4.0,2.0,CL 165-KR 56A 02,11,1
10511081,15/02/2020,04:30:00,3,1,4.0,6.0,CL 39-KR 68A S 02,8,1
10511168,15/02/2020,13:40:00,3,1,4.0,3.0,TR 53A-CL 1C 02,16,1
10517532,15/02/2020,16:35:00,3,1,4.0,10.0,CL 26-KR 40 71,13,1
10511180,15/02/2020,16:59:00,3,1,4.0,10.0,KR 87C-CL 35B S 2,8,1
10511167,15/02/2020,22:45:00,3,1,4.0,6.0,KR 68CBIS-CL 38 S 2,8,1
10511332,16/02/2020,02:35:00,3,1,4.0,10.0,KR 52A-CL 26 S 02,16,1
10511229,16/02/2020,02:55:00,3,1,4.0,2.0,KR 80-DG 2 02,8,1
10511266,16/02/2020,05:20:00,3,1,4.0,10.0,KR 5-CL 36B ES 31,4,1
10511309,16/02/2020,07:49:00,3,1,4.0,2.0,CL 51-KR 38 S 48,6,1
10511322,17/02/2020,01:20:00,2,1,4.0,1.0,AV AVENIDA BOYACA-KR 26 2,9,1
10511285,17/02/2020,10:56:00,3,1,4.0,10.0,CL 145A-KR 90A 13,11,1
10511370,17/02/2020,11:40:00,2,1,4.0,10.0,DG 25G-KR 95A 85,9,1
10511437,18/02/2020,00:20:00,3,1,4.0,1.0,KR 68-CL 4G 2,16,1
10511347,18/02/2020,02:30:00,3,1,4.0,1.0,AV AVENIDA CIUDAD DE VILLAVICENCIO-AC 63 S 2,19,1
10511551,18/02/2020,21:58:00,2,1,4.0,11.0,CL 13-KR 31 02,16,1
10511432,19/02/2020,04:53:00,3,1,4.0,2.0,CL 24-KR 96 2,9,1
10511558,19/02/2020,07:00:00,3,1,4.0,1.0,KR 77-CL 68C S 38,19,1
10511921,19/02/2020,12:20:00,3,1,4.0,4.0,CL 86A-KR 70C 02,10,10
10511537,19/02/2020,13:20:00,2,1,4.0,6.0,KR 18L-CL 69T S 22,19,1
10511613,20/02/2020,00:04:00,3,1,4.0,3.0,KR 3-CL 91 E 02,2,1
10511614,20/02/2020,05:35:00,3,1,4.0,8.0,CL 100-KR 68A 02,11,1
10511653,20/02/2020,13:59:00,2,1,4.0,1.0,KR 104-CL 75A 15,10,1
10511568,20/02/2020,15:40:00,3,1,4.0,10.0,AK 72-CL 80 94,10,1
10511534,20/02/2020,22:30:00,2,1,4.0,4.0,CL 42F-KR 86D S 02,8,2
10511776,21/02/2020,02:00:00,2,1,4.0,11.0,AV AVENIDA CIUDAD DE CALI-CL 16A 2,8,1
10511705,21/02/2020,03:00:00,3,1,4.0,5.0,KR 50-CL 44 2,12,2
10511762,21/02/2020,07:07:00,2,1,4.0,11.0,AV AVENIDA DE LAS AMERICAS-KR 53A 2,16,1
10511940,21/02/2020,08:50:00,3,1,4.0,10.0,KR 9-CL 102 2,1,1
10511616,21/02/2020,09:10:00,2,1,4.0,1.0,AV AVENIDA CIUDAD DE CALI-AC 26 2,9,1
10511690,21/02/2020,17:50:00,3,1,4.0,1.0,CL 36-KR 69BIS S 2,8,1
10511780,22/02/2020,03:00:00,3,1,4.0,4.0,KR 3-CL 91 E 2,2,1
10511911,22/02/2020,08:30:00,3,1,4.0,1.0,CL 30A-KR 4A S 2,4,1
10511937,22/02/2020,11:12:00,3,1,4.0,10.0,KR 7A-CL 148 02,1,1
10511747,22/02/2020,12:00:00,2,1,4.0,1.0,DG 32F-AK 12B S 2,18,1
10511912,22/02/2020,13:00:00,3,1,4.0,2.0,CL 55-KR 86 S 2,7,1
10511822,22/02/2020,16:04:00,3,1,4.0,10.0,KR 24C-CL 13 S 27,15,1
10511903,22/02/2020,23:02:00,3,1,4.0,6.0,KR 14BIS-CL 73D S 71,5,1
10511951,23/02/2020,02:25:00,2,1,4.0,10.0,KR 86-CL 41 S 02,8,1
10512080,23/02/2020,07:37:00,3,1,4.0,3.0,KR 72A-CL 104 2,8,1
10512074,23/02/2020,10:05:00,3,1,4.0,1.0,CL 63-KR 23 40,12,1
10511882,23/02/2020,18:50:00,3,1,4.0,10.0,KR 18-CL 33 02,13,1
10511763,23/02/2020,19:30:00,2,1,4.0,1.0,CL 51-KR 87D S 21,7,1
10511862,24/02/2020,06:58:00,3,1,4.0,2.0,KR 3-CL 62 02,2,1
10511863,24/02/2020,09:00:00,3,1,4.0,10.0,CL 26-KR 110 00,9,1
10511869,24/02/2020,18:50:00,3,1,4.0,1.0,TR 23-CL 94A 39,2,10
10512094,26/02/2020,13:40:00,3,1,4.0,10.0,CL 22B-KR 66 46,13,10
10512125,26/02/2020,19:00:00,3,1,4.0,10.0,KR 4-CL 26B 51,3,1
10512106,26/02/2020,20:30:00,3,1,4.0,10.0,CL 140-KR 13 27,1,10
10512238,26/02/2020,23:29:00,3,1,4.0,2.0,CL 28-TR 6 2,3,1
10512220,27/02/2020,07:13:00,3,1,4.0,8.0,KR 13-CL 152 00,1,2
10512395,27/02/2020,12:15:00,3,1,4.0,10.0,CL 12-KR 37 31,16,10
10512511,27/02/2020,13:10:00,3,1,4.0,10.0,KR 34-CL 9 2,16,1
10512263,27/02/2020,14:40:00,3,1,4.0,10.0,KR 123-CL 12A 21,9,1
10512234,27/02/2020,15:00:00,3,1,4.0,10.0,TR 68J-CL 39F S 02,8,1
10512323,27/02/2020,17:26:00,2,1,4.0,8.0,KR 7-CL 170B 02,1,1
10512298,28/02/2020,01:00:00,2,1,4.0,10.0,AV AVENIDA PASEO DE LOS LIBERTADORES-CL 222 02,1,1
10512390,28/02/2020,06:30:00,3,1,4.0,2.0,CL 30F-KR 10 S 02,4,10
10512309,29/02/2020,01:44:00,1,1,4.0,10.0,KR 71G-CL 53C S 02,7,1
10512634,29/02/2020,16:40:00,3,1,4.0,2.0,CL 163A-KR 18A 02,1,2
10512738,01/03/2020,03:00:00,3,1,4.0,1.0,CL 80-KR 72 2,10,1
10512720,01/03/2020,09:50:00,3,1,4.0,2.0,KR 51-CL 58A S 02,6,1
10512706,01/03/2020,13:00:00,3,1,4.0,10.0,KR 6-CL 153A 60,1,1
10512563,01/03/2020,15:30:00,2,1,4.0,2.0,KR 18D-CL 82B S 2,19,1
10512717,01/03/2020,18:00:00,3,1,4.0,10.0,CL 100-KR 21 02,1,1
10512732,02/03/2020,01:35:00,3,1,4.0,6.0,CL 128-KR 52 25,11,1
10512574,02/03/2020,15:50:00,1,1,4.0,11.0,AV AVENIDA CIUDAD DE VILLAVICENCIO-CL 57R S 02,7,7
10512936,03/03/2020,13:07:00,3,1,4.0,10.0,KR 65-CL 81 02,12,1
10513042,03/03/2020,15:40:00,3,1,4.0,10.0,AV AVENIDA CIUDAD DE CALI-KR 91 2,11,1
10512759,03/03/2020,16:50:00,3,1,4.0,10.0,KR 20D-CL 68A S 2,19,1
10512826,04/03/2020,02:23:00,3,1,4.0,2.0,KR 86-CL 36 S 2,8,1
10512905,04/03/2020,07:10:00,3,1,4.0,6.0,CL 73D-KR 14D S 2,5,1
10512908,04/03/2020,11:15:00,3,1,4.0,1.0,CL 90-KR 19A 49,2,1
10512966,04/03/2020,11:30:00,2,1,4.0,2.0,KR 78A-CL 80 S 21,7,1
10512902,04/03/2020,18:37:00,3,1,4.0,10.0,KR 2-CL 61 40,2,1
10513168,05/03/2020,07:56:00,3,1,4.0,3.0,CL 147-KR 7 02,1,1
10513186,05/03/2020,15:37:00,3,1,4.0,10.0,CL 57R-KR 73 S 47,7,1
10513000,05/03/2020,15:44:00,1,1,4.0,11.0,DG 62HBIS-TR 73J S 2,19,2
10513185,05/03/2020,21:00:00,1,1,4.0,1.0,CL 100-KR 9 2,1,1
10513352,06/03/2020,02:39:00,3,1,4.0,10.0,KR 77G-CL 65B S 39,7,1
10513175,06/03/2020,03:59:00,3,1,4.0,1.0,TR 13-CL 66 92,10,1
10513361,06/03/2020,17:09:00,3,1,4.0,6.0,KR 13F-CL 40 S 23,18,1
10513115,06/03/2020,23:37:00,2,1,4.0,11.0,CL 51-KR 72 02,10,1
10513216,07/03/2020,11:04:00,1,1,4.0,1.0,AV AVENIDA CIRCUNVALAR-CL 60 2,2,1
10513413,07/03/2020,11:10:00,3,1,4.0,1.0,CL 100-KR 21 2,1,1
10513441,08/03/2020,01:22:00,3,1,4.0,4.0,CL 170-KR 45 2,1,1
10513232,08/03/2020,02:20:00,2,1,4.0,11.0,CL 71B-KR 16BIS S 02,19,1
10513476,08/03/2020,05:00:00,3,1,4.0,10.0,KR 103A-CL 159 88,11,1
10513499,08/03/2020,05:03:00,3,1,4.0,6.0,CL 23-KR 109 2,9,1
10513374,08/03/2020,09:00:00,3,1,4.0,10.0,KR 87C-CL 59C S 09,7,10
10513414,08/03/2020,14:03:00,3,1,4.0,6.0,KR 50B-CL 183 2,11,10
10513371,08/03/2020,18:02:00,3,1,4.0,6.0,AV AVENIDA CARACAS-CL 3 S 2,15,10
10513400,08/03/2020,19:22:00,3,1,4.0,10.0,AV AVENIDA BOYACA-CL 69 S 2,5,1
10513488,09/03/2020,02:27:00,3,1,4.0,1.0,AV AVENIDA BOYACA-CL 170 2,11,2
10513580,09/03/2020,09:50:00,3,1,4.0,1.0,AV AVENIDA BOYACA-CL 129 02,11,1
10513547,09/03/2020,11:10:00,3,1,4.0,2.0,KR 104-CL 131B 2,11,1
10513532,09/03/2020,14:35:00,3,1,4.0,10.0,CL 133-KR 10 02,1,1
10513530,09/03/2020,18:15:00,3,1,4.0,10.0,KR 7-CL 153 02,1,10
10513501,10/03/2020,06:20:00,3,1,4.0,2.0,CL 63-KR 78 S 50,7,1
10513642,10/03/2020,13:15:00,3,1,4.0,10.0,CL 6-KR 44 16,16,1
10513630,10/03/2020,14:45:00,3,1,4.0,10.0,CL 116-KR 9 02,1,1
10513656,10/03/2020,15:15:00,3,1,4.0,10.0,KR 59-CL 17 2,16,1
10513528,10/03/2020,18:50:00,3,1,4.0,10.0,CL 127-KR 18C 16,1,1
10513944,11/03/2020,01:08:00,3,1,4.0,1.0,KR 94-CL 80 2,10,1
10513612,11/03/2020,18:30:00,2,1,4.0,6.0,CL 70A-KR 122ABIS 02,10,1
10513741,12/03/2020,14:15:00,3,1,4.0,10.0,KR 67-CL 4G 68,16,1
10513771,13/03/2020,05:20:00,2,1,4.0,2.0,KR 68-CL 4G 10,16,1
10513986,13/03/2020,13:15:00,3,1,4.0,10.0,KR 51-CL 78 08,12,1
10513886,13/03/2020,16:15:00,3,1,4.0,10.0,AV AVENIDA DEL SUR-KR 60 2,19,1
10513945,13/03/2020,16:50:00,3,1,4.0,2.0,KR 7DBIS-CL 159A 28,1,1
10513949,13/03/2020,17:00:00,3,1,4.0,8.0,CL 59C-KR 87K S 02,7,2
10513954,13/03/2020,20:50:00,3,1,4.0,2.0,CL 4ABIS-KR 2 2,17,1
10513856,14/03/2020,02:45:00,2,1,4.0,6.0,AC 26-KR 96 2,9,1
10514222,14/03/2020,07:30:00,2,1,4.0,10.0,AV AVENIDA BOYACA-DG 47A S 2,6,1
10514044,15/03/2020,01:00:00,3,1,4.0,5.0,AV AVENIDA JORGE GAITAN CORTES-AV AVENIDA BOYACA 2,19,2
10513797,15/03/2020,02:10:00,2,1,4.0,1.0,KR 30-CL 6 02,16,1
10514091,15/03/2020,03:15:00,3,1,4.0,8.0,AK 45-CL 82 2,2,1
10514097,15/03/2020,04:15:00,3,1,4.0,8.0,AC 26-KR 50 2,13,1
10513776,15/03/2020,05:30:00,1,1,4.0,4.0,AK 45-CL 93 02,2,1
10513820,15/03/2020,05:30:00,2,1,4.0,3.0,AV AVENIDA BOYACA-KR 40 S 02,8,1
10514083,15/03/2020,05:30:00,3,1,4.0,10.0,KR 67-CL 119B 72,10,1
10513873,15/03/2020,12:40:00,2,1,4.0,4.0,CL 26-KR 92 02,9,1
10514116,15/03/2020,13:13:00,3,1,4.0,1.0,KR 68-CL 95 2,12,10
10514110,15/03/2020,16:00:00,3,1,4.0,10.0,CL 119-KR 6A 02,1,1
10514144,15/03/2020,21:30:00,3,1,4.0,10.0,CL 58D-KR 48B S 46,19,1
10514147,17/03/2020,16:44:00,3,1,4.0,10.0,CL 138-KR 7BIS 2,1,1
10514071,17/03/2020,23:02:00,2,1,4.0,11.0,KR 28-CL 52A 21,13,1
10514261,18/03/2020,11:10:00,3,1,4.0,1.0,KR 30-CL 19 2,16,10
10514662,18/03/2020,15:40:00,3,1,4.0,11.0,CL 86-KR 101 02,10,1
10514207,18/03/2020,19:25:00,3,1,4.0,1.0,KR 87-CL 18 53,9,10
10514764,19/03/2020,20:30:00,3,1,4.0,1.0,CL 144-KR 9 30,1,1
10514880,20/03/2020,10:50:00,3,1,4.0,8.0,CL 26-KR 110 02,9,1
10514879,20/03/2020,14:59:00,3,1,4.0,1.0,AV AVENIDA CIRCUNVALAR-CL 85 02,2,1
10514593,20/03/2020,19:40:00,3,1,4.0,6.0,KR 118-CL 83A 2,10,1
10514357,21/03/2020,05:52:00,2,1,4.0,11.0,AV AVENIDA SUBA-KR 127 02,11,2
10514328,22/03/2020,14:40:00,2,1,4.0,2.0,KR 14-CL 75 S 22,19,1
10514624,22/03/2020,19:50:00,3,1,4.0,11.0,KR 45-CL 100 02,1,1
10514673,24/03/2020,11:45:00,3,1,4.0,10.0,KR 80-CL 2 51,8,2
10514706,26/03/2020,13:15:00,3,1,4.0,6.0,KR 4-CL 9 E 57,17,1
10514696,26/03/2020,15:30:00,3,1,4.0,10.0,KR 69A-CL 79 02,10,1
10514611,27/03/2020,17:20:00,2,1,4.0,11.0,KR 52A-CL 49 S 2,6,1
10514948,28/03/2020,13:20:00,2,1,4.0,11.0,KR 30-CL 22C 02,13,1
10514742,30/03/2020,03:05:00,3,1,4.0,4.0,AC 17-KR 87 45,9,1
10514447,30/03/2020,20:00:00,2,1,4.0,11.0,CL 142A-KR 109C 02,11,2
10514704,01/04/2020,01:10:00,3,1,4.0,6.0,CL 72C-KR 27A S 69,19,1
10514702,01/04/2020,12:00:00,3,1,4.0,1.0,CL 80-KR 18M S 56,19,1
10514699,01/04/2020,12:45:00,3,1,4.0,7.0,KR 53-CL 103B 2,11,1
10514629,01/04/2020,17:08:00,3,1,4.0,1.0,CL 134-KR 59A 81,11,10
10514811,02/04/2020,02:50:00,3,1,4.0,2.0,DG 38-TR 82 S 02,8,1
10514640,02/04/2020,18:50:00,3,1,4.0,2.0,AV AVENIDA CIRCUNVALAR-AC 17 2,3,1
10514635,02/04/2020,19:30:00,3,1,4.0,2.0,CL 163-KR 8C 2,1,1
10514701,03/04/2020,06:30:00,3,1,4.0,2.0,CL 33A-KR 17 2,13,1
10514332,04/04/2020,13:10:00,2,1,4.0,1.0,CL 17-KR 104 2,9,1
10514838,04/04/2020,22:11:00,3,1,4.0,2.0,CL 47-KR 72P S 02,8,1
10514710,05/04/2020,15:16:00,3,1,4.0,8.0,CL 63B-KR 119 2,10,1
10514848,05/04/2020,21:15:00,3,1,4.0,6.0,KR 77R-CL 52A S 02,8,2
10514790,06/04/2020,02:30:00,3,1,4.0,10.0,CL 12-KR 39 34,16,1
10514401,06/04/2020,08:50:00,2,1,4.0,1.0,CL 145-KR 80 2,11,1
10514740,06/04/2020,11:41:00,3,1,4.0,10.0,KR 1-CL 70 2,2,1
10514818,07/04/2020,06:21:00,3,1,4.0,10.0,KR 77G-CL 65D S 2,7,1
10514805,07/04/2020,09:19:00,3,1,4.0,4.0,KR 15-CL 124 30,4,10
10514564,09/04/2020,19:00:00,2,1,4.0,1.0,CL 63-KR 68 02,12,7
10514850,10/04/2020,10:51:00,2,1,4.0,2.0,KR 68-CL 63 2,12,1
10514489,12/04/2020,12:15:00,1,1,4.0,11.0,AV AVENIDA CARACAS-CL 70B S 21,5,1
10514484,12/04/2020,22:30:00,2,1,4.0,8.0,AK 30-CL 19C 2,16,1
10514498,13/04/2020,15:30:00,2,1,4.0,1.0,AK 45-CL 129 2,1,1
10514734,13/04/2020,19:50:00,3,1,4.0,1.0,CL 165-KR 7 06,1,1
10514505,14/04/2020,07:36:00,2,1,4.0,6.0,KR 24-CL 5 2,14,1
10514810,14/04/2020,10:00:00,3,1,4.0,2.0,CL 22D-KR 94 2,9,1
10514828,14/04/2020,14:03:00,3,1,4.0,10.0,KR 5-CL 49A E 25,2,1
10514825,14/04/2020,16:40:00,3,1,4.0,2.0,KR 3-CL 26BIS 2,3,1
10514908,15/04/2020,15:00:00,3,1,4.0,8.0,KR 15-CL 85 ES 2,5,1
10514356,15/04/2020,22:10:00,1,1,4.0,2.0,KR 103-CL 72C 02,10,1
10514515,16/04/2020,10:00:00,3,1,4.0,1.0,CL 63-KR 103 2,10,1
10514898,16/04/2020,14:15:00,3,1,4.0,11.0,AV AVENIDA CARACAS-CL 75 S 02,5,1
10514900,16/04/2020,17:33:00,3,1,4.0,10.0,KR 16C-CL 164 02,1,1
10514896,16/04/2020,20:40:00,3,1,4.0,10.0,KR 11BIS-CL 124A 66,1,1
10514894,16/04/2020,21:30:00,3,1,4.0,6.0,CL 80-KR 88 S 02,7,1
10514522,17/04/2020,09:20:00,2,1,4.0,8.0,CL 6A-KR 9 2,17,1
10514375,17/04/2020,22:21:00,1,1,4.0,4.0,AV AVENIDA DE LAS AMERICAS-KR 50 2,16,8
10514939,18/04/2020,09:40:00,3,1,4.0,6.0,CL 147B-KR 90 2,11,1
10514941,18/04/2020,23:50:00,3,1,4.0,10.0,CL 91-KR 1B S 2,5,2
10514928,19/04/2020,15:40:00,3,1,4.0,2.0,KR 60-CL 63 2,12,7
10514722,19/04/2020,19:20:00,2,1,4.0,11.0,CL 13-KR 46A 2,16,2
10514587,20/04/2020,19:50:00,2,1,4.0,1.0,KR 10-CL 3 02,3,1
10514774,21/04/2020,12:29:00,3,1,4.0,10.0,KR 9-CL 97 2,2,1
10514777,21/04/2020,13:50:00,3,1,4.0,11.0,KR 80-CL 69A 2,10,1
10514776,21/04/2020,21:10:00,3,1,4.0,10.0,CL 90-KR 84 2,10,1
10515025,23/04/2020,09:12:00,3,1,4.0,2.0,DG 81-TR 78 02,10,2
10515027,23/04/2020,22:45:00,3,1,4.0,1.0,CL 34-KR 12BIS S 02,4,1
10515069,24/04/2020,00:21:00,3,1,4.0,1.0,KR 21-CL 106A 05,1,1
10515033,24/04/2020,11:40:00,3,1,4.0,2.0,KR 32-CL 11A 2,16,1
10515032,24/04/2020,12:10:00,3,1,4.0,10.0,KR 85B-CL 25G 02,9,2
10515035,26/04/2020,03:50:00,3,1,4.0,2.0,AV AVENIDA JORGE ELIECER GAITAN-KR 103 2,9,1
10515039,26/04/2020,22:50:00,3,1,4.0,2.0,DG 45F-TR 12H S 2,18,1
10515080,27/04/2020,07:10:00,1,1,4.0,1.0,AK 30-CL 23 2,16,1
10515122,27/04/2020,08:47:00,3,1,4.0,11.0,KR 72-CL 12B 48,8,1
10515116,27/04/2020,11:53:00,3,1,4.0,2.0,KR 41-CL 9 2,16,1
10515093,27/04/2020,12:24:00,2,1,4.0,1.0,CL 48P-KR 53 S 2,18,1
10515079,27/04/2020,23:50:00,1,1,4.0,1.0,CL 26-KR 92 2,9,1
10515086,28/04/2020,02:10:00,3,1,4.0,11.0,KR 7-CL 165 02,1,1
10515193,28/04/2020,04:00:00,3,1,4.0,2.0,CL 81-KR 12 SE 02,5,1
10515127,28/04/2020,05:15:00,3,1,4.0,1.0,KR 36-CL 2 2,16,2
10515124,28/04/2020,15:05:00,3,1,4.0,2.0,KR 68-CL 66 2,12,1
10515076,28/04/2020,22:00:00,1,1,4.0,8.0,AV AVENIDA BOYACA-AC 39C S 09,8,1
10515162,29/04/2020,18:18:00,3,1,4.0,1.0,CL 155-KR 7CBIS 2,1,1
10515189,30/04/2020,11:00:00,3,1,4.0,6.0,CL 38-KR 72N S 14,8,1
10515294,30/04/2020,11:30:00,3,1,4.0,10.0,KR 80-CL 2 51,8,1
10515220,02/05/2020,00:40:00,1,1,4.0,2.0,KR 68-CL 22 S 2,16,1
10515262,02/05/2020,01:49:00,3,1,4.0,5.0,KR 7-CL 34 02,3,1
10515273,02/05/2020,15:30:00,3,1,4.0,7.0,DG 47A-TR 18C S 2,18,2
10515278,03/05/2020,05:06:00,3,1,4.0,6.0,KR 72-CL 22D 54,9,1
10515350,03/05/2020,06:00:00,3,1,4.0,11.0,CL 80-KR 69 02,10,1
10515281,03/05/2020,16:00:00,2,1,4.0,10.0,KR 68HBIS-CL 31H S 86,8,1
10515403,04/05/2020,08:48:00,2,1,4.0,8.0,KR 7-CL 92 2,2,2
10515355,04/05/2020,10:30:00,3,1,4.0,1.0,CL 134-KR 12A 02,1,1
10515249,04/05/2020,11:55:00,2,1,4.0,1.0,CL 33-KR 83 S 2,8,1
10515287,04/05/2020,13:20:00,2,1,4.0,10.0,CL 69ABIS-KR 90 67,10,1
10515418,04/05/2020,21:24:00,3,1,4.0,10.0,CL 26-KR 106 02,9,1
10515318,06/05/2020,00:40:00,3,1,4.0,2.0,AV AVENIDA PRIMERO DE MAYO-AC 29B S 2,15,2
10515285,06/05/2020,05:04:00,1,1,4.0,1.0,KR 45-CL 185 2,1,1
10515325,06/05/2020,18:20:00,3,1,4.0,1.0,CL 64-KR 3B SE 24,5,1
10515375,06/05/2020,23:40:00,3,1,4.0,1.0,CL 71C-KR 94 2,10,1
10515370,07/05/2020,05:20:00,3,1,4.0,1.0,KR 88B-CL 52 S 69,7,1
10515459,08/05/2020,06:24:00,3,1,4.0,2.0,CL 81C-KR 8 SE 2,5,2
10515337,08/05/2020,09:58:00,2,1,4.0,4.0,AV AVENIDA CIRCUNVALAR-DG 73 02,2,1
10515391,08/05/2020,13:39:00,3,1,4.0,1.0,AK 72-CL 12B 78,8,10
10515625,08/05/2020,16:00:00,3,1,4.0,1.0,KR 11BBIS-CL 127 2,1,1
10515457,08/05/2020,23:08:00,3,1,4.0,6.0,KR 77-CL 64C 15,10,1
10515328,09/05/2020,04:00:00,1,1,4.0,2.0,CL 132D-KR 145BIS 02,11,1
10515626,09/05/2020,08:56:00,3,1,4.0,6.0,AC 80-KR 76D 22,10,1
10515659,09/05/2020,22:30:00,3,1,4.0,6.0,CL 31-KR 39 SE 02,4,1
10515679,09/05/2020,23:47:00,2,1,4.0,1.0,KR 30-CL 14 2,16,1
10515413,10/05/2020,12:10:00,2,1,4.0,6.0,CL 161A-KR 3 E 02,1,1
10515669,10/05/2020,14:10:00,3,1,4.0,10.0,KR 13-CL 140 2,1,1
10515489,10/05/2020,14:55:00,2,1,4.0,6.0,CL 123A-KR 36C 75,11,1
10515670,10/05/2020,16:34:00,3,1,4.0,6.0,CL 64B-KR 112ABIS 2,10,1
10515683,10/05/2020,20:07:00,3,1,4.0,2.0,CL 64F-KR 111 65,10,1
10515668,10/05/2020,20:35:00,3,1,4.0,1.0,CL 17-KR 115 2,9,1
10515707,12/05/2020,15:45:00,3,1,4.0,10.0,KR 91-CL 26 02,10,1
10515699,13/05/2020,10:49:00,3,1,4.0,1.0,CL 57C-KR 98C S 2,7,1
10515716,13/05/2020,15:42:00,3,1,4.0,2.0,AV AVENIDA SUBA-TR 92 02,11,1
10515712,13/05/2020,18:09:00,3,1,4.0,6.0,KR 84A-CL 145 91,11,1
10515765,13/05/2020,19:00:00,3,1,4.0,10.0,KR 68D-CL 21 37,9,1
10515703,13/05/2020,22:52:00,3,1,4.0,4.0,KR 7-CL 165 2,1,1
10515462,14/05/2020,10:11:00,1,1,4.0,5.0,KR 110G-CL 72 2,10,2
10515779,14/05/2020,19:50:00,3,1,4.0,8.0,CL 66-KR 69D 02,10,1
10515883,15/05/2020,14:00:00,3,1,4.0,1.0,KR 86-CL 75 2,10,1
10515723,15/05/2020,15:34:00,2,1,4.0,2.0,KR 8-CL 15 S 48,4,1
10515888,15/05/2020,16:00:00,3,1,4.0,2.0,CL 80ABIS-KR 179 S 2,19,1
10515569,15/05/2020,18:38:00,2,1,4.0,2.0,CL 26-KR 82 2,9,1
10515871,15/05/2020,22:33:00,3,1,4.0,4.0,CL 26-KR 74 2,9,1
10515589,16/05/2020,01:40:00,2,1,4.0,1.0,KR 88A-CL 21 2,9,2
10515989,16/05/2020,05:20:00,3,1,4.0,1.0,CL 111-KR 53 2,11,1
10516001,16/05/2020,08:30:00,3,1,4.0,2.0,KR 11B-CL 59 ES 60,4,1
10515645,17/05/2020,01:00:00,2,1,4.0,10.0,KR 10-CL 6 2,3,7
10516073,17/05/2020,01:40:00,3,1,4.0,10.0,KR 104ABIS-CL 60 S 38,7,1
10515725,17/05/2020,05:50:00,2,1,4.0,1.0,DG 39A-KR 50A S 02,6,1
10515609,17/05/2020,08:40:00,2,1,4.0,1.0,DG 157-TR 77 2,11,1
10516080,17/05/2020,17:45:00,3,1,4.0,10.0,KR 118-CL 86 35,10,10
10515787,17/05/2020,19:40:00,3,1,4.0,1.0,AV AVENIDA BOYACA-CL 131 02,11,1
10515728,18/05/2020,17:30:00,2,1,4.0,2.0,AV AVENIDA BOYACA-CL 10 02,8,1
10516419,18/05/2020,19:40:00,2,1,4.0,2.0,KR 72B-CL 50C S 2,18,1
10515869,19/05/2020,11:10:00,3,1,4.0,1.0,KR 45-CL 114 02,1,1
10515740,20/05/2020,03:45:00,2,1,4.0,8.0,DG 16-KR 111A 2,9,1
10515746,20/05/2020,10:41:00,2,1,4.0,10.0,TR 17-CL 63B S 2,19,1
10516002,20/05/2020,13:39:00,3,1,4.0,1.0,CL 153-KR 7H 02,1,1
10516009,20/05/2020,14:20:00,3,1,4.0,10.0,KR 80-CL 2 51,8,1
10515816,21/05/2020,00:05:00,2,1,4.0,2.0,KR 30-CL 11A 02,15,1
10516219,21/05/2020,03:50:00,3,1,4.0,2.0,CL 72ABIS-KR 18C S 15,19,1
10515818,21/05/2020,11:00:00,2,1,4.0,10.0,KR 8-CL 111 02,1,1
10516169,21/05/2020,11:00:00,3,1,4.0,10.0,DG 38-TR 81BISA S 02,8,1
10516290,22/05/2020,11:45:00,3,1,4.0,1.0,CL 26-KR 45 02,13,1
10515917,22/05/2020,16:00:00,2,1,4.0,1.0,KR 97C-CL 69A S 02,7,1
10515921,23/05/2020,10:00:00,2,1,4.0,10.0,KR 17-CL 67 S 02,19,1
10516348,24/05/2020,07:00:00,3,1,4.0,1.0,KR 30-CL 1H 19,16,1
10516346,24/05/2020,14:16:00,3,1,4.0,6.0,KR 11B-CL 135 05,1,2
10515958,24/05/2020,22:00:00,2,1,4.0,8.0,KR 69F-CL 23C 02,9,1
10516353,25/05/2020,05:40:00,3,1,4.0,1.0,CL 127-KR 91 2,11,1
10515849,25/05/2020,22:33:00,2,1,4.0,1.0,KR 9-CL 170 2,1,1
10516374,26/05/2020,00:18:00,3,1,4.0,6.0,CL 130-KR 92A 12,11,1
10517313,26/05/2020,00:22:00,2,1,4.0,1.0,CL 59-KR 30 2,13,1
10515935,26/05/2020,13:30:00,2,1,4.0,1.0,KR 30-CL 25A 2,16,1
10516024,26/05/2020,14:00:00,3,1,4.0,2.0,DG 60-KR 75I S 2,19,1
10516025,26/05/2020,16:20:00,3,1,4.0,2.0,KR 17-CL 76 S 2,19,2
10516193,27/05/2020,12:30:00,3,1,4.0,10.0,AV AVENIDA BOYACA-CL 53 32,10,1
10516291,28/05/2020,15:09:00,3,1,4.0,10.0,KR 54-CL 47 S 2,6,1
10516269,28/05/2020,20:10:00,3,1,4.0,11.0,KR 80-CL 39 S 02,8,1
10516350,29/05/2020,00:42:00,3,1,4.0,1.0,DG 48-KR 54B S 03,6,1
10516535,29/05/2020,01:00:00,3,1,4.0,2.0,KR 9A-CL 129 2,1,1
10516358,29/05/2020,10:45:00,3,1,4.0,2.0,CL 45-KR 72I S 2,8,7
10516360,29/05/2020,12:15:00,3,1,4.0,5.0,KR 50-CL 24 2,13,1
10516063,30/05/2020,04:35:00,2,1,4.0,3.0,CL 22B-KR 80ABIS 02,9,1
10516409,30/05/2020,10:16:00,3,1,4.0,6.0,CL 65-KR 4 02,2,1
10516415,30/05/2020,11:10:00,3,1,4.0,6.0,CL 52-KR 78J S 49,8,1
10516416,30/05/2020,14:30:00,3,1,4.0,10.0,KR 45-CL 143 02,1,1
10516103,30/05/2020,19:40:00,2,1,4.0,2.0,KR 92-CL 170 02,11,1
10516399,30/05/2020,22:00:00,3,1,4.0,10.0,CL 53-KR 72A 02,10,1
10516431,31/05/2020,00:43:00,3,1,4.0,5.0,CL 129B-KR 92A 28,11,1
10516413,31/05/2020,02:37:00,3,1,4.0,6.0,KR 20DBIS-CL 68G S 50,19,1
10516428,31/05/2020,04:30:00,3,1,4.0,2.0,CL 90-KR 77 02,10,1
10516418,31/05/2020,10:29:00,3,1,4.0,10.0,TR 56A-AC 74 30,12,1
10516658,01/06/2020,00:22:00,3,1,4.0,3.0,KR 11C-CL 122 2,1,1
10516664,01/06/2020,08:00:00,3,1,4.0,10.0,AC 26-KR 71A 16,9,1
10516155,01/06/2020,17:40:00,2,1,4.0,1.0,KR 17-CL 70 S 42,19,1
10516651,02/06/2020,10:35:00,3,1,4.0,8.0,CL 13-KR 52 02,16,1
10516442,02/06/2020,10:40:00,2,1,4.0,1.0,KR 77C-CL 59A S 02,19,2
10516692,02/06/2020,12:45:00,3,1,4.0,6.0,KR 51-CL 34 S 82,6,1
10516481,04/06/2020,06:45:00,2,1,4.0,11.0,CL 53-KR 3 02,2,1
10516460,04/06/2020,23:00:00,2,1,4.0,1.0,CL 18A-KR 17 S 02,15,1
10516479,05/06/2020,01:30:00,1,1,4.0,1.0,AV AVENIDA PRIMERO DE MAYO-KR 79 2,8,1
10516961,05/06/2020,11:35:00,3,1,4.0,1.0,CL 13-KR 72 02,9,1
10516496,05/06/2020,16:30:00,2,1,4.0,1.0,KR 73-CL 60A S 17,19,1
10516500,06/06/2020,08:06:00,2,1,4.0,10.0,KR 8-CL 15 S 2,4,1
10517022,06/06/2020,11:10:00,3,1,4.0,1.0,CL 19A-KR 72 57,9,10
10516864,06/06/2020,12:16:00,2,1,4.0,1.0,AV AVENIDA BOYACA-CL 125 2,11,1
10516999,06/06/2020,16:00:00,3,1,4.0,2.0,KR 18-CL 86 ES 2,5,1
10516480,06/06/2020,21:53:00,1,1,4.0,1.0,KR 45-CL 127 02,11,1
10516554,06/06/2020,23:00:00,2,1,4.0,2.0,DG 73B-KR 27A S 02,19,1
10517028,07/06/2020,01:00:00,3,1,4.0,3.0,KR 27A-CL 64 2,12,1
10516556,07/06/2020,05:25:00,2,1,4.0,1.0,AV AVENIDA BOYACA-KR 27B 02,6,1
10517013,07/06/2020,06:00:00,3,1,4.0,2.0,KR 18-CL 114A 02,1,1
10517010,07/06/2020,17:20:00,3,1,4.0,2.0,KR 72H-CL 39B S 02,8,1
10517172,09/06/2020,01:40:00,3,1,4.0,1.0,KR 16-CL 42 2,12,1
10517082,09/06/2020,16:51:00,3,1,4.0,10.0,KR 55-CL 22 38,13,1
10516608,10/06/2020,09:40:00,2,1,4.0,6.0,DG 74D-KR 27G S 06,19,10
10516880,10/06/2020,16:00:00,3,1,4.0,6.0,TR 77-DG 81B 2,10,2
10516682,11/06/2020,19:15:00,2,1,4.0,6.0,KR 69B-CL 17 S 57,8,10
10516646,11/06/2020,23:45:00,2,1,4.0,1.0,AC 26-KR 39 2,13,2
10517464,12/06/2020,00:30:00,3,1,4.0,11.0,CL 127-KR 21 60,1,1
10517458,12/06/2020,14:25:00,3,1,4.0,2.0,CL 13-KR 69 64,9,1
10517478,13/06/2020,09:05:00,3,1,4.0,10.0,KR 64-CL 24 47,13,10
10517091,13/06/2020,15:19:00,3,1,4.0,11.0,KR 24-CL 13 S 2,15,1
10516761,13/06/2020,22:15:00,2,1,4.0,1.0,KR 79-CL 26 02,8,1
10517531,14/06/2020,00:54:00,3,1,4.0,11.0,DG 17B-KR 88 02,9,1
10517528,14/06/2020,04:00:00,3,1,4.0,6.0,CL 138-KR 157 49,11,1
10516731,14/06/2020,20:50:00,2,1,4.0,4.0,AV AVENIDA CIUDAD DE CALI-CL 40 S 2,8,1
10516733,14/06/2020,22:26:00,2,1,4.0,6.0,CL 63-KR 105 2,10,1
10517530,14/06/2020,23:00:00,3,1,4.0,2.0,KR 78IBISA-CL 38A S 02,8,1
10517007,15/06/2020,01:30:00,3,1,4.0,5.0,AV AVENIDA BOYACA-CL 127B 2,11,1
10517634,15/06/2020,12:19:00,3,1,4.0,10.0,KR 45-CL 127 02,1,10
10516994,15/06/2020,13:00:00,3,1,4.0,10.0,KR 120A-CL 76A 2,10,1
10516985,15/06/2020,14:54:00,3,1,4.0,2.0,CL 81-KR 17A S 2,19,2
10517574,16/06/2020,06:30:00,3,1,4.0,8.0,KR 78A-CL 69A 2,10,1
10517696,16/06/2020,09:38:00,3,1,4.0,9.0,CL 71-KR 3I S 40,5,10
10516789,16/06/2020,19:39:00,2,1,4.0,1.0,AV AVENIDA DE LAS AMERICAS-AV AVENIDA BOYACA 2,8,1
10525144,17/06/2020,08:12:00,3,1,4.0,6.0,KR 27G-CL 71D S 02,19,1
10517689,18/06/2020,05:10:00,3,1,4.0,2.0,KR 6-CL 48H ES 2,4,1
10517708,18/06/2020,13:20:00,3,1,4.0,1.0,CL 84-KR 3A SE 41,5,1
10518473,19/06/2020,04:40:00,3,1,4.0,7.0,KR 12-CL 52 S 02,6,1
10518472,19/06/2020,08:30:00,3,1,4.0,1.0,KR 45-CL 116 02,1,1
10518339,19/06/2020,11:20:00,3,1,4.0,10.0,KR 60-CL 68F S 27,19,1
10518336,19/06/2020,18:17:00,3,1,4.0,6.0,KR 2-CL 36D ES 02,4,2
10516936,20/06/2020,02:40:00,2,1,4.0,3.0,CL 22-KR 86 2,9,1
10517483,21/06/2020,00:18:00,3,1,4.0,2.0,CL 26-KR 68B 02,9,1
10518971,21/06/2020,00:57:00,3,1,4.0,10.0,CL 151C-KR 107 02,11,2
10518967,21/06/2020,03:45:00,3,1,4.0,6.0,KR 7A-CL 1A S 11,4,1
10518977,21/06/2020,17:03:00,3,1,4.0,10.0,CL 69-KR 111C 02,10,1
10519005,22/06/2020,04:00:00,3,1,4.0,1.0,KR 16-CL 187 61,1,10
10518004,22/06/2020,15:56:00,3,1,4.0,6.0,CL 26-KR 50B S 21,16,1
10519047,23/06/2020,03:15:00,3,1,4.0,5.0,CL 26-KR 40 02,13,1
10520250,23/06/2020,08:50:00,3,1,4.0,1.0,CL 22-KR 27 49,14,1
10519033,23/06/2020,11:24:00,3,1,4.0,1.0,DG 13-AK 53 32,16,1
10517266,23/06/2020,12:27:00,2,1,4.0,10.0,TR 78L-CL 69A S 02,7,1
10519572,23/06/2020,12:35:00,3,1,4.0,2.0,KR 43A-CL 68C S 23,19,1
10519045,23/06/2020,14:54:00,3,1,4.0,6.0,CL 9-KR 4 E 74,17,1
10517262,23/06/2020,15:40:00,2,1,4.0,2.0,CL 9-KR 7 E 02,3,1
10520325,24/06/2020,13:00:00,3,1,4.0,1.0,CL 163A-KR 86 02,1,1
10520491,25/06/2020,12:00:00,3,1,4.0,6.0,CL 131-KR 90 15,11,1
10520486,25/06/2020,23:40:00,3,1,4.0,10.0,CL 17A-KR 36 02,16,1
10519649,26/06/2020,00:10:00,3,1,4.0,2.0,CL 146B-KR 72 02,11,1
10520855,27/06/2020,04:21:00,2,1,4.0,1.0,CL 79A-KR 71A 14,10,1
10517376,28/06/2020,00:35:00,2,1,4.0,10.0,AV AVENIDA DEL SUR-KR 67 2,7,2
10517392,28/06/2020,01:05:00,2,1,4.0,1.0,TR 32-CL 68D S 02,19,1
10520920,28/06/2020,03:00:00,3,1,4.0,4.0,KR 29-CL 28 02,13,1
10533610,28/06/2020,03:41:00,1,1,4.0,9.0,CL 61 S- KR 18 B S 02,19,1
10520890,28/06/2020,07:01:00,3,1,4.0,4.0,KR 9-CL 151 02,1,1
10520952,28/06/2020,07:43:00,3,1,4.0,1.0,KR 45-CL 100 02,1,1
10521105,29/06/2020,01:45:00,3,1,4.0,2.0,CL 53-KR 15 02,1,1
10517272,29/06/2020,20:21:00,2,1,4.0,1.0,CL 26-KR 71F S 2,8,1
10521243,30/06/2020,07:23:00,3,1,4.0,2.0,CL 166-KR 18 02,1,1
10521342,30/06/2020,20:15:00,3,1,4.0,10.0,CL 16-KR 51 S 02,16,1
10520203,01/07/2020,08:00:00,3,1,4.0,2.0,CL 153-KR 14BBIS 02,1,1
10517522,02/07/2020,05:05:00,2,1,4.0,1.0,CL 80-KR 76 2,10,2
10517540,02/07/2020,06:27:00,2,1,4.0,6.0,KR 90A-CL 49 S 02,7,1
10521507,02/07/2020,12:51:00,3,1,4.0,1.0,KR 81-CL 8A S 02,8,1
10517550,03/07/2020,00:08:00,2,1,4.0,1.0,KR 5C-DG 48J S 2,18,1
10521549,05/07/2020,03:30:00,3,1,4.0,6.0,CL 51-KR 12 S 02,6,1
10517861,05/07/2020,03:50:00,3,1,4.0,1.0,CL 51-KR 86D S 22,7,2
10521471,05/07/2020,08:00:00,2,1,4.0,11.0,AV AVENIDA DE LAS AMERICAS-KR 62 02,16,1
10521467,05/07/2020,22:08:00,3,1,4.0,3.0,KR 25A-CL 2 02,14,1
10521576,06/07/2020,19:41:00,3,1,4.0,6.0,KR 18QBIS-CL 79D S 02,19,1
10517655,06/07/2020,23:50:00,2,1,4.0,2.0,CL 64B-TR 93 02,10,1
10521816,07/07/2020,16:30:00,3,1,4.0,4.0,KR 80-CL 2 S 51,8,1
10521706,07/07/2020,20:10:00,3,1,4.0,6.0,CL 170-KR 49B 02,11,1
10522167,08/07/2020,10:30:00,3,1,4.0,2.0,TR 74B-CL 40I S 02,8,1
10522098,08/07/2020,19:30:00,3,1,4.0,2.0,CL 26-KR 29 S 02,15,1
10522096,09/07/2020,00:52:00,3,1,4.0,6.0,CL 145-KR 7A 60,1,1
10522175,09/07/2020,09:27:00,3,1,4.0,6.0,CL 2-KR 31B 20,16,10
10522100,09/07/2020,13:45:00,3,1,4.0,10.0,TR 93-CL 53 48,10,10
10517850,09/07/2020,22:08:00,2,1,4.0,2.0,KR 50-CL 45 2,13,1
10517893,11/07/2020,02:30:00,2,1,4.0,1.0,CL 153-KR 15 2,1,1
10522330,11/07/2020,04:20:00,3,1,4.0,6.0,KR 19F-CL 70C S 18,19,1
10522334,11/07/2020,05:08:00,3,1,4.0,1.0,CL 11A-KR 79A 02,8,1
10522496,11/07/2020,13:20:00,3,1,4.0,10.0,KR 21-CL 11 45,14,1
10522333,11/07/2020,16:00:00,3,1,4.0,2.0,CL 131B-KR 135 24,11,1
10522574,11/07/2020,22:07:00,3,1,4.0,10.0,KR 29-CL 28 S 50,15,2
10522337,11/07/2020,22:10:00,3,1,4.0,2.0,CL 3-KR 68ABIS S 02,8,1
10522351,12/07/2020,02:24:00,3,1,4.0,6.0,KR 87J-CL 52 S 21,7,1
10517905,12/07/2020,06:16:00,2,1,4.0,11.0,CL 47B-KR 22 S 95,6,1
10522354,12/07/2020,06:57:00,3,1,4.0,8.0,AC 24-KR 43A 49,13,1
10522359,12/07/2020,07:57:00,3,1,4.0,10.0,TR 73F-CL 65A S 02,19,2
10517927,12/07/2020,10:30:00,2,1,4.0,10.0,CL 6-KR 45 2,16,1
10522413,12/07/2020,17:30:00,3,1,4.0,3.0,CL 131A-KR 9A 02,1,1
10522468,13/07/2020,05:15:00,3,1,4.0,2.0,CL 82-KR 103C 02,10,1
10517914,13/07/2020,08:37:00,2,1,4.0,1.0,KR 78B-CL 42F S 09,8,1
10522533,13/07/2020,11:20:00,3,1,4.0,10.0,KR 56-CL 19 02,16,1
10518442,13/07/2020,18:10:00,2,1,4.0,4.0,CL 24-KR 137 02,9,1
10517951,15/07/2020,10:10:00,2,1,4.0,10.0,AV AVENIDA CIUDAD DE CALI-CL 10 02,8,1
10518148,16/07/2020,00:02:00,2,1,4.0,1.0,AK 68-CL 57 02,13,1
10520152,16/07/2020,13:10:00,3,1,4.0,10.0,CL 12-KR 65 02,16,1
10520130,16/07/2020,17:58:00,3,1,4.0,10.0,CL 9-KR 34 02,16,1
10520232,17/07/2020,16:57:00,3,1,4.0,6.0,KR 14A-CL 72 S 14,5,1
10520199,17/07/2020,17:20:00,3,1,4.0,10.0,CL 63-KR 7 02,2,1
10520180,17/07/2020,19:38:00,3,1,4.0,2.0,CL 27-KR 24G S 02,18,1
10518014,17/07/2020,20:15:00,2,1,4.0,6.0,CL 20-KR 51F 05,16,1
10520342,18/07/2020,06:32:00,3,1,4.0,2.0,CL 79-KR 28B 02,12,2
10520359,18/07/2020,08:50:00,3,1,4.0,1.0,KR 17-CL 151 02,1,1
10518144,19/07/2020,16:47:00,1,1,4.0,2.0,KR 7-CL 101 27,1,1
10520532,19/07/2020,19:36:00,3,1,4.0,1.0,CL 80-KR 96 02,10,2
10520462,19/07/2020,19:41:00,3,1,4.0,10.0,KR 78BIS-CL 77A 02,10,1
10518100,20/07/2020,01:25:00,2,1,4.0,2.0,DG 62G-KR 73F S 09,19,1
10518107,20/07/2020,05:29:00,2,1,4.0,8.0,CL 63-KR 93 2,10,1
10522439,20/07/2020,09:15:00,3,1,4.0,10.0,DG 77B-KR 119A 02,10,1
10522430,20/07/2020,18:40:00,3,1,4.0,4.0,CL 74B-KR 88G S 02,7,7
10520580,20/07/2020,21:40:00,3,1,4.0,6.0,CL 3-KR 53F 02,16,1
10520577,20/07/2020,23:19:00,3,1,4.0,10.0,CL 75-KR 95 02,10,1
10521978,21/07/2020,11:40:00,3,1,4.0,2.0,CL 73A-KR 49C S 03,19,1
10522040,21/07/2020,14:00:00,3,1,4.0,6.0,CL 55B-KR 3 S 02,5,1
10521953,21/07/2020,15:30:00,3,1,4.0,8.0,KR 7-CL 140 08,1,1
10521922,21/07/2020,16:00:00,3,1,4.0,2.0,CL 163-KR 73 02,11,1
10521928,21/07/2020,20:40:00,3,1,4.0,2.0,CL 63F-KR 27B 17,12,1
10521961,21/07/2020,22:44:00,3,1,4.0,4.0,TR 52-CL 17 S 02,16,1
10518131,22/07/2020,14:00:00,2,1,4.0,11.0,CL 35-KR 78C S 79,8,1
10518168,23/07/2020,16:14:00,2,1,4.0,2.0,CL 56-KR 10A SE 26,4,1
10522735,24/07/2020,23:40:00,3,1,4.0,10.0,CL 64D-KR 105D 46,10,1
10518205,25/07/2020,00:20:00,2,1,4.0,3.0,CL 80-KR 81 02,10,1
10518185,25/07/2020,01:10:00,2,1,4.0,10.0,KR 30-CL 16 02,16,1
10523162,25/07/2020,10:58:00,3,1,4.0,6.0,KR 17G-CL 65 S 26,19,1
10518207,25/07/2020,18:34:00,2,1,4.0,10.0,AV AVENIDA BOYACA-CL 21A 02,9,1
10518186,25/07/2020,23:48:00,3,1,4.0,4.0,AV AVENIDA DE LAS AMERICAS-KR 72 02,8,1
10522916,26/07/2020,06:07:00,3,1,4.0,1.0,CL 24-KR 47 33,13,2
10523099,26/07/2020,09:00:00,3,1,4.0,2.0,CL 186-KR 7A 02,1,1
10522950,27/07/2020,01:00:00,2,1,4.0,3.0,AV AVENIDA BOYACA-CL 9 02,8,1
10522996,27/07/2020,20:45:00,3,1,4.0,6.0,CL 134A-KR 11A 07,1,1
10523221,28/07/2020,11:30:00,3,1,4.0,1.0,KR 99-CL 25F 33,9,1
10523266,29/07/2020,00:10:00,3,1,4.0,6.0,KR 96-CL 71A 26,10,10
10522402,29/07/2020,12:50:00,3,1,4.0,2.0,CL 33-KR 4 53,3,1
10518313,30/07/2020,00:08:00,3,1,4.0,2.0,CL 59B-KR 81I S 02,7,1
10518314,31/07/2020,02:30:00,3,1,4.0,11.0,KR 8-CL 109 ES 02,5,2
10518384,31/07/2020,15:30:00,2,1,4.0,10.0,AC 24-KR 81 04,9,1
10522393,31/07/2020,20:36:00,3,1,4.0,6.0,CL 127C-KR 3 81,1,1
10518379,01/08/2020,05:50:00,2,1,4.0,3.0,CL 25-KR 69D 02,9,1
10522594,01/08/2020,11:10:00,3,1,4.0,10.0,AC 64L-KR 18K 02,19,2
10525685,01/08/2020,11:15:00,3,1,4.0,6.0,CL 26-KR 89C S 36,8,1
10522615,01/08/2020,16:20:00,3,1,4.0,6.0,KR 15-CL 123 30,1,1
10522628,01/08/2020,20:40:00,3,1,4.0,2.0,CL 170-KR 9A 02,1,1
10522616,01/08/2020,22:35:00,3,1,4.0,6.0,CL 42BIS-KR 13D 03,18,1
10518419,02/08/2020,03:41:00,3,1,4.0,11.0,KR 30-CL 23 2,16,1
10518427,02/08/2020,22:14:00,2,1,4.0,11.0,KR 45-CL 176 02,1,2
10533600,02/08/2020,23:20:00,2,1,4.0,7.0,AV AVENIDA CIUDAD DE VILLAVICENCIO- CL 57 B  02,7,2
10522840,03/08/2020,00:00:00,2,1,4.0,11.0,AV AVENIDA DE LAS AMERICAS-KR 68B 02,8,1
10518418,03/08/2020,03:00:00,2,1,4.0,2.0,AV AVENIDA PRIMERA DE MAYO-KR 69A 08,8,1
10518403,03/08/2020,16:00:00,3,1,4.0,6.0,KR 4A-CL 1 S 02,4,1
10518415,03/08/2020,16:00:00,2,1,4.0,11.0,KR 68-CL 57 02,13,1
10518387,03/08/2020,17:30:00,1,1,4.0,1.0,KR 72-CL 3A S 02,8,1
10522834,03/08/2020,22:50:00,3,1,4.0,3.0,AV AVENIDA BOYACA-CL 26 02,10,1
10522837,04/08/2020,06:30:00,3,1,4.0,6.0,CL 147B-KR 91 02,11,1
10521635,04/08/2020,09:45:00,3,1,4.0,2.0,KR 17A-CL 81A S 02,19,1
10522846,04/08/2020,11:33:00,3,1,4.0,10.0,KR 65A-CL 18 02,16,1
10523079,05/08/2020,10:30:00,3,1,4.0,6.0,KR 9-CL 54A 73,2,10
10521688,05/08/2020,12:30:00,3,1,4.0,10.0,KR 109A-CL 151 09,11,1
10521818,06/08/2020,10:34:00,3,1,4.0,6.0,TR 86A-CL 71 S 02,7,1
10522069,06/08/2020,20:00:00,3,1,4.0,11.0,CL 100-KR 64 02,12,1
10523392,07/08/2020,10:39:00,3,1,4.0,6.0,CL 189-KR 46 52,11,1
10523074,08/08/2020,06:30:00,3,1,4.0,2.0,KR 9B-CL 24A ES 02,4,1
10523080,08/08/2020,08:02:00,3,1,4.0,10.0,KR 109-CL 136 05,11,1
10523363,08/08/2020,09:28:00,3,1,4.0,4.0,CL 11C-KR 78 02,8,1
10518636,09/08/2020,00:50:00,2,1,4.0,2.0,CL 6-KR 78I 02,8,1
10518496,09/08/2020,04:30:00,3,1,4.0,8.0,AV AVENIDA BOYACA-CL 70 S 31,19,1
10523327,10/08/2020,10:30:00,3,1,4.0,2.0,CL 12-KR 35 02,16,1
10518572,10/08/2020,17:05:00,2,1,4.0,6.0,CL 108B-KR 5 S 02,5,1
10518902,11/08/2020,10:10:00,2,1,4.0,11.0,AV AVENIDA CARACAS-CL 35A S 42,18,1
10520690,11/08/2020,13:30:00,3,1,4.0,1.0,KR 35-CL 72 02,16,10
10520698,11/08/2020,13:50:00,3,1,4.0,1.0,CL 50-KR 50 S 02,18,1
10520779,12/08/2020,11:44:00,3,1,4.0,1.0,CL 170-KR 78 02,11,1
10519637,12/08/2020,23:30:00,3,1,4.0,1.0,AV AVENIDA DE LAS AMERICAS-KR 69F 23,8,1
10520989,13/08/2020,08:40:00,3,1,4.0,10.0,KR 97-CL 24 32,9,10
10518699,13/08/2020,09:40:00,2,1,4.0,10.0,CL 77I-KR 69B S 2,7,1
10520906,13/08/2020,15:38:00,3,1,4.0,10.0,CL 97-KR 57 32,12,1
10518815,14/08/2020,08:50:00,2,1,4.0,10.0,CL 57B-KR 71C S 02,7,1
10521231,14/08/2020,12:16:00,3,1,4.0,2.0,AV AVENIDA BOYACA-CL 134 02,11,1
10521119,14/08/2020,16:25:00,3,1,4.0,10.0,KR 30-CL 17 02,14,1
10521265,14/08/2020,17:30:00,3,1,4.0,1.0,KR 8-CL 1C S 02,4,2
10518825,14/08/2020,19:30:00,2,1,4.0,10.0,CL 36-KR 3 S 24,4,1
10525765,15/08/2020,16:50:00,2,1,4.0,8.0,KR 30-CL 47A 02,13,1
10521407,16/08/2020,02:00:00,3,1,4.0,11.0,KR 20-CL 75 02,2,2
10518786,16/08/2020,02:30:00,2,1,4.0,2.0,CL 42BIS-KR 78M S 58,8,1
10521403,16/08/2020,03:25:00,3,1,4.0,2.0,KR 86-CL 34A S 37,8,1
10521428,16/08/2020,05:20:00,3,1,4.0,3.0,KR 72J-CL 43 S 39,8,1
10533598,16/08/2020,09:10:00,1,1,4.0,15.0,KR 10 - CL 35  02,4,1
10518683,16/08/2020,15:22:00,2,1,4.0,2.0,CL 1-KR 13 02,3,1
10521221,16/08/2020,21:40:00,3,1,4.0,2.0,CL 40-KR 4 SE 02,4,1
10518693,17/08/2020,00:48:00,2,1,4.0,10.0,KR 68DBIS-CL 38D S 02,8,2
10518610,17/08/2020,02:20:00,1,1,4.0,11.0,KR 72D-CL 57BIS S 02,7,1
10521474,17/08/2020,09:35:00,3,1,4.0,6.0,KR 43B-CL 24B 64,13,1
10521468,17/08/2020,23:00:00,3,1,4.0,10.0,KR 80-DG 02 02,8,1
10521539,18/08/2020,06:27:00,3,1,4.0,2.0,KR 59BBIS-CL 128 02,11,1
10518831,19/08/2020,13:05:00,2,1,4.0,11.0,CL 73-KR 18B S 02,19,2
10523443,20/08/2020,08:53:00,3,1,4.0,2.0,KR 98C-CL 42A S 02,8,1
10523528,20/08/2020,11:23:00,3,1,4.0,9.0,CL 116-KR 15B 02,1,1
10523577,21/08/2020,00:10:00,2,1,4.0,1.0,CL 42-KR 13D S 02,18,2
10523678,21/08/2020,11:30:00,3,1,4.0,2.0,KR 11-CL 82 20,2,1
10523575,21/08/2020,22:52:00,3,1,4.0,1.0,KR 45-CL 153 02,1,1
10523841,22/08/2020,01:01:00,3,1,4.0,2.0,KR 13-CL 123 10,1,1
10523710,22/08/2020,02:00:00,3,1,4.0,1.0,KR 53C-CL 128B 74,11,1
10521212,22/08/2020,02:12:00,3,1,4.0,2.0,CL 23F-KR 96I 17,9,1
10523742,22/08/2020,11:35:00,3,1,4.0,2.0,CL 166-KR 193 02,1,1
10523754,22/08/2020,12:54:00,3,1,4.0,2.0,KR 6-CL 76 S 46,19,1
10523594,22/08/2020,16:59:00,3,1,4.0,1.0,KR 68-CL 36 02,2,1
10523582,22/08/2020,17:18:00,3,1,4.0,1.0,KR 25-CL 49 30,13,1
10519666,22/08/2020,23:10:00,2,1,4.0,1.0,CL 9-KR 59 02,16,1
10523686,23/08/2020,02:10:00,3,1,4.0,6.0,DG 62-KR 2C S 62,5,1
10523669,23/08/2020,04:30:00,3,1,4.0,6.0,DG 46-KR 5H S 79,18,2
10523666,23/08/2020,05:30:00,3,1,4.0,2.0,DG 99-KR 6A S 13,5,1
10518901,23/08/2020,12:11:00,2,1,4.0,1.0,AV AVENIDA DEL SUR-KR 30 39,16,1
10519653,24/08/2020,06:25:00,2,1,4.0,2.0,KR 16R-CL 79 S 38,19,1
10523879,24/08/2020,11:36:00,3,1,4.0,2.0,CL 40BIS-KR 89 S 59,8,1
10523915,24/08/2020,17:20:00,3,1,4.0,2.0,KR 6-CL 88B ES 02,5,1
10523746,24/08/2020,21:00:00,3,1,4.0,5.0,AV AVENIDA SUBA-CL 87 02,12,1
10524003,24/08/2020,23:00:00,3,1,4.0,2.0,CL 46-KR 9 02,2,2
10524022,25/08/2020,00:26:00,3,1,4.0,11.0,KR 33-CL 47A S 02,6,1
10523825,25/08/2020,15:30:00,3,1,4.0,6.0,CL 72A-KR 83A S 02,7,1
10523801,25/08/2020,17:15:00,3,1,4.0,2.0,KR 45-CL 73B S 02,19,1
10523840,26/08/2020,04:00:00,3,1,4.0,1.0,AV AVENIDA BOYACA-CL 80 02,10,1
10519031,26/08/2020,10:13:00,2,1,4.0,1.0,KR 19-CL 160 2,1,1
10523865,27/08/2020,22:25:00,3,1,4.0,11.0,KR 45-CL 93 45,12,1
10524089,28/08/2020,13:30:00,3,1,4.0,10.0,KR 19-CL 20 S 02,15,1
10523133,28/08/2020,16:30:00,3,1,4.0,2.0,CL 69K-KR 77 02,10,1
10524083,28/08/2020,20:10:00,3,1,4.0,10.0,CL 17-KR 39 55,16,1
10524064,28/08/2020,22:25:00,3,1,4.0,1.0,AV AVENIDA CIRCUNVALAR-CL 20 02,3,1
10519169,28/08/2020,22:25:00,2,1,4.0,1.0,CL 80-KR 64 02,12,2
10524123,29/08/2020,01:50:00,3,1,4.0,2.0,KR 72A-CL 94 02,11,1
10524113,29/08/2020,05:14:00,3,1,4.0,11.0,KR 11-CL 124A 02,1,1
10521781,29/08/2020,13:05:00,3,1,4.0,10.0,KR 68F-CL 66 02,10,1
10521914,29/08/2020,14:30:00,3,1,4.0,10.0,CL 6C-KR 1 43,17,1
10521718,29/08/2020,17:50:00,3,1,4.0,10.0,CL 59-KR 22 S 02,19,10
10521175,29/08/2020,19:30:00,3,1,4.0,10.0,KR 68F-CL 69BISA 02,10,2
10533616,30/08/2020,06:50:00,1,1,4.0,16.0,AV AVENIDA BOYACA- KR 24  02,6,1
10524184,30/08/2020,11:44:00,3,1,4.0,1.0,KR 94G-CL 90A 02,10,1
10524159,30/08/2020,19:19:00,3,1,4.0,7.0,KR 81A-CL 64J 02,10,2
10523305,31/08/2020,10:00:00,3,1,4.0,2.0,CL 81C-KR 18G S 02,19,1
10519803,31/08/2020,15:00:00,3,1,4.0,5.0,DG 16-KR 97A 02,9,1
10523315,31/08/2020,16:00:00,3,1,4.0,6.0,KR 3-CL 6 S 25,4,1
10519848,01/09/2020,02:40:00,3,1,4.0,11.0,CL 8-KR 30 S 02,16,1
10523304,01/09/2020,09:26:00,3,1,4.0,8.0,KR 13B-CL 43B ES 37,4,1
10523291,01/09/2020,11:10:00,3,1,4.0,3.0,CL 46-KR 12B SE 50,4,1
10523311,01/09/2020,15:19:00,3,1,4.0,2.0,KR 7-CL 188C 02,1,1
10519230,01/09/2020,15:30:00,2,1,4.0,2.0,VIA MOCHUELO KM 2,19,1
10519226,01/09/2020,17:30:00,2,1,4.0,3.0,CL 22-KR 3 S 02,4,1
10523320,01/09/2020,23:14:00,3,1,4.0,6.0,KR 1-CL 72A 31,2,1
10523986,02/09/2020,10:11:00,3,1,4.0,6.0,KR 91A-CL 61C S 02,7,2
10523547,02/09/2020,17:15:00,3,1,4.0,10.0,KR 65-CL 13 21,16,10
10523985,02/09/2020,20:40:00,3,1,4.0,1.0,KR 1-CL 84A 71,2,1
10524125,03/09/2020,06:07:00,3,1,4.0,3.0,CL 24A-KR 69 02,9,1
10519591,03/09/2020,09:00:00,2,1,4.0,10.0,CL 40-KR 87I S 02,8,1
10524215,03/09/2020,13:14:00,3,1,4.0,10.0,CL 163A-KR 15 02,1,1
10524133,03/09/2020,22:00:00,3,1,4.0,2.0,AK 24-CL 63F 02,12,2
10519290,04/09/2020,07:50:00,2,1,4.0,2.0,CL 44-KR 24I S 2,18,2
10524218,04/09/2020,09:30:00,3,1,4.0,2.0,KR 45-CL 149 13,1,1
10524322,04/09/2020,11:40:00,3,1,4.0,4.0,CL 12-KR 70 02,8,1
10519578,04/09/2020,12:30:00,2,1,4.0,6.0,KR 55C-CL 159 76,11,10
10518985,04/09/2020,20:09:00,3,1,4.0,11.0,CL 129-KR 53 26,11,1
10524347,05/09/2020,00:40:00,3,1,4.0,4.0,KR 15-CL 64A ES 12,4,1
10519300,05/09/2020,01:55:00,2,1,4.0,10.0,KR 30-CL 11B 2,16,1
10523279,05/09/2020,23:30:00,3,1,4.0,1.0,CL 45A-KR 53 S 02,6,1
10524447,06/09/2020,00:34:00,3,1,4.0,2.0,CL 48C-KR 10A S 02,19,1
10524459,06/09/2020,02:45:00,3,1,4.0,5.0,CL 6-KR 3 E 02,17,2
10524457,06/09/2020,03:15:00,3,1,4.0,1.0,KR 30-CL 1H 41,16,2
10518980,06/09/2020,05:40:00,1,1,4.0,1.0,KR 89A-CL 43 S 2,8,2
10524281,07/09/2020,13:50:00,3,1,4.0,2.0,CL 17-KR 116 02,9,1
10524488,08/09/2020,07:50:00,3,1,4.0,6.0,CL 78-KR 17K S 80,19,1
10521204,09/09/2020,03:40:00,3,1,4.0,2.0,CL 62-KR 87 S 03,7,1
10519886,09/09/2020,20:40:00,3,1,4.0,2.0,CL 25-KR 68A 02,9,1
10519951,10/09/2020,03:20:00,3,1,4.0,2.0,AV AVENIDA DE LAS AMERICAS-CL 62 02,16,1
10519924,10/09/2020,12:44:00,3,1,4.0,2.0,CL 23HBIS-KR 103B 02,9,1
10524617,11/09/2020,22:17:00,3,1,4.0,6.0,CL 52-KR 100 S 06,7,1
10524473,12/09/2020,13:23:00,3,1,4.0,1.0,KR 58-CL 151 46,11,1
10519428,12/09/2020,19:38:00,2,1,4.0,6.0,KR 82B-CL 41B S 10,8,1
10519497,13/09/2020,05:00:00,2,1,4.0,2.0,AK 50-DG 39A S 02,15,7
10524533,13/09/2020,14:40:00,3,1,4.0,10.0,CL 114-KR 5A 34,1,1
10519624,13/09/2020,14:49:00,2,1,4.0,1.0,CL 115-KR 8 S 2,5,1
10519622,13/09/2020,15:30:00,2,1,4.0,1.0,KR 4-CL 81 ES 2,5,1
10519501,13/09/2020,19:00:00,2,1,4.0,6.0,KR 77I-CL 63 S 02,7,1
10524556,13/09/2020,23:00:00,3,1,4.0,6.0,TR 5C-CL 51A S 20,4,1
10524485,14/09/2020,01:58:00,3,1,4.0,10.0,AV AVENIDA CARACAS-CL 74C S 54,5,1
10524506,14/09/2020,01:59:00,3,1,4.0,5.0,CL 11-KR 8 S 02,4,1
10524511,14/09/2020,06:54:00,3,1,4.0,6.0,KR 81A-CL 74A 02,10,1
10525960,14/09/2020,09:42:00,3,1,4.0,2.0,CL 65-KR 68F 02,10,1
10519454,14/09/2020,18:29:00,1,1,4.0,10.0,CL 63C-KR 28A 61,12,1
10524518,14/09/2020,19:00:00,3,1,4.0,4.0,CL 62-KR 24 58,13,10
10525962,14/09/2020,20:40:00,3,1,4.0,6.0,CL 18-KR 69F 86,9,1
10520734,15/09/2020,00:10:00,3,1,4.0,11.0,KR 7-CL 144 02,1,1
10525951,15/09/2020,09:31:00,3,1,4.0,6.0,KR 15-CL 76B ES 02,5,1
10525919,15/09/2020,10:28:00,3,1,4.0,11.0,KR 91-CL 131C 02,11,1
10519747,15/09/2020,11:50:00,3,1,4.0,6.0,KR 51-CL 75 17,12,1
10519668,16/09/2020,10:24:00,3,1,4.0,10.0,KR 11-CL 2 48,17,10
10519693,16/09/2020,12:05:00,3,1,4.0,2.0,KR 92A-CL 76 92,10,1
10519731,16/09/2020,14:30:00,3,1,4.0,6.0,CL 22-KR 24 02,14,1
10519682,16/09/2020,15:16:00,3,1,4.0,10.0,KR 29B-CL 17A S 48,15,1
10519665,16/09/2020,20:50:00,2,1,4.0,6.0,DG 49-KR 60F S 91,6,1
10519663,16/09/2020,23:25:00,2,1,4.0,1.0,AV AVENIDA BOYACA-CL 54A 2,10,1
10519676,17/09/2020,00:26:00,3,1,4.0,8.0,KR 45-CL 100 2,1,1
10519814,17/09/2020,21:50:00,3,1,4.0,2.0,KR 186-CL 7 36,1,1
10519818,18/09/2020,00:33:00,3,1,4.0,6.0,KR 4A-CL 87 60,2,1
10519957,18/09/2020,02:24:00,2,1,4.0,5.0,CL 183-KR 57A 02,11,2
10519973,18/09/2020,05:05:00,3,1,4.0,2.0,CL 29-KR 26C S 02,18,1
10520274,18/09/2020,13:00:00,3,1,4.0,10.0,CL 72-KR 104A 17,10,1
10519972,18/09/2020,13:30:00,3,1,4.0,1.0,CL 6C-KR 82A 78,8,10
10520026,18/09/2020,19:30:00,3,1,4.0,1.0,KR 68-CL 95 2,12,1
10520263,18/09/2020,23:45:00,2,1,4.0,8.0,KR 50-CL 44 02,13,1
10520362,19/09/2020,08:40:00,3,1,4.0,6.0,CL 63-KR 73D S 92,19,10
10520128,19/09/2020,22:56:00,2,1,4.0,11.0,KR 27-CL 18 S 02,15,2
10520135,20/09/2020,00:37:00,2,1,4.0,1.0,KR 77D-CL 61C S 56,19,1
10520227,20/09/2020,03:36:00,3,1,4.0,2.0,AV AVENIDA DE LAS AMERICAS-KR 29 2,14,1
10520208,20/09/2020,04:00:00,3,1,4.0,1.0,KR 102A-CL 135A 25,11,1
10520272,20/09/2020,07:23:00,3,1,4.0,1.0,KR 6-CL 32B ES 29,4,1
10520216,20/09/2020,08:39:00,3,1,4.0,6.0,KR 12-CL 76 S 11,5,1
10520070,20/09/2020,21:50:00,1,1,4.0,2.0,KR 5-CL 32 03,3,1
10520955,21/09/2020,11:30:00,3,1,4.0,10.0,AK 80-CL 2 51,8,1
10520556,21/09/2020,11:42:00,3,1,4.0,2.0,KR 100-CL 71B 62,10,1
10522036,21/09/2020,11:46:00,2,1,4.0,1.0,AV AVENIDA CIRCUNVALAR-DG 38 08,3,1
10520401,21/09/2020,13:31:00,3,1,4.0,10.0,CL 17-KR 118A 2,9,10
10520411,21/09/2020,16:20:00,3,1,4.0,10.0,CL 160-KR 72 51,11,10
10520409,21/09/2020,23:48:00,3,1,4.0,3.0,KR 17A-CL 83 S 2,19,1
10520385,22/09/2020,00:01:00,2,1,4.0,1.0,AK 30-CL 39A 54,13,1
10520685,22/09/2020,04:45:00,3,1,4.0,3.0,KR 45-CL 209 02,11,1
10520896,22/09/2020,11:20:00,3,1,4.0,6.0,CL 64A-KR 113A 90,10,1
10520688,22/09/2020,16:30:00,3,1,4.0,10.0,KR 68B-CL 68 61,10,1
10520966,23/09/2020,01:35:00,3,1,4.0,6.0,CL 131-KR 102 16,11,1
10520757,23/09/2020,17:50:00,2,1,4.0,11.0,AV AVENIDA SUBA-CL 136 02,11,1
10520588,23/09/2020,22:42:00,2,1,4.0,10.0,AV AVENIDA BOYACA-CL 7A 2,8,1
10520616,23/09/2020,23:02:00,2,1,4.0,11.0,KR 7-CL 102 02,1,1
10521118,24/09/2020,09:14:00,3,1,4.0,6.0,KR 74-CL 138 69,11,1
10520954,24/09/2020,11:17:00,3,1,4.0,1.0,CL 101A-KR 1D S 2,5,1
10520891,24/09/2020,15:00:00,3,1,4.0,2.0,CL 72-KR 1 02,2,1
10520878,24/09/2020,15:26:00,2,1,4.0,6.0,KR 45-CL 134D 02,1,1
10520892,24/09/2020,18:40:00,3,1,4.0,10.0,CL 3B-KR 41 02,16,1
10520961,24/09/2020,18:40:00,3,1,4.0,3.0,CL 144-KR 7A 2,1,1
10521280,26/09/2020,09:30:00,3,1,4.0,6.0,KR 13-CL 155 02,1,1
10521434,26/09/2020,16:30:00,3,1,4.0,6.0,KR 72A-CL 56D S 03,7,1
10521213,26/09/2020,21:30:00,3,1,4.0,10.0,CL 114A-KR 58 65,11,1
10521382,27/09/2020,04:10:00,3,1,4.0,6.0,CL 67A-KR 17J S 05,19,1
10521111,27/09/2020,14:45:00,2,1,4.0,1.0,AV AVENIDA BOYACA-CL 71 15,10,1
10521405,27/09/2020,15:36:00,3,1,4.0,6.0,KR 69R-CL 77 02,10,1
10521131,27/09/2020,20:00:00,1,1,4.0,8.0,KR 68-CL 12B 02,16,1
10521343,28/09/2020,19:13:00,2,1,4.0,11.0,CL 26-KR 32 02,13,1
10521602,28/09/2020,23:45:00,3,1,4.0,2.0,TR 3B-CL 31 ES 02,4,1
10521709,29/09/2020,03:20:00,3,1,4.0,10.0,KR 80-CL 2 51,8,1
10521491,29/09/2020,11:00:00,2,1,4.0,11.0,KR 14-CL 38 S 88,18,1
10521636,30/09/2020,19:34:00,1,1,4.0,11.0,KR 27-CL 35B S 02,15,1
10521768,30/09/2020,22:25:00,3,1,4.0,10.0,CL 26-KR 71B 02,9,1
10522141,01/10/2020,12:30:00,3,1,4.0,10.0,KR 16-CL 185 02,1,1
10521977,01/10/2020,12:53:00,3,1,4.0,2.0,CL 26-KR 72 02,10,1
10522003,01/10/2020,14:36:00,3,1,4.0,10.0,DG 71B-KR 96 02,10,1
10522485,02/10/2020,18:35:00,3,1,4.0,10.0,CL 10-KR 16 16,14,1
10522982,02/10/2020,18:40:00,3,1,4.0,1.0,KR 3C-CL 40 ES 02,4,2
10521770,02/10/2020,22:40:00,1,1,4.0,4.0,AV AVENIDA CIRCUNVALAR-KR 59 02,2,1
10522056,03/10/2020,00:41:00,3,1,4.0,3.0,CL 161-KR 13B 2,1,2
10522417,03/10/2020,02:20:00,2,1,4.0,11.0,AV AVENIDA BOYACA-KR 51 02,10,1
10522322,03/10/2020,04:50:00,3,1,4.0,6.0,KR 121-CL 66B 02,10,2
10522580,03/10/2020,17:43:00,3,1,4.0,1.0,KR 81-CL 57C S 45,8,1
10522257,03/10/2020,22:40:00,2,1,4.0,1.0,CL 13-KR 68D 02,9,1
10522634,04/10/2020,02:32:00,2,1,4.0,6.0,CL 40A-KR 92B S 02,8,1
10522590,04/10/2020,04:08:00,3,1,4.0,6.0,CL 1-KR 24D S 02,15,1
10521869,04/10/2020,05:00:00,2,1,4.0,4.0,KR 10-CL 6 02,3,1
10522027,04/10/2020,06:22:00,2,1,4.0,4.0,AK 104-CL 137B 02,11,1
10522482,04/10/2020,15:45:00,3,1,4.0,6.0,KR 5B-CL 9 E 02,17,1
10522886,05/10/2020,20:30:00,3,1,4.0,1.0,CL 39-KR 73C S 85,8,1
10522659,05/10/2020,21:30:00,3,1,4.0,6.0,KR 16B-CL 56 S 02,6,1
10522730,05/10/2020,22:35:00,3,1,4.0,10.0,CL 13-KR 90 95,9,10
10523126,06/10/2020,07:42:00,3,1,4.0,6.0,CL 71-KR 76 30,10,1
10523057,06/10/2020,13:00:00,3,1,4.0,2.0,DG 64A-KR 43A S 02,19,1
10522555,06/10/2020,23:52:00,2,1,4.0,1.0,AV AVENIDA SUBA-AV AVENIDA BOYACA 2,8,1
10522133,07/10/2020,02:15:00,2,1,4.0,1.0,AV AVENIDA CIRCUNVALAR-CL 43 2,2,1
10523373,07/10/2020,17:00:00,3,1,4.0,10.0,CL 128B-KR 84A 10,11,1
10523274,07/10/2020,20:29:00,3,1,4.0,10.0,AV AVENIDA CIUDAD DE VILLAVICENCIO-CL 46A S 2,19,1
10522289,07/10/2020,22:26:00,2,1,4.0,10.0,KR 11-CL 42B ES 02,4,1
10523487,08/10/2020,01:30:00,3,1,4.0,1.0,KR 18R-CL 77B S 2,19,1
10523349,08/10/2020,08:17:00,3,1,4.0,10.0,CL 142A-KR 113C 50,11,2
10522512,08/10/2020,21:54:00,2,1,4.0,11.0,KR 17-CL 12 ES 09,4,1
10523806,09/10/2020,14:09:00,3,1,4.0,2.0,KR 10BIS-CL 63 ES 74,4,1
10522799,10/10/2020,05:35:00,2,1,4.0,1.0,KR 45-CL 200 02,11,1
10523486,10/10/2020,07:00:00,3,1,4.0,3.0,CL 80-KR 94 02,10,1
10522751,10/10/2020,11:30:00,1,1,4.0,10.0,CL 71BIS-KR 16F S 15,19,1
10522873,10/10/2020,18:30:00,2,1,4.0,11.0,CL 65F-KR 77G S 02,7,1
10523821,10/10/2020,21:30:00,3,1,4.0,6.0,CL 53-KR 35A S 02,6,2
10523592,11/10/2020,05:08:00,3,1,4.0,6.0,KR 72B-CL 2 20,8,1
10522788,11/10/2020,09:05:00,2,1,4.0,6.0,CL 83B-KR 94 23,10,1
10523604,11/10/2020,21:13:00,3,1,4.0,10.0,KR 11-CL 27A S 24,18,1
10524048,13/10/2020,10:05:00,3,1,4.0,10.0,KR 12-CL 128B 2,11,1
10524160,13/10/2020,11:17:00,3,1,4.0,10.0,KR 53F-CL 2 02,16,1
10524475,15/10/2020,20:30:00,3,1,4.0,1.0,KR 92-CL 130B 2,11,1
10523456,16/10/2020,01:42:00,2,1,4.0,8.0,KR 89B-CL 45A S 02,8,1
10524512,16/10/2020,05:10:00,3,1,4.0,10.0,CL 71B-KR 10 S 71,19,10
10523954,16/10/2020,13:30:00,2,1,4.0,1.0,CL 134-KR 12B 56,1,1
10524686,16/10/2020,18:58:00,3,1,4.0,11.0,AV AVENIDA CIRCUNVALAR-CL 22 02,3,1
10524017,17/10/2020,14:41:00,2,1,4.0,1.0,AC 80-KR 58 64,12,1
10524711,18/10/2020,04:24:00,3,1,4.0,4.0,AV AVENIDA CARACAS-CL 51 S 02,6,1
10524732,18/10/2020,14:00:00,3,1,4.0,10.0,KR 73-CL 57R S 24,19,10
10524757,18/10/2020,17:30:00,3,1,4.0,6.0,KR 112B-CL 22I 76,9,1
10524714,18/10/2020,19:55:00,3,1,4.0,1.0,CL 17-KR 87B 97,9,1
10524848,19/10/2020,13:00:00,2,1,4.0,6.0,KR 75D-CL 25 S 2,19,1
10524764,20/10/2020,03:24:00,3,1,4.0,10.0,CL 58A-KR 19C S 95,19,10
10524776,20/10/2020,08:30:00,3,1,4.0,2.0,CL 3-KR 36 78,16,1
10524773,20/10/2020,12:45:00,3,1,4.0,11.0,KR 93B-CL 32 S 02,8,1
10524733,20/10/2020,13:05:00,3,1,4.0,6.0,KR 10-CL 76 ES 25,5,1
10524737,20/10/2020,14:44:00,3,1,4.0,10.0,KR 8-CL 189 2,1,2
10524850,21/10/2020,16:30:00,2,1,4.0,7.0,KR 18D-CL 82B S 02,19,1
10524807,21/10/2020,17:21:00,3,1,4.0,8.0,CL 64-KR 4A 85,2,1
10524866,21/10/2020,22:00:00,3,1,4.0,10.0,KR 82A-CL 70B S 02,7,1
10524661,21/10/2020,22:13:00,2,1,4.0,1.0,AK 30-CL 93 45,1,1
10524993,22/10/2020,14:20:00,3,1,4.0,10.0,KR 47-CL 130 02,11,2
10524900,22/10/2020,22:06:00,3,1,4.0,10.0,CL 56A-KR 3C S 2,5,1
10524911,23/10/2020,04:45:00,1,1,4.0,1.0,DG 62D-KR 19A S 55,19,1
10524980,23/10/2020,11:45:00,3,1,4.0,6.0,DG 51A-KR 54B S 10,6,2
10524940,23/10/2020,23:50:00,3,1,4.0,3.0,KR 7-CL 155C 30,1,1
10524928,24/10/2020,00:05:00,2,1,4.0,1.0,TR 78C-CL 6BIS 2,8,1
10525096,24/10/2020,00:10:00,3,1,4.0,2.0,CL 75-KR 83 51,10,1
10525197,24/10/2020,03:36:00,3,1,4.0,11.0,CL 92-KR 11 02,2,2
10525029,24/10/2020,04:00:00,2,1,4.0,3.0,AV AVENIDA BOYACA-CL 67 S 02,19,1
10525046,24/10/2020,04:00:00,2,1,4.0,11.0,CL 105A-KR 7B SE 60,5,1
10525110,24/10/2020,06:30:00,3,1,4.0,6.0,KR 65-CL 55A S 02,7,1
10525132,24/10/2020,19:35:00,3,1,4.0,11.0,CL 26-KR 10 02,3,1
10525025,24/10/2020,23:46:00,2,1,4.0,11.0,CL 116-KR 53 60,11,1
10525077,25/10/2020,00:28:00,2,1,4.0,1.0,CL 82-KR 20 02,2,2
10525130,25/10/2020,10:02:00,3,1,4.0,2.0,KR 7-CL 126A 02,1,1
10525261,26/10/2020,08:15:00,3,1,4.0,4.0,CL 5A-KR 53G 02,16,1
10525273,26/10/2020,21:30:00,3,1,4.0,10.0,AV AVENIDA JORGE ELICER GAITAN-KR 112 09,9,10
10525323,27/10/2020,14:04:00,3,1,4.0,6.0,CL 9-TR 7 E 02,3,1
10525344,27/10/2020,15:30:00,3,1,4.0,4.0,CL 70G-KR 19 S 85,19,1
10525284,27/10/2020,18:00:00,2,1,4.0,10.0,CL 71A-KR 79 S 02,7,2
10525281,28/10/2020,06:50:00,2,1,4.0,10.0,KR 14-CL 96 S 33,5,1
10525348,28/10/2020,10:10:00,3,1,4.0,10.0,DG 97-KR 1 S 02,5,1
10525300,28/10/2020,10:13:00,2,1,4.0,10.0,AV AVENIDA PASEO LOS LIBERTADORES-CL 95 02,2,1
10525405,28/10/2020,17:40:00,3,1,4.0,1.0,CL 32B-KR 8F SE 07,4,1
10525431,29/10/2020,09:30:00,3,1,4.0,6.0,CL 137-KR 14 S 05,5,1
10525442,29/10/2020,12:00:00,3,1,4.0,6.0,CL 58-KR 71 23,10,10
10525447,29/10/2020,12:33:00,3,1,4.0,2.0,KR 20-CL 170 02,1,10
10525441,29/10/2020,16:29:00,3,1,4.0,10.0,KR 6-CL 83 02,2,1
10525456,29/10/2020,19:20:00,3,1,4.0,2.0,AV AVENIDA DEL SUR-AV AVENIDA CUIDAD DE VILLAVICENCIO 02,7,1
10525427,30/10/2020,02:00:00,3,1,4.0,6.0,KR 48-CL 124 69,11,10
10525502,30/10/2020,11:30:00,3,1,4.0,10.0,KR 69-CL 37B S 02,8,1
10525539,30/10/2020,12:40:00,3,1,4.0,10.0,KR 58C-CL 144 15,11,1
10525529,30/10/2020,13:23:00,3,1,4.0,1.0,KR 30-CL 26 02,13,4
10525472,30/10/2020,21:40:00,2,1,4.0,6.0,KR 9-CL 37 ES 18,4,1
10525561,31/10/2020,00:15:00,3,1,4.0,4.0,AC 17-KR 123 02,9,1
10525563,31/10/2020,02:20:00,3,1,4.0,1.0,AV AVENIDA BOYACA-CL 71 S 02,19,1
10525610,31/10/2020,08:00:00,2,1,4.0,2.0,KR 100-CL 52 S 02,7,2
10525868,31/10/2020,14:10:00,3,1,4.0,6.0,KR 22-CL 118 86,1,10
10525866,31/10/2020,14:57:00,3,1,4.0,2.0,DG 75-KR 4 02,3,2
10525704,01/11/2020,00:15:00,3,1,4.0,2.0,KR 80K-CL 82A S 25,7,1
10525647,01/11/2020,00:22:00,2,1,4.0,10.0,KR 45B-CL 68F S 39,19,1
10525618,01/11/2020,01:32:00,2,1,4.0,1.0,AV AVENIDA BOYACA-CL 116 02,11,1
10525616,01/11/2020,02:08:00,2,1,4.0,10.0,KR 6F-CL 90 ES 57,5,1
10525761,01/11/2020,08:51:00,3,1,4.0,10.0,CL 127-KR 13A 02,1,10
10525703,01/11/2020,21:10:00,3,1,4.0,1.0,AV AVENIDA BOYACA-CL 69A S 29,19,1
10525835,02/11/2020,03:16:00,3,1,4.0,1.0,AV AVENIDA CIUDAD DE CALI-CL 12 02,8,1
10525794,02/11/2020,11:14:00,2,1,4.0,4.0,KR 3-DG 92 02,2,1
10525688,03/11/2020,05:05:00,2,1,4.0,11.0,KR 7-CL 165 02,1,2
10525692,03/11/2020,06:53:00,2,1,4.0,2.0,KR 5-CL 31 S 02,4,2
10525877,03/11/2020,13:03:00,3,1,4.0,4.0,KR 3-CL 91 E 02,2,1
10528376,03/11/2020,13:56:00,3,1,4.0,2.0,CL 71-KR 87C S 37,7,1
10526038,03/11/2020,16:00:00,3,1,4.0,11.0,AK 30-CL 19 02,14,1
10526011,04/11/2020,10:20:00,3,1,4.0,10.0,CL 136-KR 18B 02,1,10
10526075,04/11/2020,12:30:00,3,1,4.0,2.0,CL 71A-KR 81G S 02,7,1
10525815,04/11/2020,14:21:00,2,1,4.0,5.0,AV AVENIDA CIUDAD DE CALI-CL 75BIS 02,10,1
10526040,04/11/2020,18:20:00,3,1,4.0,11.0,CL 74B-KR 68H 02,10,2
10526084,05/11/2020,01:54:00,3,1,4.0,1.0,CL 13-KR 42 10,16,1
10526164,06/11/2020,23:40:00,3,1,4.0,2.0,AV AVENIDA CIRCUNVALAR-CL 38 18,3,1
10526206,07/11/2020,13:38:00,3,1,4.0,1.0,CL 108A-KR 3 48,1,1
10526276,08/11/2020,01:00:00,3,1,4.0,8.0,CL 188A-KR 5 02,1,1
10526284,08/11/2020,07:05:00,3,1,4.0,11.0,CL 145-KR 94 02,11,1
10526360,08/11/2020,10:06:00,3,1,4.0,10.0,CL 75B-KR 16H S 56,19,1
10526261,08/11/2020,10:31:00,3,1,4.0,10.0,KR 112B-CL 77C 15,10,1
10526331,08/11/2020,21:30:00,1,1,4.0,8.0,KR 17B-CL 183 02,1,1
10526321,08/11/2020,22:05:00,2,1,4.0,4.0,AK 24-CL 67 02,12,1
10526300,09/11/2020,06:30:00,3,1,4.0,2.0,KR 35-CL 12 02,16,1
10526363,09/11/2020,17:30:00,3,1,4.0,10.0,TR 78L-CL 68A S 02,7,1
10526369,09/11/2020,18:30:00,2,1,4.0,4.0,CL 123-KR 4B 02,1,1
10526503,10/11/2020,14:00:00,3,1,4.0,2.0,KR 80BBIS-CL 59 S 15,7,1
10526450,11/11/2020,12:51:00,2,1,4.0,2.0,CL 145-KR 111 02,11,1
10526510,11/11/2020,13:44:00,3,1,4.0,10.0,CL 132-KR 123A 02,11,1
10526644,11/11/2020,17:29:00,2,1,4.0,11.0,CL 26-KR 40 02,13,1
10526592,11/11/2020,19:00:00,3,1,4.0,6.0,KR 7-CL 89 ES 02,5,1
10526620,12/11/2020,07:00:00,3,1,4.0,4.0,CL 17-KR 128 02,9,2
10526453,12/11/2020,09:26:00,2,1,4.0,3.0,DG 24C-KR 97 02,9,1
10526630,12/11/2020,13:32:00,3,1,4.0,2.0,KR 18QBISA-CL 65 S 02,19,2
10526545,12/11/2020,22:08:00,2,1,4.0,1.0,CL 104-KR 19 2,1,1
10526756,13/11/2020,00:21:00,3,1,4.0,1.0,CL 24C-TR 85G 02,9,2
10526755,13/11/2020,04:20:00,3,1,4.0,11.0,CL 104-KR 19 02,1,1
10526603,13/11/2020,11:40:00,3,1,4.0,10.0,CL 12B-KR 37 02,16,10
10526771,13/11/2020,11:50:00,3,1,4.0,2.0,KR 92A-CL 145 02,11,1
10526790,13/11/2020,12:35:00,3,1,4.0,4.0,KR 120-CL 78B 02,10,1
10526761,13/11/2020,14:40:00,3,1,4.0,10.0,CL 30-KR 34 S 25,15,1
10526584,14/11/2020,00:10:00,2,1,4.0,2.0,KR 69G-CL 38 S 02,8,1
10526795,14/11/2020,01:00:00,3,1,4.0,9.0,KR 7-CL 135 02,1,1
10526889,14/11/2020,10:15:00,3,1,4.0,2.0,DG 50-KR 11B SE 02,4,1
10526833,14/11/2020,15:34:00,3,1,4.0,8.0,CL 19-KR 28 02,14,1
10526666,14/11/2020,15:40:00,2,1,4.0,10.0,CL 36C-KR 9 SE 02,4,2
10526846,14/11/2020,18:18:00,3,1,4.0,10.0,KR 16-CL 79 50,2,1
10526913,14/11/2020,20:10:00,3,1,4.0,10.0,KR 66-CL 23 46,13,10
10526918,14/11/2020,21:40:00,2,1,4.0,10.0,KR 14-CL 4 02,14,2
10526817,14/11/2020,23:30:00,3,1,4.0,2.0,CL 27-KR 7 S 02,4,1
10526683,15/11/2020,00:45:00,2,1,4.0,11.0,AV AVENIDA PASEO DE LOS LIBERTADORES-CL 100 02,1,1
10526681,15/11/2020,05:30:00,2,1,4.0,11.0,AV AVENIDA CARACAS-CL 65 S 02,5,1
10526843,15/11/2020,12:51:00,3,1,4.0,2.0,AV AVENIDA BOYACA-CL 127C 02,11,1
10526816,15/11/2020,17:15:00,3,1,4.0,1.0,CL 73-KR 77M S 2,7,2
10526899,16/11/2020,00:25:00,3,1,4.0,2.0,AV AVENIDA DEL SUR-KR 75D 02,7,1
10526710,16/11/2020,19:20:00,2,1,4.0,2.0,DG 65GBISA-KR 78F S 02,7,2
10526982,16/11/2020,21:23:00,3,1,4.0,2.0,KR 24-CL 4B 59,14,2
10526975,17/11/2020,03:30:00,3,1,4.0,11.0,AC 17-KR 123A 02,9,2
10526996,17/11/2020,05:31:00,3,1,4.0,6.0,KR 21-CL 102 02,1,1
10526856,17/11/2020,09:40:00,2,1,4.0,6.0,CL 71C-KR 80J S 02,7,1
10527000,17/11/2020,19:50:00,3,1,4.0,2.0,CL 9-KR 2 02,3,2
10526997,18/11/2020,03:05:00,3,1,4.0,4.0,AV AVENIDA SUBA-AV AVENIDA BOYACA 02,11,4
10527109,19/11/2020,01:08:00,3,1,4.0,2.0,KR 112A-CL 72F 02,10,1
10527194,19/11/2020,13:40:00,3,1,4.0,2.0,TR 2-CL 39 02,3,1
10527044,19/11/2020,17:00:00,2,1,4.0,10.0,DG 72-TR 88A S 02,7,1
10527259,20/11/2020,11:00:00,3,1,4.0,2.0,KR 100A-CL 141 10,11,10
10527285,20/11/2020,12:00:00,3,1,4.0,2.0,CL 10-KR 40 02,16,1
10527334,20/11/2020,23:58:00,3,1,4.0,2.0,CL 70-KR 99 02,10,2
10527343,21/11/2020,00:48:00,3,1,4.0,10.0,CL 82-KR 11 75,2,10
10527345,21/11/2020,02:50:00,3,1,4.0,10.0,KR 65-CL 22A 43,13,10
10527298,21/11/2020,08:30:00,3,1,4.0,10.0,AV AVENIDA BOYACA-CL 23A 84,9,10
10527110,21/11/2020,14:18:00,2,1,4.0,10.0,KR 34D-CL 17B S 50,16,1
10527086,21/11/2020,15:42:00,1,1,4.0,11.0,CL 153-KR 45 02,11,1
10527396,21/11/2020,17:34:00,3,1,4.0,10.0,KR 128-CL 137 02,11,10
10527336,21/11/2020,18:30:00,3,1,4.0,2.0,KR 62-DG 50 S 02,6,2
10527206,22/11/2020,04:36:00,2,1,4.0,1.0,AV AVENIDA CARACAS-CL 139 S 02,5,1
10528040,22/11/2020,04:50:00,2,1,4.0,1.0,KR 68-CL 53 02,13,1
10527405,22/11/2020,05:30:00,3,1,4.0,10.0,KR 38-CL 62B S 02,19,1
10527155,22/11/2020,08:00:00,2,1,4.0,10.0,KR 77C-CL 60B S 63,19,1
10527314,22/11/2020,10:30:00,2,1,4.0,10.0,CL 92-KR 8 02,2,1
10527234,22/11/2020,14:00:00,2,1,4.0,4.0,KR 5-CL 115 ES 02,5,8
10527421,22/11/2020,16:00:00,3,1,4.0,2.0,CL 26-KR 103 02,9,1
10527324,23/11/2020,16:13:00,2,1,4.0,10.0,CL 17-KR 24H S 64,15,1
10527318,23/11/2020,16:40:00,2,1,4.0,1.0,AV AVENIDA CIUDAD DE QUITO-CL 93B 02,2,1
10527424,23/11/2020,18:45:00,3,1,4.0,10.0,KR 123-CL 15B 51,9,10
10527513,24/11/2020,11:57:00,3,1,4.0,10.0,KR 79C-CL 39A S 02,8,1
10527489,24/11/2020,20:05:00,3,1,4.0,10.0,TR 99BIS-CL 70A 02,10,10
10527675,25/11/2020,09:00:00,3,1,4.0,10.0,AV AVENIDA CIUDAD DE VILLAVICENCIO-KR 57 S 02,6,1
10527784,25/11/2020,12:40:00,3,1,4.0,2.0,KR 111A-CL 75C 26,10,1
10527736,25/11/2020,16:00:00,2,1,4.0,1.0,KR 111B-CL 64D 02,10,1
10527461,25/11/2020,18:37:00,2,1,4.0,11.0,CL 80-KR 118 02,10,1
10527789,26/11/2020,08:30:00,3,1,4.0,2.0,CL 128-KR 90C 02,11,1
10527621,26/11/2020,11:23:00,3,1,4.0,6.0,CL 136A-KR 152 77,11,1
10527629,26/11/2020,16:11:00,2,1,4.0,8.0,CL 170-KR 8 65,1,1
10527734,26/11/2020,16:25:00,3,1,4.0,10.0,DG 48F-TR 5L S 02,18,1
10527891,27/11/2020,13:30:00,3,1,4.0,10.0,CL 9A-KR 60 02,16,10
10527957,27/11/2020,13:52:00,3,1,4.0,8.0,CL 33-KR 6B 67,3,10
10527872,27/11/2020,18:30:00,3,1,4.0,2.0,CL 18-KR 12 SE 02,4,1
10527630,27/11/2020,21:20:00,2,1,4.0,11.0,AV AVENIDA DE LAS AMERICAS-KR 78 02,8,1
10527966,28/11/2020,02:08:00,1,1,4.0,11.0,AV AVENIDA BOYACA-KR 33 65,6,1
10527813,28/11/2020,02:10:00,3,1,4.0,9.0,KR 68-CL 38 S 02,16,1
10527826,28/11/2020,04:14:00,3,1,4.0,1.0,KR 10-CL 17 S 02,4,2
10533516,28/11/2020,08:15:00,3,1,4.0,16.0,CL 56 A AS- KR 78 P S 33,8,1
10527913,28/11/2020,09:42:00,2,1,4.0,8.0,KR 14-CL 32 S 02,18,1
10527918,28/11/2020,10:44:00,3,1,4.0,6.0,KR 11BIS-CL 2 ES 02,3,1
10527895,28/11/2020,11:30:00,3,1,4.0,2.0,KR 103D-CL 139 02,11,1
10527923,28/11/2020,19:45:00,3,1,4.0,11.0,KR 45-CL 100 02,1,1
10533513,28/11/2020,19:49:00,3,1,4.0,15.0,KR 116 B - CL 77 B  02,10,10
10527892,28/11/2020,20:14:00,3,1,4.0,3.0,CL 121-KR 11A 02,1,2
10533515,28/11/2020,20:22:00,3,1,4.0,15.0,KR 94 C - CL 136  02,11,1
10527869,28/11/2020,22:33:00,3,1,4.0,10.0,AV AVENIDA BOYACA-CL 128 02,11,1
10527885,28/11/2020,23:05:00,2,1,4.0,10.0,CL 65A-KR 11A S 74,4,1
10527911,29/11/2020,03:40:00,3,1,4.0,11.0,CL 171-KR 111 02,11,1
10527976,29/11/2020,04:58:00,3,1,4.0,6.0,CL 28-KR 25 S 02,18,2
10527971,29/11/2020,19:25:00,2,1,4.0,4.0,CL 103B-KR 51 02,11,2
10527764,29/11/2020,22:44:00,2,1,4.0,2.0,AV AVENIDA BOYACA-CL 40 S 80,8,1
10527716,29/11/2020,23:10:00,1,1,4.0,11.0,TR 113-DG 66 96,10,1
10528006,30/11/2020,10:50:00,2,1,4.0,2.0,KR 75-CL 162 02,11,1
10527992,30/11/2020,12:56:00,3,1,4.0,2.0,KR 16-CL 18 S 02,15,2
10528350,30/11/2020,18:10:00,3,1,4.0,2.0,KR 12BBIS-CL 28H ES 04,4,1
10528361,01/12/2020,11:23:00,3,1,4.0,6.0,KR 18L-CL 67 S 06,19,1
10528186,01/12/2020,15:01:00,3,1,4.0,6.0,KR 7-CL 140 08,1,10
10528105,01/12/2020,17:17:00,2,1,4.0,6.0,DG 2-KR 80B 02,8,3
10528174,01/12/2020,23:10:00,3,1,4.0,10.0,TR 73A-DG 82C 09,10,1
10528180,02/12/2020,01:10:00,3,1,4.0,2.0,CL 64-KR 21A S 02,19,1
10528321,02/12/2020,14:33:00,3,1,4.0,6.0,KR 3-CL 49D S 36,18,1
10528341,03/12/2020,17:20:00,3,1,4.0,2.0,AC 82-KR 9 65,2,10
10528124,03/12/2020,20:50:00,2,1,4.0,11.0,CL 22-KR 13 S 02,15,1
10528399,03/12/2020,21:49:00,3,1,4.0,10.0,KR 26-CL 11 26,14,10
10528272,04/12/2020,03:00:00,2,1,4.0,1.0,CL 26-KR 33 50,13,1
10528405,04/12/2020,12:23:00,3,1,4.0,10.0,KR 74-CL 163 02,11,1
10528385,04/12/2020,13:30:00,3,1,4.0,10.0,CL 25D-KR 96 72,9,1
10528209,04/12/2020,23:30:00,2,1,4.0,6.0,KR 1B-CL 38D S 16,4,1
10528164,05/12/2020,01:50:00,1,1,4.0,11.0,AC 13-KR 38 25,16,1
10528563,05/12/2020,02:46:00,3,1,4.0,8.0,CL 53-KR 36A 02,13,1
10533590,05/12/2020,04:30:00,3,1,4.0,16.0,CL 127 - KR 11 C  02,1,1
10528625,05/12/2020,10:15:00,3,1,4.0,11.0,KR 30-CL 22A 02,16,1
10528260,06/12/2020,00:44:00,2,1,4.0,10.0,KR 80-CL 48A S 57,8,1
10528309,06/12/2020,03:57:00,2,1,4.0,11.0,AV AVENIDA CARACAS-KR 36 S 02,18,1
10528596,06/12/2020,04:12:00,3,1,4.0,2.0,KR 18R-CL 61B S 34,19,1
10528196,06/12/2020,04:45:00,1,1,4.0,10.0,KR 80-CL 2 04,8,1
10528653,06/12/2020,05:08:00,3,1,4.0,8.0,CL 6-KR 37 78,16,1
10528640,06/12/2020,12:45:00,3,1,4.0,6.0,CL 81F-KR 18D S 02,19,1
10533586,06/12/2020,14:00:00,3,1,4.0,7.0,KR 9 - CL 2 A  02,3,1
10528698,07/12/2020,08:30:00,3,1,4.0,6.0,CL 1A-KR 72 S 29,8,10
10528693,07/12/2020,08:45:00,3,1,4.0,2.0,DG 4A-TR 7 E 10,3,1
10528699,07/12/2020,09:20:00,3,1,4.0,1.0,KR 101A-CL 152A 19,11,1
10528680,07/12/2020,12:04:00,3,1,4.0,11.0,KR 8-CL 112 S 02,5,1
10528569,07/12/2020,12:29:00,2,1,4.0,4.0,DG 68D-KR 71B S 02,19,1
10528330,07/12/2020,12:54:00,2,1,4.0,11.0,KR 45-CL 183 02,1,1
10528740,08/12/2020,01:07:00,3,1,4.0,2.0,CL 58-KR 18A S 02,6,1
10528734,08/12/2020,02:50:00,3,1,4.0,3.0,CL 134-KR 51 02,11,1
10528452,08/12/2020,05:00:00,2,1,4.0,11.0,AV AVENIDA DE LAS AMERICAS-KR 78A 02,8,1
10528848,08/12/2020,06:46:00,2,1,4.0,10.0,AC 26-KR 71B 02,10,4
10528728,08/12/2020,09:00:00,3,1,4.0,3.0,CL 80-KR 74 02,10,1
10528717,08/12/2020,11:40:00,3,1,4.0,10.0,CL 45-KR 6 02,2,10
10528696,08/12/2020,15:40:00,3,1,4.0,10.0,CL 63-KR 105I 22,10,1
10528478,08/12/2020,17:30:00,2,1,4.0,6.0,KR 15-CL 17A 20,14,1
10529347,09/12/2020,20:10:00,3,1,4.0,1.0,KR 7-CL 222 02,1,1
10528817,11/12/2020,04:00:00,2,1,4.0,11.0,CL 51-KR 6A S 02,6,1
10528879,11/12/2020,06:28:00,2,1,4.0,6.0,CL 23D-KR 82 02,9,2
10528984,11/12/2020,11:54:00,3,1,4.0,6.0,CL 145-KR 91 19,11,10
10529044,11/12/2020,19:17:00,3,1,4.0,4.0,KR 20-CL 90 02,2,1
10529017,12/12/2020,01:18:00,3,1,4.0,2.0,KR 3-CL 91 E 02,2,1
10529058,12/12/2020,04:55:00,3,1,4.0,11.0,CL 80-KR 89 02,10,1
10529062,12/12/2020,13:52:00,2,1,4.0,10.0,CL 64-KR 3 44,2,1
10529146,12/12/2020,16:43:00,3,1,4.0,10.0,CL 116-KR 16C 02,1,2
10529116,12/12/2020,20:00:00,3,1,4.0,6.0,CL 53-KR 11A S 02,6,1
10528800,13/12/2020,02:25:00,1,1,4.0,11.0,AV AVENIDA DEL SUR-CL 12 S 38,16,1
10529143,13/12/2020,03:30:00,3,1,4.0,2.0,KR 30-CL 68 02,12,1
10528835,13/12/2020,06:10:00,2,1,4.0,2.0,CL 64-KR 24 S 02,19,2
10529215,13/12/2020,17:04:00,3,1,4.0,10.0,CL 9-KR 79C 02,8,1
10528926,13/12/2020,20:33:00,2,1,4.0,3.0,CL 90A-KR 95 67,10,1
10529133,13/12/2020,21:30:00,3,1,4.0,6.0,KR 12A-CL 145A 02,1,10
10529301,14/12/2020,05:00:00,3,1,4.0,6.0,CL 2D-KR 42 05,16,1
10529175,15/12/2020,13:34:00,2,1,4.0,11.0,CL 80-TR 96 02,10,1
10529396,15/12/2020,14:30:00,3,1,4.0,10.0,AV AVENIDA BOYACA-CL 147B 02,11,1
10529316,15/12/2020,19:50:00,3,1,4.0,10.0,CL 27-KR 10 S 02,18,1
10529291,15/12/2020,21:25:00,3,1,4.0,10.0,KR 13-CL 140 50,1,1
10529321,16/12/2020,00:10:00,3,1,4.0,6.0,KR 7A-CL 68B S 58,5,1
10529198,16/12/2020,08:17:00,2,1,4.0,6.0,CL 72A-KR 93 02,10,1
10529378,16/12/2020,10:40:00,3,1,4.0,2.0,KR 73A-CL 55 02,10,2
10529420,16/12/2020,13:11:00,3,1,4.0,10.0,CL 116-KR 71 02,11,1
10529429,16/12/2020,20:47:00,2,1,4.0,2.0,KR 13-CL 8 02,3,1
10529307,16/12/2020,23:10:00,3,1,4.0,1.0,DG 38A-TR 23 S 02,18,1
10529209,16/12/2020,23:33:00,2,1,4.0,2.0,AV AVENIDA CIUDAD DE CALI-CL 13 02,8,1
10529207,17/12/2020,00:30:00,3,1,4.0,2.0,CL 25G-KR 85B 02,9,1
10529408,17/12/2020,12:28:00,3,1,4.0,10.0,KR 60-CL 9 02,16,1
10529413,17/12/2020,12:29:00,3,1,4.0,10.0,KR 35-CL 12 02,16,10
10529516,18/12/2020,12:50:00,3,1,4.0,10.0,CL 20-KR 104 02,9,2
10529578,18/12/2020,16:40:00,3,1,4.0,10.0,CL 139-KR 3 S 02,5,1
10529599,18/12/2020,18:00:00,3,1,4.0,10.0,KR 97C-CL 71 S 30,7,1
10529470,18/12/2020,21:30:00,3,1,4.0,10.0,CL 17-KR 81A 07,9,10
10529493,19/12/2020,03:10:00,3,1,4.0,11.0,CL 170-KR 54A 02,11,1
10529703,19/12/2020,07:00:00,3,1,4.0,6.0,KR 119F-CL 127 12,11,1
10529518,19/12/2020,22:55:00,3,1,4.0,2.0,KR 74-CL 139 33,11,1
10529747,20/12/2020,06:08:00,3,1,4.0,2.0,AV AVENIDA BOYACA-CL 145 02,11,1
10529683,20/12/2020,07:40:00,3,1,4.0,11.0,CL 19-KR 19 02,14,2
10530060,20/12/2020,17:30:00,3,1,4.0,10.0,KR 68G-CL 74B 02,10,1
10529787,21/12/2020,08:37:00,3,1,4.0,2.0,KR 3-CL 50 S 36,18,1
10529820,21/12/2020,19:11:00,3,1,4.0,1.0,KR 10-CL 72 02,2,10
10529654,21/12/2020,21:17:00,2,1,4.0,11.0,AK 68-CL 53 02,13,2
10529899,22/12/2020,06:22:00,3,1,4.0,3.0,KR 72JBIS-CL 37B S 22,8,1
10529855,22/12/2020,10:50:00,2,1,4.0,10.0,CL 26-KR 87A S 22,8,1
10529862,22/12/2020,21:40:00,3,1,4.0,10.0,KR 96B-CL 16H 70,9,1
10530084,23/12/2020,06:59:00,3,1,4.0,7.0,KR 80-CL 63 S 02,7,1
10529829,23/12/2020,14:25:00,3,1,4.0,10.0,KR 24-CL 53 02,13,1
10530051,23/12/2020,20:10:00,3,1,4.0,10.0,KR 122A-CL 64 02,10,1
10529974,24/12/2020,01:20:00,2,1,4.0,10.0,CL 31F-KR 1 S 49,4,1
10529959,24/12/2020,02:29:00,2,1,4.0,11.0,CL 17-KR 120 02,9,2
10529886,24/12/2020,04:00:00,2,1,4.0,10.0,TR 56A-CL 78 70,12,1
10530255,24/12/2020,05:30:00,3,1,4.0,2.0,KR 16-CL 86 ES 02,5,1
10530212,24/12/2020,11:00:00,3,1,4.0,2.0,KR 84C-CL 117F 02,11,1
10530223,24/12/2020,18:20:00,3,1,4.0,10.0,KR 70F-CL 99A 02,11,1
10529994,25/12/2020,00:00:00,2,1,4.0,10.0,KR 62-CL 162B 04,11,1
10530013,25/12/2020,15:39:00,2,1,4.0,11.0,CL 17-KR 80 02,9,1
10529992,25/12/2020,16:01:00,2,1,4.0,1.0,CL 26-KR 27A 02,13,5
10529988,26/12/2020,02:00:00,2,1,4.0,1.0,KR 27H-CL 72C 02,19,1
10530162,26/12/2020,07:30:00,3,1,4.0,1.0,KR 45-CL 116 02,1,1
10530089,26/12/2020,08:00:00,2,1,4.0,10.0,KR 87-CL 48 S 02,8,1
10530198,26/12/2020,13:00:00,3,1,4.0,1.0,KR 13-CL 48 47,2,10
10530243,26/12/2020,18:49:00,3,1,4.0,10.0,KR 129-CL 132 02,11,1
10530254,26/12/2020,19:07:00,3,1,4.0,11.0,AV AVENIDA BOYACA-CL 116 02,11,2
10529960,26/12/2020,21:45:00,1,1,4.0,11.0,CL 80-KR 86 36,10,2
10530185,27/12/2020,00:15:00,3,1,4.0,3.0,KR 11A-CL 121 02,1,1
10533536,27/12/2020,08:26:00,3,1,4.0,16.0,KR 11 - CL 142  02,1,1
10530297,27/12/2020,12:30:00,3,1,4.0,10.0,KR 10-CL 9 02,3,10
10530126,28/12/2020,05:20:00,3,1,4.0,6.0,CL 76ABIS-KR 16H S 82,19,1
10530318,28/12/2020,07:20:00,3,1,4.0,2.0,CL 74A-KR 28C 02,12,1
10530113,28/12/2020,13:24:00,3,1,4.0,1.0,KR 54-CL 150A 02,11,2
10530242,28/12/2020,14:00:00,3,1,4.0,9.0,CL 43B-KR 8 SE 02,4,1
10530219,28/12/2020,19:41:00,3,1,4.0,3.0,KR 60-CL 64 02,12,1
10530245,28/12/2020,19:45:00,3,1,4.0,6.0,CL 41B-KR 19 S 13,18,1
10530279,28/12/2020,19:54:00,3,1,4.0,10.0,KR 78K-CL 38C S 41,8,1
10530314,29/12/2020,18:50:00,3,1,4.0,6.0,CL 21-KR 102 02,9,1
10530376,30/12/2020,11:28:00,3,1,4.0,3.0,AV AVENIDA PASEO DE LOS LIBERTADORES-CL 215 02,1,1
10530358,31/12/2020,00:17:00,3,1,4.0,1.0,KR 50-CL 5A 02,16,2
10530420,31/12/2020,13:27:00,2,1,4.0,10.0,KR 16C-CL 65 13,19,1
10530454,31/12/2020,17:00:00,3,1,4.0,10.0,AV AVENIDA SUBA-CL 91 02,11,1
